scene,camera,profile,delta_psnr_vs_standard,delta_ssim_vs_standard,delta_lpips_vs_standard,guard_risky_gaussians,guard_repaired_gaussians,guard_dropped_gaussians,guard_quantized_non_psd_before,guard_final_non_psd,guard_raw_kvp,guard_final_kvp
bicycle,1,wide_control,-0.0158576965332031,-0.0002443194389343,-0.0003640949726104,1485,0,0,2,2,1128731,1128731
bicycle,1,eigen_floor,-0.0315666198730468,-0.0007644295692443,-0.0005903840065002,1485,1485,0,435,0,1128731,1128799
bicycle,1,integer_pd,-0.0312767028808593,-0.0007794499397277,-0.0005780458450317,1485,435,0,435,0,1128731,1128991
bicycle,1,opacity_prune,-0.3260555267333984,-0.005517303943634,-0.0012800097465515,1485,0,1485,435,0,1128731,1122145
bicycle,1,no_guard,-0.0412139892578125,-0.0009101629257202,-0.0006236732006072,1485,0,0,435,435,1128731,1128731
bicycle,2,wide_control,-0.015115737915039,-0.0004567503929138,-0.0003211498260498,2202,0,0,3,3,1010691,1010691
bicycle,2,eigen_floor,-0.0614395141601562,-0.0008341073989868,-0.0003829598426818,2202,2202,0,616,0,1010691,1007264
bicycle,2,integer_pd,-0.0559310913085937,-0.0007707476615905,-0.0003847479820251,2202,616,0,616,0,1010691,1007360
bicycle,2,opacity_prune,-0.1134986877441406,-0.0014443397521972,-0.0004458129405975,2202,0,2202,616,0,1010691,1005678
bicycle,2,no_guard,0.03668212890625,-0.0013364553451538,0.0023934841156005,2202,0,0,616,616,1010691,1010691
bicycle,3,wide_control,-0.0110130310058593,-0.000359833240509,-0.0005539059638977,1750,0,0,4,4,1045093,1045093
bicycle,3,eigen_floor,-0.025033950805664,-0.0005781054496765,-0.0003764927387237,1750,1750,0,532,0,1045093,1044806
bicycle,3,integer_pd,-0.0247421264648437,-0.0005760788917541,-0.0003806352615356,1750,532,0,532,0,1045093,1044905
bicycle,3,opacity_prune,-0.0989055633544921,-0.0008968710899353,-0.0004711151123046,1750,0,1750,532,0,1045093,1042838
bicycle,3,no_guard,-0.0882720947265625,-0.0011911988258361,-0.0002869665622711,1750,0,0,532,532,1045093,1045093
bicycle,4,wide_control,-0.0243701934814453,-0.0003496408462524,-0.0004461407661437,1941,0,0,3,3,936091,936091
bicycle,4,eigen_floor,-0.0221424102783203,-0.0003482699394226,-0.0003533065319061,1941,1941,0,532,0,936091,935604
bicycle,4,integer_pd,-0.021432876586914,-0.000353455543518,-0.0003475248813629,1941,532,0,532,0,936091,935746
bicycle,4,opacity_prune,-0.0599632263183593,-0.0007789731025695,-0.0004320442676544,1941,0,1941,532,0,936091,934438
bicycle,4,no_guard,0.0081691741943359,-0.0016438364982604,0.0001617670059204,1941,0,0,532,532,936091,936091
bicycle,5,wide_control,-0.0256824493408203,-0.0005056858062744,-0.0001932382583618,1738,0,0,2,2,904558,904558
bicycle,5,eigen_floor,0.0023765563964843,-0.0001925826072692,-0.0001015961170196,1738,1738,0,423,0,904558,904240
bicycle,5,integer_pd,-0.0956382751464843,-0.00077486038208,5.072355270385742e-05,1738,423,0,423,0,904558,906586
bicycle,5,opacity_prune,0.0023765563964843,-0.0001925826072692,-0.0001015961170196,1738,0,1738,423,0,904558,904240
bicycle,5,no_guard,0.0012016296386718,-0.0001749396324157,-0.0001159608364105,1738,0,0,423,423,904558,904558
bicycle,6,wide_control,-0.0220623016357421,-0.0003845691680908,-0.0002571642398834,1654,0,0,4,4,1005808,1005808
bicycle,6,eigen_floor,-0.0223770141601562,-0.0006774067878723,-6.639957427978516e-05,1654,1654,0,545,0,1005808,1006240
bicycle,6,integer_pd,-0.0223770141601562,-0.0006774067878723,-6.639957427978516e-05,1654,545,0,545,0,1005808,1006240
bicycle,6,opacity_prune,-0.0243206024169921,-0.000575840473175,-0.0001647174358367,1654,0,1654,545,0,1005808,1005028
bicycle,6,no_guard,-0.022979736328125,-0.0006590485572814,-9.846687316894533e-05,1654,0,0,545,545,1005808,1005808
bicycle,7,wide_control,-0.020721435546875,-0.0002621412277221,-0.0003005862236022,1604,0,0,3,3,954119,954119
bicycle,7,eigen_floor,-0.158121109008789,-0.0006915926933288,-0.0004507899284362,1604,1604,0,505,0,954119,951784
bicycle,7,integer_pd,-0.2384891510009765,-0.0019075870513916,-0.0003867149353027,1604,505,0,505,0,954119,954444
bicycle,7,opacity_prune,-0.2155361175537109,-0.0007556676864624,-0.0005945563316345,1604,0,1604,505,0,954119,949933
bicycle,7,no_guard,-0.1383342742919922,-0.0009042024612426,-0.000266671180725,1604,0,0,505,505,954119,954119
bicycle,8,wide_control,-0.0092620849609375,-0.0002045035362243,-0.0003775060176849,1759,0,0,2,2,859907,859907
bicycle,8,eigen_floor,-0.0416831970214843,-0.000693142414093,-0.0005518496036529,1759,1759,0,549,0,859907,858713
bicycle,8,integer_pd,-0.0345020294189453,-0.0005740523338317,-0.000569999217987,1759,549,0,549,0,859907,859441
bicycle,8,opacity_prune,-0.019073486328125,-0.0006677508354187,-0.000701904296875,1759,0,1759,549,0,859907,857523
bicycle,8,no_guard,-0.0390396118164062,-0.0006556510925292,-0.0004668831825256,1759,0,0,549,549,859907,859907
bicycle,9,wide_control,-0.004486083984375,-0.0001369714736938,-0.0004094839096069,1991,0,0,5,5,944467,944467
bicycle,9,eigen_floor,0.0026969909667968,-0.0002253055572509,-2.828240394592285e-05,1991,1991,0,552,0,944467,945087
bicycle,9,integer_pd,0.0056915283203125,-0.0002869963645935,-3.990530967712402e-05,1991,552,0,552,0,944467,945175
bicycle,9,opacity_prune,-0.0019912719726562,-0.0001636147499084,-8.910894393920898e-06,1991,0,1991,552,0,944467,944392
bicycle,9,no_guard,0.0023994445800781,-0.0003933310508728,-6.687641143798828e-05,1991,0,0,552,552,944467,944467
bicycle,10,wide_control,-0.0006313323974609,1.2278556823730469e-05,-0.0004719197750091,2200,0,0,3,3,952605,952605
bicycle,10,eigen_floor,-0.0226898193359375,-0.0002497434616088,-0.0003549754619598,2200,2200,0,629,0,952605,951149
bicycle,10,integer_pd,-0.0566082000732421,-0.0011172890663146,-0.0004412531852722,2200,629,0,629,0,952605,953905
bicycle,10,opacity_prune,-0.0834388732910156,-0.0004838705062866,-0.0005778074264526,2200,0,2200,629,0,952605,945246
bicycle,10,no_guard,-0.0178413391113281,-0.0002270936965942,-0.0003639161586761,2200,0,0,629,629,952605,952605
bicycle,11,wide_control,0.0073509216308593,-2.1696090698242188e-05,-0.0004699528217315,1774,0,0,2,2,860113,860113
bicycle,11,eigen_floor,-0.0297126770019531,-0.000584602355957,-0.0001502335071563,1774,1774,0,431,0,860113,857524
bicycle,11,integer_pd,-0.0219917297363281,-0.0006734132766723,-0.0001159310340881,1774,431,0,431,0,860113,858036
bicycle,11,opacity_prune,-0.032745361328125,-0.0005556344985961,-0.0001648068428039,1774,0,1774,431,0,860113,856918
bicycle,11,no_guard,-0.0128326416015625,-0.0005882382392883,-0.000159740447998,1774,0,0,431,431,860113,860113
bicycle,12,wide_control,-0.00677490234375,0.0001258254051208,-0.0003926753997802,1564,0,0,1,1,917955,917955
bicycle,12,eigen_floor,-0.0163516998291015,-0.0003573298454284,-0.0002234578132629,1564,1564,0,394,0,917955,915242
bicycle,12,integer_pd,-0.0163516998291015,-0.0003573298454284,-0.0002234578132629,1564,394,0,394,0,917955,915242
bicycle,12,opacity_prune,-0.0163516998291015,-0.0003573298454284,-0.0002234578132629,1564,0,1564,394,0,917955,915242
bicycle,12,no_guard,-0.0175247192382812,-0.0003469586372375,-0.0002418756484985,1564,0,0,394,394,917955,917955
bicycle,13,wide_control,-0.01763916015625,-0.0002890229225158,-0.0002590417861938,1734,0,0,1,1,904862,904862
bicycle,13,eigen_floor,-0.024881362915039,-0.000446081161499,-1.2993812561035156e-05,1734,1734,0,536,0,904862,904945
bicycle,13,integer_pd,0.052103042602539,-0.00031578540802,0.0002603828907012,1734,536,0,536,0,904862,906562
bicycle,13,opacity_prune,-0.0367279052734375,-0.0003384947776794,-2.086162567138672e-05,1734,0,1734,536,0,904862,903964
bicycle,13,no_guard,0.0138759613037109,-0.0003963112831115,0.0001263618469238,1734,0,0,536,536,904862,904862
bicycle,14,wide_control,-0.0129814147949218,-0.000178575515747,-0.0003505945205688,1652,0,0,0,0,811969,811969
bicycle,14,eigen_floor,-0.0532436370849609,-0.000538170337677,-4.881620407104492e-05,1652,1652,0,496,0,811969,811058
bicycle,14,integer_pd,-0.0532436370849609,-0.000538170337677,-4.881620407104492e-05,1652,496,0,496,0,811969,811058
bicycle,14,opacity_prune,-0.05340576171875,-0.0005373358726501,-4.404783248901367e-05,1652,0,1652,496,0,811969,810915
bicycle,14,no_guard,-0.0425548553466796,-0.0005263686180114,2.9325485229492188e-05,1652,0,0,496,496,811969,811969
bicycle,15,wide_control,-0.0053577423095703,-0.0004286766052246,-0.0005303621292114,2305,0,0,6,6,906542,906542
bicycle,15,eigen_floor,-0.003814697265625,-0.0005547404289245,-0.0001810193061828,2305,2305,0,660,0,906542,903720
bicycle,15,integer_pd,-0.003814697265625,-0.0005547404289245,-0.0001810193061828,2305,660,0,660,0,906542,903720
bicycle,15,opacity_prune,-0.0089359283447265,-0.0021955966949462,-0.0002350211143493,2305,0,2305,660,0,906542,900273
bicycle,15,no_guard,-0.1114730834960937,-0.0011864900588989,-2.199411392211914e-05,2305,0,0,660,660,906542,906542
bicycle,16,wide_control,-0.006601333618164,-0.0002458095550537,-0.0002796351909637,1822,0,0,1,1,766614,766614
bicycle,16,eigen_floor,-0.0222148895263671,-0.0008453130722045,-2.5570392608642575e-05,1822,1822,0,415,0,766614,765766
bicycle,16,integer_pd,-0.032318115234375,-0.0010344386100769,-2.944469451904297e-05,1822,415,0,415,0,766614,765922
bicycle,16,opacity_prune,-0.0222148895263671,-0.0008453130722045,-2.5570392608642575e-05,1822,0,1822,415,0,766614,765766
bicycle,16,no_guard,-0.0335922241210937,-0.0003706812858581,-0.0004788339138031,1822,0,0,415,415,766614,766614
bicycle,17,wide_control,-0.0236339569091796,-0.0003303289413452,-0.000275045633316,2013,0,0,3,3,933454,933454
bicycle,17,eigen_floor,-0.0252132415771484,-0.0004473328590393,-0.0001079738140106,2013,2013,0,617,0,933454,933829
bicycle,17,integer_pd,-0.0252132415771484,-0.0004473328590393,-0.0001079738140106,2013,617,0,617,0,933454,933829
bicycle,17,opacity_prune,-0.0252132415771484,-0.0004473328590393,-0.0001079738140106,2013,0,2013,617,0,933454,933829
bicycle,17,no_guard,-0.0256366729736328,-0.0004907250404357,-0.0001187622547149,2013,0,0,617,617,933454,933454
bicycle,18,wide_control,-0.0284595489501953,-0.0003674030303955,-0.000101625919342,1853,0,0,6,6,882677,882677
bicycle,18,eigen_floor,-0.0200099945068359,-0.0005802512168884,4.589557647705078e-06,1853,1853,0,629,0,882677,882812
bicycle,18,integer_pd,-0.0200099945068359,-0.0005802512168884,4.589557647705078e-06,1853,629,0,629,0,882677,882812
bicycle,18,opacity_prune,-0.0241622924804687,-0.0006772875785827,1.6987323760986328e-05,1853,0,1853,629,0,882677,881842
bicycle,18,no_guard,-0.0228824615478515,-0.0005956292152404,5.4836273193359375e-06,1853,0,0,629,629,882677,882677
bicycle,19,wide_control,-0.0227851867675781,-0.0003730654716491,-0.0003113150596618,1599,0,0,4,4,771787,771787
bicycle,19,eigen_floor,0.00335693359375,-0.0005081295967102,5.0067901611328125e-06,1599,1599,0,419,0,771787,771719
bicycle,19,integer_pd,0.0033683776855468,-0.0005080103874206,5.036592483520508e-06,1599,419,0,419,0,771787,771737
bicycle,19,opacity_prune,0.00335693359375,-0.0005081295967102,5.0067901611328125e-06,1599,0,1599,419,0,771787,771719
bicycle,19,no_guard,-0.1184062957763671,-0.0008918642997741,0.0002894401550292,1599,0,0,419,419,771787,771787
bicycle,20,wide_control,-0.0157432556152343,-0.0004776120185852,-0.000196635723114,2609,0,0,7,7,887429,887429
bicycle,20,eigen_floor,-0.0010719299316406,-0.000277817249298,1.6957521438598633e-05,2609,2609,0,789,0,887429,887623
bicycle,20,integer_pd,-0.002603530883789,-0.0003873109817504,1.3560056686401367e-05,2609,789,0,789,0,887429,887809
bicycle,20,opacity_prune,-0.0139923095703125,-0.0007043480873107,3.069639205932617e-06,2609,0,2609,789,0,887429,884364
bicycle,20,no_guard,-0.0009422302246093,-0.0002464056015014,2.443790435791016e-05,2609,0,0,789,789,887429,887429
bicycle,21,wide_control,-0.0185432434082031,-0.0002773404121398,-0.0003854036331176,2259,0,0,2,2,765140,765140
bicycle,21,eigen_floor,-0.0490226745605468,-0.0006565451622009,2.250075340270996e-05,2259,2259,0,619,0,765140,762457
bicycle,21,integer_pd,-0.0440597534179687,-0.000598132610321,2.0772218704223636e-05,2259,619,0,619,0,765140,762997
bicycle,21,opacity_prune,-0.0445804595947265,-0.0006489753723144,2.1517276763916016e-05,2259,0,2259,619,0,765140,762181
bicycle,21,no_guard,-0.0459403991699218,-0.000648021697998,2.3245811462402344e-05,2259,0,0,619,619,765140,765140
bicycle,22,wide_control,-0.0257110595703125,-0.0003647804260253,-0.0002270340919494,2289,0,0,2,2,888157,888157
bicycle,22,eigen_floor,-0.0344772338867187,-0.0006639957427978,0.0001202523708343,2289,2289,0,541,0,888157,887299
bicycle,22,integer_pd,-0.0344772338867187,-0.0006639957427978,0.0001202523708343,2289,541,0,541,0,888157,887314
bicycle,22,opacity_prune,-0.0340328216552734,-0.0006422400474548,0.0001255571842193,2289,0,2289,541,0,888157,887260
bicycle,22,no_guard,-0.038177490234375,-0.000666856765747,0.0001529455184936,2289,0,0,541,541,888157,888157
bicycle,23,wide_control,-0.0074214935302734,-0.0003262758255004,-0.0003872215747833,2168,0,0,1,1,902124,902124
bicycle,23,eigen_floor,-0.0459880828857421,-0.0009698271751403,-0.0002124011516571,2168,2168,0,615,0,902124,899829
bicycle,23,integer_pd,-0.0394439697265625,-0.0008927583694458,-0.0001893639564514,2168,615,0,615,0,902124,900779
bicycle,23,opacity_prune,-0.0144691467285156,-0.0007716417312622,-0.0002674460411071,2168,0,2168,615,0,902124,898113
bicycle,23,no_guard,-0.0379772186279296,-0.0008741617202758,-0.0002147555351257,2168,0,0,615,615,902124,902124
bicycle,24,wide_control,-0.0243549346923828,-0.0002424716949462,-0.0001800954341888,2392,0,0,3,3,908947,908947
bicycle,24,eigen_floor,-0.0292587280273437,-0.0003862380981445,1.4007091522216795e-05,2392,2392,0,602,0,908947,909329
bicycle,24,integer_pd,-0.0229568481445312,-0.0003823637962341,-6.407499313354492e-06,2392,602,0,602,0,908947,909593
bicycle,24,opacity_prune,-0.0368251800537109,-0.0003941655158996,3.9637088775634766e-06,2392,0,2392,602,0,908947,909026
bicycle,24,no_guard,-0.0229167938232421,-0.0003870725631713,3.933906555175781e-06,2392,0,0,602,602,908947,908947
drjohnson,1,wide_control,-0.0026988983154296,-2.6166439056396484e-05,-0.0001828074455261,1160,0,0,0,0,223815,223815
drjohnson,1,eigen_floor,-0.0347824096679687,0.0010275840759277,-0.0014022290706634,1160,1160,0,233,0,223815,214817
drjohnson,1,integer_pd,-0.0479335784912109,-2.956390380859375e-05,-0.0013187527656555,1160,233,0,233,0,223815,216345
drjohnson,1,opacity_prune,-0.1257781982421875,-0.0057361721992492,-0.0022135376930236,1160,0,1160,233,0,223815,205165
drjohnson,1,no_guard,-0.0032329559326171,-0.0015302896499633,0.000787079334259,1160,0,0,233,233,223815,223815
drjohnson,2,wide_control,-0.001800537109375,-0.000210702419281,-0.0007098615169525,260,0,0,0,0,1103607,1103607
drjohnson,2,eigen_floor,-0.0238323211669921,-0.0004228353500366,-0.0004210770130157,260,260,0,69,0,1103607,1102622
drjohnson,2,integer_pd,-0.1316757202148437,-0.0004735589027404,0.0018697381019592,260,69,0,69,0,1103607,1103268
drjohnson,2,opacity_prune,-0.0105438232421875,-0.0004518628120422,-0.0003118813037872,260,0,260,69,0,1103607,1101244
drjohnson,2,no_guard,-0.1177577972412109,-0.0020067691802978,0.0006919503211975,260,0,0,69,69,1103607,1103607
drjohnson,3,wide_control,-0.0050373077392578,-0.0001866221427917,-0.0011021494865417,785,0,0,1,1,353275,353275
drjohnson,3,eigen_floor,0.0071945190429687,-0.0003164410591125,-0.0009578168392181,785,785,0,165,0,353275,353178
drjohnson,3,integer_pd,0.0071945190429687,-0.0003164410591125,-0.0009578168392181,785,165,0,165,0,353275,353178
drjohnson,3,opacity_prune,0.0059337615966796,-0.0003159642219543,-0.0009041726589202,785,0,785,165,0,353275,352640
drjohnson,3,no_guard,0.0050315856933593,-0.0003167986869812,-0.0008927881717681,785,0,0,165,165,353275,353275
drjohnson,4,wide_control,-0.0081977844238281,-0.000163972377777,-0.0008728504180908,831,0,0,0,0,363649,363649
drjohnson,4,eigen_floor,0.0004653930664062,-0.0001986026763916,-0.0006100237369537,831,831,0,145,0,363649,363378
drjohnson,4,integer_pd,0.000955581665039,-0.0002091526985168,-0.0005883872509002,831,145,0,145,0,363649,363688
drjohnson,4,opacity_prune,-0.0007247924804687,-0.0001819729804992,-0.0005443394184112,831,0,831,145,0,363649,361504
drjohnson,4,no_guard,0.0017642974853515,-0.000203251838684,-0.0005965232849121,831,0,0,145,145,363649,363649
drjohnson,5,wide_control,-0.0018272399902343,-0.0003044009208679,-0.0008802115917205,715,0,0,0,0,396901,396901
drjohnson,5,eigen_floor,0.0118446350097656,-0.0005930066108703,-0.0007690638303756,715,715,0,153,0,396901,397070
drjohnson,5,integer_pd,0.0119132995605468,-0.0005930662155151,-0.0007615834474563,715,153,0,153,0,396901,397137
drjohnson,5,opacity_prune,-0.0089645385742187,-0.0009039044380187,-0.0009176880121231,715,0,715,153,0,396901,395453
drjohnson,5,no_guard,0.0118141174316406,-0.0006123781204223,-0.0007650703191757,715,0,0,153,153,396901,396901
drjohnson,6,wide_control,0.0052471160888671,-0.0001906752586364,-0.0008787363767623,423,0,0,0,0,942200,942200
drjohnson,6,eigen_floor,-8.7738037109375e-05,-0.0002435445785522,-0.0009382516145706,423,423,0,93,0,942200,939415
drjohnson,6,integer_pd,0.0011634826660156,-0.0002298355102539,-0.0009730458259582,423,93,0,93,0,942200,940413
drjohnson,6,opacity_prune,-0.0189838409423828,-0.0002793669700622,-0.0009738504886627,423,0,423,93,0,942200,938598
drjohnson,6,no_guard,-5.230201721191406,-0.0225802063941955,0.0196775496006011,423,0,0,93,93,942200,942200
drjohnson,7,wide_control,-0.0105648040771484,-0.0002781748771667,-0.0009884238243103,1482,0,0,0,0,542985,542985
drjohnson,7,eigen_floor,-0.0197296142578125,-0.0003446340560913,-0.0009206533432006,1482,1482,0,274,0,542985,542881
drjohnson,7,integer_pd,-0.0154743194580078,-0.000290036201477,-0.0009364485740661,1482,274,0,274,0,542985,544097
drjohnson,7,opacity_prune,-0.0361003875732421,-0.000359296798706,-0.0009330660104751,1482,0,1482,274,0,542985,542277
drjohnson,7,no_guard,-0.0184688568115234,-0.0003297328948974,-0.0009582042694091,1482,0,0,274,274,542985,542985
drjohnson,8,wide_control,-0.0154895782470703,-0.0002217292785644,-0.0015943795442581,744,0,0,0,0,474180,474180
drjohnson,8,eigen_floor,-0.0678997039794921,-0.0003491640090942,-0.0015179067850112,744,744,0,152,0,474180,474985
drjohnson,8,integer_pd,-1.25274658203125,-0.0005745887756347,-0.0013278275728225,744,152,0,152,0,474180,478469
drjohnson,8,opacity_prune,-0.0678997039794921,-0.0003491640090942,-0.0015179067850112,744,0,744,152,0,474180,474980
drjohnson,8,no_guard,-1.1949596405029297,-0.0041283369064331,0.0065783709287643,744,0,0,152,152,474180,474180
drjohnson,9,wide_control,-0.0031166076660156,-3.212690353393555e-05,-0.0004619359970092,1152,0,0,0,0,297959,297959
drjohnson,9,eigen_floor,-0.0255393981933593,-0.0001503229141235,-0.0003458857536315,1152,1152,0,223,0,297959,297871
drjohnson,9,integer_pd,-0.0255393981933593,-0.0001503229141235,-0.0003458857536315,1152,223,0,223,0,297959,297871
drjohnson,9,opacity_prune,-0.0125236511230468,-6.633996963500977e-05,-0.0003726482391357,1152,0,1152,223,0,297959,295061
drjohnson,9,no_guard,-0.0263481140136718,-0.0001497864723205,-0.0003526806831359,1152,0,0,223,223,297959,297959
drjohnson,10,wide_control,-0.0042839050292968,-0.0002819299697875,-0.0004603564739227,562,0,0,0,0,513335,513335
drjohnson,10,eigen_floor,-0.0329093933105468,-0.0006306767463684,-0.0005064308643341,562,562,0,116,0,513335,512551
drjohnson,10,integer_pd,-0.0876007080078125,-0.001115083694458,-0.0003018677234649,562,116,0,116,0,513335,515179
drjohnson,10,opacity_prune,-0.0402679443359375,-0.0011113882064819,-0.0005256533622741,562,0,562,116,0,513335,511631
drjohnson,10,no_guard,-0.022613525390625,-0.0004185438156127,-0.0004305839538574,562,0,0,116,116,513335,513335
drjohnson,11,wide_control,-0.0047760009765625,-0.0002562403678894,-0.0006463527679443,533,0,0,0,0,425006,425006
drjohnson,11,eigen_floor,-0.0063209533691406,-0.0004145503044128,-0.0002081096172332,533,533,0,97,0,425006,425312
drjohnson,11,integer_pd,-0.0049476623535156,-0.0004158020019531,-0.0002186894416809,533,97,0,97,0,425006,425496
drjohnson,11,opacity_prune,-0.0063209533691406,-0.0004145503044128,-0.0002081096172332,533,0,533,97,0,425006,425312
drjohnson,11,no_guard,-0.0066261291503906,-0.0004206895828247,-0.0002382397651672,533,0,0,97,97,425006,425006
drjohnson,12,wide_control,-0.0077056884765625,-0.0001704096794128,-0.0006985068321228,895,0,0,0,0,573853,573853
drjohnson,12,eigen_floor,0.0047359466552734,-0.0003905296325683,-0.0006037652492523,895,895,0,166,0,573853,573820
drjohnson,12,integer_pd,-0.0162277221679687,-0.0004047751426696,-0.0005890130996704,895,166,0,166,0,573853,575005
drjohnson,12,opacity_prune,-0.0195159912109375,-0.0004816651344299,-0.0005928874015808,895,0,895,166,0,573853,572680
drjohnson,12,no_guard,-0.0177631378173828,-0.0004229545593261,-0.0006271600723266,895,0,0,166,166,573853,573853
drjohnson,13,wide_control,0.0069847106933593,-0.0001556277275085,-0.0012284219264984,475,0,0,0,0,376247,376247
drjohnson,13,eigen_floor,-0.042764663696289,7.092952728271484e-06,-0.0005028545856475,475,475,0,101,0,376247,380862
drjohnson,13,integer_pd,-0.042764663696289,7.092952728271484e-06,-0.0005028545856475,475,101,0,101,0,376247,380862
drjohnson,13,opacity_prune,-0.042764663696289,7.092952728271484e-06,-0.0005028545856475,475,0,475,101,0,376247,380862
drjohnson,13,no_guard,0.0076065063476562,-0.0002663135528564,-0.0012241303920745,475,0,0,101,101,376247,376247
drjohnson,14,wide_control,0.0024604797363281,-0.0002025365829467,-0.0008291155099868,669,0,0,0,0,693483,693483
drjohnson,14,eigen_floor,0.0385665893554687,-0.0002729892730712,-0.0007893741130828,669,669,0,132,0,693483,692125
drjohnson,14,integer_pd,0.0016536712646484,-0.0003265738487243,-0.0007015615701675,669,132,0,132,0,693483,692621
drjohnson,14,opacity_prune,0.0817527770996093,-0.0002870559692382,-0.0009790658950805,669,0,669,132,0,693483,688938
drjohnson,14,no_guard,-0.2057228088378906,-0.0009030103683471,0.0002144575119018,669,0,0,132,132,693483,693483
drjohnson,15,wide_control,-0.004913330078125,-0.000173270702362,-0.001142606139183,785,0,0,0,0,297830,297830
drjohnson,15,eigen_floor,-0.0134010314941406,-0.0002182722091674,-0.0009297728538513,785,785,0,161,0,297830,298282
drjohnson,15,integer_pd,-0.0122299194335937,-0.0002179741859436,-0.0009282231330871,785,161,0,161,0,297830,298405
drjohnson,15,opacity_prune,-0.0079193115234375,-0.0002341270446777,-0.0009456872940063,785,0,785,161,0,297830,297717
drjohnson,15,no_guard,-0.0077667236328125,-0.000237762928009,-0.0009381175041198,785,0,0,161,161,297830,297830
drjohnson,16,wide_control,-0.01165771484375,-0.000157356262207,-0.0012213885784149,951,0,0,0,0,268083,268083
drjohnson,16,eigen_floor,-0.177896499633789,-0.0003876686096191,-0.0009571611881256,951,951,0,202,0,268083,270248
drjohnson,16,integer_pd,-0.177896499633789,-0.0003876686096191,-0.0009571611881256,951,202,0,202,0,268083,270248
drjohnson,16,opacity_prune,-0.2060470581054687,-0.0003949403762817,-0.000985562801361,951,0,951,202,0,268083,269218
drjohnson,16,no_guard,-0.2138004302978515,-0.0003942251205444,-0.0010119676589965,951,0,0,202,202,268083,268083
drjohnson,17,wide_control,-0.0057945251464843,-4.13060188293457e-05,-0.0005626380443572,856,0,0,0,0,426456,426456
drjohnson,17,eigen_floor,0.0014533996582031,0.0011128187179565,-0.0004316568374633,856,856,0,172,0,426456,422658
drjohnson,17,integer_pd,-0.0332221984863281,-0.000984787940979,-0.0004535317420959,856,172,0,172,0,426456,423637
drjohnson,17,opacity_prune,0.1482086181640625,0.0103688836097717,-0.0003811419010162,856,0,856,172,0,426456,417742
drjohnson,17,no_guard,-0.0291786193847656,-0.0039015412330627,-0.0006434321403503,856,0,0,172,172,426456,426456
drjohnson,18,wide_control,0.012481689453125,7.033348083496094e-06,-0.0013662576675415,288,0,0,0,0,354281,354281
drjohnson,18,eigen_floor,0.0231132507324218,1.0073184967041016e-05,-0.0014272928237915,288,288,0,74,0,354281,354117
drjohnson,18,integer_pd,0.0470256805419921,7.623434066772461e-05,-0.0014976859092712,288,74,0,74,0,354281,353147
drjohnson,18,opacity_prune,0.092132568359375,0.0004768371582031,-0.0018956065177917,288,0,288,74,0,354281,346293
drjohnson,18,no_guard,-0.4417667388916015,-0.0006718635559082,-0.0005276799201965,288,0,0,74,74,354281,354281
drjohnson,19,wide_control,0.0015182495117187,-0.0001159906387329,-0.0009216964244842,379,0,0,0,0,754581,754581
drjohnson,19,eigen_floor,0.0165653228759765,-0.0002493262290954,-0.0006677061319351,379,379,0,83,0,754581,754361
drjohnson,19,integer_pd,-0.0282859802246093,-0.0003166794776916,-0.000630646944046,379,83,0,83,0,754581,756080
drjohnson,19,opacity_prune,0.0584449768066406,-0.0002121925354003,-0.0006662905216217,379,0,379,83,0,754581,753721
drjohnson,19,no_guard,0.0135231018066406,-0.0002482533454895,-0.0006923377513885,379,0,0,83,83,754581,754581
drjohnson,20,wide_control,0.0060539245605468,-0.0001406073570251,-0.0012313723564147,662,0,0,0,0,560149,560149
drjohnson,20,eigen_floor,-0.0127811431884765,-0.0002564191818237,-0.0015121102333068,662,662,0,130,0,560149,559326
drjohnson,20,integer_pd,-0.0069217681884765,-0.0002572536468505,-0.0009716153144836,662,130,0,130,0,560149,561015
drjohnson,20,opacity_prune,-0.0388641357421875,-0.0001810789108276,-0.0016445517539978,662,0,662,130,0,560149,557466
drjohnson,20,no_guard,-0.0117225646972656,-0.0002315640449523,-0.0010203421115875,662,0,0,130,130,560149,560149
drjohnson,21,wide_control,-0.0014266967773437,-0.0001621842384338,-0.0006130337715148,788,0,0,1,1,324593,324593
drjohnson,21,eigen_floor,-0.0180511474609375,-0.0003456473350524,-0.0005630254745483,788,788,0,177,0,324593,324807
drjohnson,21,integer_pd,-0.0196723937988281,-0.0003172755241394,-0.0005559921264648,788,177,0,177,0,324593,324996
drjohnson,21,opacity_prune,-0.0180511474609375,-0.0003456473350524,-0.0005630254745483,788,0,788,177,0,324593,324794
drjohnson,21,no_guard,-0.0173530578613281,-0.0003618597984313,-0.0005845427513122,788,0,0,177,177,324593,324593
drjohnson,22,wide_control,0.0119895935058593,-6.645917892456055e-05,-0.0008058249950408,444,0,0,0,0,259227,259227
drjohnson,22,eigen_floor,0.025094985961914,-0.0003837347030639,-0.000754028558731,444,444,0,93,0,259227,257957
drjohnson,22,integer_pd,0.0257740020751953,-0.0003827810287475,-0.0007460117340087,444,93,0,93,0,259227,258458
drjohnson,22,opacity_prune,0.0223197937011718,-0.0003920793533325,-0.0007745623588562,444,0,444,93,0,259227,255576
drjohnson,22,no_guard,-0.0325965881347656,-5.960464477539063e-05,-0.0008958578109741,444,0,0,93,93,259227,259227
drjohnson,23,wide_control,0.0132160186767578,-6.526708602905273e-05,-0.0011904239654541,451,0,0,0,0,330624,330624
drjohnson,23,eigen_floor,-0.0203685760498046,-0.0001708269119262,-0.000999242067337,451,451,0,113,0,330624,328859
drjohnson,23,integer_pd,-0.0129013061523437,-0.0001662373542785,-0.0009987354278564,451,113,0,113,0,330624,328996
drjohnson,23,opacity_prune,-0.0208473205566406,-0.0001733303070068,-0.0009932518005371,451,0,451,113,0,330624,328779
drjohnson,23,no_guard,-0.049468994140625,-0.0006788969039916,-0.0010522603988647,451,0,0,113,113,330624,330624
drjohnson,24,wide_control,0.0066146850585937,-5.650520324707031e-05,-0.0012636482715606,702,0,0,0,0,363681,363681
drjohnson,24,eigen_floor,-0.166046142578125,0.00412517786026,-0.001234233379364,702,702,0,145,0,363681,363381
drjohnson,24,integer_pd,-0.1655693054199218,0.0041248202323913,-0.0012311041355133,702,145,0,145,0,363681,363435
drjohnson,24,opacity_prune,0.1144447326660156,0.0060762763023376,-0.0019512176513671,702,0,702,145,0,363681,358296
drjohnson,24,no_guard,-0.3808631896972656,-0.0016086101531982,-0.0009725987911224,702,0,0,145,145,363681,363681
drjohnson,25,wide_control,0.0002918243408203,-0.0001635551452636,-0.0005860924720764,438,0,0,0,0,380726,380726
drjohnson,25,eigen_floor,-0.0366115570068359,-0.001101791858673,-0.0003317594528198,438,438,0,112,0,380726,376940
drjohnson,25,integer_pd,-0.0359096527099609,-0.0011351704597473,-0.0003265142440795,438,112,0,112,0,380726,377064
drjohnson,25,opacity_prune,-0.0524272918701171,-0.0014129281044006,-0.0003338456153869,438,0,438,112,0,380726,375175
drjohnson,25,no_guard,-0.0359477996826171,-0.0011312365531921,-0.0003383159637451,438,0,0,112,112,380726,380726
drjohnson,26,wide_control,0.0078907012939453,0.0001680850982666,-0.0007606446743011,492,0,0,0,0,309793,309793
drjohnson,26,eigen_floor,-0.1587123870849609,-0.0009489059448242,-0.0004906952381134,492,492,0,120,0,309793,307115
drjohnson,26,integer_pd,-0.147317886352539,-0.0009586215019226,-0.0004632472991943,492,120,0,120,0,309793,307485
drjohnson,26,opacity_prune,-0.17193603515625,-0.0009490251541137,-0.0005397796630859,492,0,492,120,0,309793,305105
drjohnson,26,no_guard,-2.317384719848633,-0.0205841064453125,0.0159918069839477,492,0,0,120,120,309793,309793
drjohnson,27,wide_control,0.0377082824707031,-7.808208465576172e-06,-0.0013080537319183,741,0,0,0,0,338002,338002
drjohnson,27,eigen_floor,0.2027359008789062,0.0010022521018981,-0.0026629567146301,741,741,0,129,0,338002,334320
drjohnson,27,integer_pd,0.0209159851074218,0.0005348324775695,-0.0018866956233978,741,129,0,129,0,338002,336253
drjohnson,27,opacity_prune,0.1836490631103515,0.001079499721527,-0.0029564201831817,741,0,741,129,0,338002,328072
drjohnson,27,no_guard,-2.165687561035156,-0.0087584257125854,0.0126997530460357,741,0,0,129,129,338002,338002
drjohnson,28,wide_control,-0.0052947998046875,-0.0002522468566894,-0.000447392463684,485,0,0,0,0,631568,631568
drjohnson,28,eigen_floor,-0.007211685180664,-0.0004491209983825,-0.0001257956027984,485,485,0,90,0,631568,629488
drjohnson,28,integer_pd,0.00592041015625,-0.0013966560363769,-9.101629257202148e-05,485,90,0,90,0,631568,631159
drjohnson,28,opacity_prune,-0.1193904876708984,-0.0099397301673889,-0.0007670223712921,485,0,485,90,0,631568,620173
drjohnson,28,no_guard,-0.0271205902099609,-0.0004135370254516,-0.0002301931381225,485,0,0,90,90,631568,631568
drjohnson,29,wide_control,-0.011636734008789,-0.0002776980400085,-0.0006425082683563,258,0,0,0,0,725707,725707
drjohnson,29,eigen_floor,0.0612869262695312,-0.0003097653388977,-0.0013616681098937,258,258,0,70,0,725707,725271
drjohnson,29,integer_pd,0.0612869262695312,-0.0003097653388977,-0.0013616681098937,258,70,0,70,0,725707,725271
drjohnson,29,opacity_prune,0.0955734252929687,-0.0002693533897399,-0.0018147081136703,258,0,258,70,0,725707,724267
drjohnson,29,no_guard,0.0597457885742187,-0.0003120303153991,-0.0013623982667922,258,0,0,70,70,725707,725707
drjohnson,30,wide_control,-0.0081939697265625,-0.0003686547279357,-0.0006665587425231,331,0,0,0,0,563297,563297
drjohnson,30,eigen_floor,-0.016448974609375,-0.0005308985710144,-0.0005078911781311,331,331,0,66,0,563297,563299
drjohnson,30,integer_pd,-0.016448974609375,-0.0005308985710144,-0.0005078911781311,331,66,0,66,0,563297,563299
drjohnson,30,opacity_prune,-0.016448974609375,-0.0005308985710144,-0.0005078911781311,331,0,331,66,0,563297,563299
drjohnson,30,no_guard,-0.0167369842529296,-0.0005342364311218,-0.0004942119121551,331,0,0,66,66,563297,563297
drjohnson,31,wide_control,0.0038375854492187,-0.0001925230026245,-0.0002908855676651,964,0,0,0,0,388118,388118
drjohnson,31,eigen_floor,-0.0051860809326171,-0.0009565353393554,-9.208917617797852e-05,964,964,0,205,0,388118,387821
drjohnson,31,integer_pd,-0.0051860809326171,-0.0009565353393554,-9.208917617797852e-05,964,205,0,205,0,388118,387821
drjohnson,31,opacity_prune,-0.0071010589599609,-0.000967800617218,-9.673833847045898e-05,964,0,964,205,0,388118,387461
drjohnson,31,no_guard,-0.0069732666015625,-0.0004793405532836,-0.0002481937408447,964,0,0,205,205,388118,388118
drjohnson,32,wide_control,-0.0094413757324218,-0.0003947615623474,-0.0003648996353149,1082,0,0,0,0,497678,497678
drjohnson,32,eigen_floor,0.0424365997314453,0.0004907846450805,-0.0003741383552551,1082,1082,0,228,0,497678,498024
drjohnson,32,integer_pd,0.0627059936523437,0.0006723403930664,-0.0004827380180358,1082,228,0,228,0,497678,498747
drjohnson,32,opacity_prune,0.0098609924316406,-0.0010782480239868,-0.0001183748245239,1082,0,1082,228,0,497678,495726
drjohnson,32,no_guard,0.0416412353515625,0.0004913210868835,-0.0003630220890045,1082,0,0,228,228,497678,497678
garden,1,wide_control,-0.0080127716064453,-0.0002191066741943,-0.0003853738307952,851,0,0,1,1,1085226,1085226
garden,1,eigen_floor,-0.0117874145507812,-0.0005528330802917,-8.474290370941162e-05,851,851,0,236,0,1085226,1085428
garden,1,integer_pd,-0.0117874145507812,-0.0005528330802917,-8.474290370941162e-05,851,236,0,236,0,1085226,1085428
garden,1,opacity_prune,-0.0117874145507812,-0.0005528330802917,-8.474290370941162e-05,851,0,851,236,0,1085226,1085428
garden,1,no_guard,-0.0125751495361328,-0.0005532503128051,-8.043646812438965e-05,851,0,0,236,236,1085226,1085226
garden,2,wide_control,-0.01568603515625,-0.0002114176750183,-0.0003850162029266,853,0,0,1,1,1059252,1059252
garden,2,eigen_floor,-0.0259246826171875,-0.0005890727043151,-0.000157281756401,853,853,0,214,0,1059252,1055925
garden,2,integer_pd,-0.0265312194824218,-0.0005884766578674,-0.0001566261053085,853,214,0,214,0,1059252,1057081
garden,2,opacity_prune,-0.0259246826171875,-0.0005890727043151,-0.000157281756401,853,0,853,214,0,1059252,1055925
garden,2,no_guard,-0.3637275695800781,-0.00156170129776,0.0005824118852615,853,0,0,214,214,1059252,1059252
garden,3,wide_control,-0.0091285705566406,-0.0002209544181823,-0.0004091411828994,823,0,0,2,2,1046398,1046398
garden,3,eigen_floor,-0.0288200378417968,-0.0003848075866699,1.5944242477416992e-05,823,823,0,219,0,1046398,1045594
garden,3,integer_pd,-0.0288200378417968,-0.0003848075866699,1.5944242477416992e-05,823,219,0,219,0,1046398,1045594
garden,3,opacity_prune,-0.0428352355957031,-0.0004547834396362,3.471970558166504e-05,823,0,823,219,0,1046398,1043403
garden,3,no_guard,-0.0322456359863281,-0.0003893971443176,4.336237907409668e-06,823,0,0,219,219,1046398,1046398
garden,4,wide_control,-0.0062999725341796,-0.0002443790435791,-0.0003670156002044,723,0,0,0,0,1028180,1028180
garden,4,eigen_floor,-0.0127983093261718,-0.0007511973381042,-1.3053417205810549e-05,723,723,0,188,0,1028180,1028725
garden,4,integer_pd,-0.0147933959960937,-0.0007981061935424,-1.2934207916259766e-05,723,188,0,188,0,1028180,1029871
garden,4,opacity_prune,-0.008087158203125,-0.0006338953971862,-5.939602851867676e-05,723,0,723,188,0,1028180,1027154
garden,4,no_guard,-0.0137863159179687,-0.0007398128509521,-4.0650367736816406e-05,723,0,0,188,188,1028180,1028180
garden,5,wide_control,-0.0118522644042968,-0.0002458691596984,-0.0003362149000167,778,0,0,1,1,1068878,1068878
garden,5,eigen_floor,-0.0416278839111328,-0.0007299184799194,0.0001283138990402,778,778,0,233,0,1068878,1068214
garden,5,integer_pd,-0.0379714965820312,-0.0007209181785583,0.0001274794340133,778,233,0,233,0,1068878,1068238
garden,5,opacity_prune,-0.0430488586425781,-0.0007327198982238,0.000125840306282,778,0,778,233,0,1068878,1068101
garden,5,no_guard,-0.0611743927001953,-0.0009532570838928,0.0001962780952453,778,0,0,233,233,1068878,1068878
garden,6,wide_control,-0.0177211761474609,-0.0002726912498474,-0.0004643946886062,1102,0,0,3,3,1037515,1037515
garden,6,eigen_floor,-0.0450248718261718,-0.0007080435752868,9.796023368835448e-05,1102,1102,0,280,0,1037515,1036930
garden,6,integer_pd,-0.04400634765625,-0.0007060170173645,9.879469871520996e-05,1102,280,0,280,0,1037515,1036962
garden,6,opacity_prune,-0.0520687103271484,-0.0007279515266418,6.541609764099121e-05,1102,0,1102,280,0,1037515,1035893
garden,6,no_guard,-0.0442085266113281,-0.0007146596908569,7.06017017364502e-05,1102,0,0,280,280,1037515,1037515
garden,7,wide_control,-0.0192718505859375,-0.000322937965393,-0.0003921836614608,998,0,0,3,3,1008933,1008933
garden,7,eigen_floor,-0.0380401611328125,-0.0008444190025329,-1.7911195755004883e-05,998,998,0,304,0,1008933,1008337
garden,7,integer_pd,-0.0296440124511718,-0.0008035898208618,8.940696716308595e-08,998,304,0,304,0,1008933,1009427
garden,7,opacity_prune,-0.0380401611328125,-0.0008444190025329,-1.7911195755004883e-05,998,0,998,304,0,1008933,1008337
garden,7,no_guard,-0.0099086761474609,-0.0005608797073364,-0.0001245737075805,998,0,0,304,304,1008933,1008933
garden,8,wide_control,-0.0125236511230468,-0.0002689957618713,-0.0003788918256759,1106,0,0,2,2,1043917,1043917
garden,8,eigen_floor,-0.0242519378662109,-0.0006301403045654,-0.0001415461301803,1106,1106,0,317,0,1043917,1043653
garden,8,integer_pd,-0.0242519378662109,-0.0006301403045654,-0.0001415461301803,1106,317,0,317,0,1043917,1043653
garden,8,opacity_prune,-0.0242519378662109,-0.0006301403045654,-0.0001415461301803,1106,0,1106,317,0,1043917,1043653
garden,8,no_guard,-0.1309776306152343,-0.0014070868492126,-5.1647424697875977e-05,1106,0,0,317,317,1043917,1043917
garden,9,wide_control,0.0488491058349609,-7.31348991394043e-05,-0.0007997453212738,821,0,0,3,3,1044120,1044120
garden,9,eigen_floor,0.0380535125732421,-0.0004578828811645,-0.0005188882350921,821,821,0,227,0,1044120,1037626
garden,9,integer_pd,0.0380535125732421,-0.0004578828811645,-0.0005188882350921,821,227,0,227,0,1044120,1037626
garden,9,opacity_prune,0.0380077362060546,-0.0004571676254272,-0.0005188882350921,821,0,821,227,0,1044120,1037605
garden,9,no_guard,-1.526020050048828,-0.0097978711128234,0.0071708410978317,821,0,0,227,227,1044120,1044120
garden,10,wide_control,-0.011301040649414,-0.0002171397209167,-0.000346690416336,891,0,0,1,1,1003373,1003373
garden,10,eigen_floor,-0.0180282592773437,-0.0006484985351562,-0.0001632720232009,891,891,0,222,0,1003373,1003174
garden,10,integer_pd,-0.0179100036621093,-0.0006502866744995,-0.0001568347215652,891,222,0,222,0,1003373,1003332
garden,10,opacity_prune,-0.0345935821533203,-0.0007067918777465,-0.0001354664564132,891,0,891,222,0,1003373,1002807
garden,10,no_guard,0.0014762878417968,-0.0006464719772338,-0.0001545846462249,891,0,0,222,222,1003373,1003373
garden,11,wide_control,-0.0071353912353515,-0.0002152919769287,-0.0003665089607238,1054,0,0,1,1,1005101,1005101
garden,11,eigen_floor,-0.0155277252197265,-0.0004976987838745,-9.72449779510498e-05,1054,1054,0,328,0,1005101,1004932
garden,11,integer_pd,-0.1861724853515625,-0.0009626746177673,-8.049607276916504e-05,1054,328,0,328,0,1005101,1006024
garden,11,opacity_prune,-0.1420135498046875,-0.000697374343872,-1.5616416931152344e-05,1054,0,1054,328,0,1005101,1003345
garden,11,no_guard,-0.0595703125,-0.0006824135780334,-8.521974086761475e-05,1054,0,0,328,328,1005101,1005101
garden,12,wide_control,-0.0107173919677734,-0.0002437233924865,-0.0004692077636718,748,0,0,0,0,1024070,1024070
garden,12,eigen_floor,-0.0370616912841796,-0.0006530284881591,-0.0001183897256851,748,748,0,209,0,1024070,1023492
garden,12,integer_pd,-0.0208854675292968,-0.0006315112113952,-0.000122383236885,748,209,0,209,0,1024070,1024528
garden,12,opacity_prune,-0.0400543212890625,-0.0006755590438842,-0.0001165121793746,748,0,748,209,0,1024070,1023329
garden,12,no_guard,-0.0352668762207031,-0.0006382465362548,-0.000121921300888,748,0,0,209,209,1024070,1024070
garden,13,wide_control,-0.011941909790039,-0.0002472400665283,-0.0004036724567413,969,0,0,1,1,1007257,1007257
garden,13,eigen_floor,-0.0257930755615234,-0.000762403011322,0.0001957863569259,969,969,0,281,0,1007257,1006290
garden,13,integer_pd,-0.0257930755615234,-0.000762403011322,0.0001957863569259,969,281,0,281,0,1007257,1006290
garden,13,opacity_prune,-0.0257930755615234,-0.000762403011322,0.0001957863569259,969,0,969,281,0,1007257,1006290
garden,13,no_guard,-0.0303783416748046,-0.00080007314682,0.000234231352806,969,0,0,281,281,1007257,1007257
garden,14,wide_control,-0.0111923217773437,-0.0002745985984802,-0.0006332248449325,1221,0,0,0,0,990067,990067
garden,14,eigen_floor,-0.016855239868164,-0.0006758570671081,-5.778670310974121e-05,1221,1221,0,338,0,990067,988433
garden,14,integer_pd,-0.0706405639648437,-0.0007811188697814,6.157159805297852e-05,1221,338,0,338,0,990067,990065
garden,14,opacity_prune,-0.0189399719238281,-0.0006782412528991,-5.361437797546387e-05,1221,0,1221,338,0,990067,988160
garden,14,no_guard,-0.3355598449707031,-0.0018722414970397,0.0002624690532684,1221,0,0,338,338,990067,990067
garden,15,wide_control,-0.0121345520019531,-0.0002283453941345,-0.0005885809659957,1041,0,0,1,1,1002557,1002557
garden,15,eigen_floor,-0.0194950103759765,-0.0005478858947753,-0.0001865774393081,1041,1041,0,266,0,1002557,1002233
garden,15,integer_pd,-0.0269927978515625,-0.000575840473175,-0.0001276135444641,1041,266,0,266,0,1002557,1003634
garden,15,opacity_prune,-0.0523319244384765,-0.000697910785675,-0.0001538693904876,1041,0,1041,266,0,1002557,1000637
garden,15,no_guard,-0.0194549560546875,-0.0005469322204589,-0.0001848936080932,1041,0,0,266,266,1002557,1002557
garden,16,wide_control,-0.011789321899414,-0.0002670288085937,-0.0004884153604507,792,0,0,0,0,968141,968141
garden,16,eigen_floor,-0.0060195922851562,-0.0006014108657836,3.166496753692627e-05,792,792,0,220,0,968141,967895
garden,16,integer_pd,-0.0060195922851562,-0.0006014108657836,3.166496753692627e-05,792,220,0,220,0,968141,967895
garden,16,opacity_prune,-0.0060558319091796,-0.0006014108657836,3.196299076080322e-05,792,0,792,220,0,968141,967626
garden,16,no_guard,-0.0004825592041015,-0.0005253553390502,9.807944297790527e-05,792,0,0,220,220,968141,968141
garden,17,wide_control,-0.0187625885009765,-0.0002195835113525,-0.0004955232143402,972,0,0,3,3,959356,959356
garden,17,eigen_floor,-0.0306911468505859,-0.0006710886955261,-8.498132228851318e-05,972,972,0,262,0,959356,959497
garden,17,integer_pd,-0.0306911468505859,-0.0006710886955261,-8.498132228851318e-05,972,262,0,262,0,959356,959497
garden,17,opacity_prune,-0.0542125701904296,-0.0007004141807556,-8.000433444976807e-05,972,0,972,262,0,959356,959125
garden,17,no_guard,-0.5818405151367188,-0.001986026763916,0.000805377960205,972,0,0,262,262,959356,959356
garden,18,wide_control,-0.0486984252929687,-0.0002793669700622,-0.000456765294075,911,0,0,1,1,982204,982204
garden,18,eigen_floor,0.4886245727539062,6.377696990966797e-05,-0.0004383921623229,911,911,0,263,0,982204,978919
garden,18,integer_pd,0.4887619018554687,-4.023313522338867e-05,-0.0001463443040847,911,263,0,263,0,982204,980793
garden,18,opacity_prune,0.6581249237060547,0.000213086605072,-0.0005092024803161,911,0,911,263,0,982204,974317
garden,18,no_guard,-2.367189407348633,-0.0049668550491333,0.0012825280427932,911,0,0,263,263,982204,982204
garden,19,wide_control,-0.0144691467285156,-0.0002269744873046,-0.0007077157497406,1186,0,0,2,2,1004361,1004361
garden,19,eigen_floor,0.0636005401611328,-0.0004878640174865,-0.0002373456954956,1186,1186,0,341,0,1004361,1001294
garden,19,integer_pd,0.084808349609375,-0.0005612969398498,-0.0003063976764678,1186,341,0,341,0,1004361,1002408
garden,19,opacity_prune,0.191293716430664,-0.0002790093421936,-0.0002492666244506,1186,0,1186,341,0,1004361,998146
garden,19,no_guard,-0.1745109558105468,-0.001570701599121,9.784102439880372e-05,1186,0,0,341,341,1004361,1004361
garden,20,wide_control,0.0397510528564453,-0.00021493434906,-0.0003057867288589,919,0,0,2,2,983802,983802
garden,20,eigen_floor,0.0950565338134765,-0.00074964761734,0.0002908408641815,919,919,0,251,0,983802,980537
garden,20,integer_pd,-1.0726432800292969,-0.0019116997718811,0.0004486888647079,919,251,0,251,0,983802,982633
garden,20,opacity_prune,0.0950565338134765,-0.00074964761734,0.0002908408641815,919,0,919,251,0,983802,980537
garden,20,no_guard,0.0944232940673828,-0.0008098483085632,0.0003062337636947,919,0,0,251,251,983802,983802
garden,21,wide_control,-0.0112724304199218,-0.000279426574707,-0.0006051063537597,844,0,0,1,1,936584,936584
garden,21,eigen_floor,-0.0286369323730468,-0.0006855726242065,-3.342330455780029e-05,844,844,0,216,0,936584,936105
garden,21,integer_pd,-0.0345420837402343,-0.000667929649353,-6.748735904693604e-05,844,216,0,216,0,936584,937396
garden,21,opacity_prune,-0.0312690734863281,-0.0006969571113586,-2.8267502784729004e-05,844,0,844,216,0,936584,935747
garden,21,no_guard,-0.2494621276855468,-0.0013222098350524,0.0003982782363891,844,0,0,216,216,936584,936584
garden,22,wide_control,-0.9126091003417968,-0.0016179084777832,-0.0002101957798004,978,0,0,1,1,979374,979374
garden,22,eigen_floor,0.1077518463134765,-0.0004488825798034,-0.0003426373004913,978,978,0,286,0,979374,967892
garden,22,integer_pd,0.06512451171875,-0.000603437423706,-0.0003498494625091,978,286,0,286,0,979374,968873
garden,22,opacity_prune,0.10284423828125,-0.0004583001136779,-0.0003533363342285,978,0,978,286,0,979374,967024
garden,22,no_guard,-4.623439788818359,-0.01518315076828,0.0049040019512176,978,0,0,286,286,979374,979374
garden,23,wide_control,-0.0525112152099609,-0.0007298588752746,-0.0004256665706634,702,0,0,2,2,967621,967621
garden,23,eigen_floor,-0.0678520202636718,-0.0012720823287963,0.0001768916845321,702,702,0,222,0,967621,959541
garden,23,integer_pd,-0.0678520202636718,-0.0012720823287963,0.0001768916845321,702,222,0,222,0,967621,959541
garden,23,opacity_prune,-0.0678520202636718,-0.0012720823287963,0.0001768916845321,702,0,702,222,0,967621,959541
garden,23,no_guard,-0.1486320495605468,-0.0023133754730224,0.0017615407705307,702,0,0,222,222,967621,967621
hotdog,1,wide_control,-0.0009613037109375,-5.0008296966552734e-05,-8.364394307136536e-05,0,0,0,0,0,99832,99832
hotdog,1,eigen_floor,-0.0215415954589843,-0.0001347064971923,4.423409700393677e-05,0,0,0,0,0,99832,99840
hotdog,1,integer_pd,-0.0215415954589843,-0.0001347064971923,4.423409700393677e-05,0,0,0,0,0,99832,99840
hotdog,1,opacity_prune,-0.0215415954589843,-0.0001347064971923,4.423409700393677e-05,0,0,0,0,0,99832,99840
hotdog,1,no_guard,-0.0215415954589843,-0.0001347064971923,4.423409700393677e-05,0,0,0,0,0,99832,99832
hotdog,2,wide_control,0.0003433227539062,-5.1081180572509766e-05,6.206333637237549e-06,0,0,0,0,0,100084,100084
hotdog,2,eigen_floor,-0.0206260681152343,-0.0001294612884521,3.218650817871094e-05,0,0,0,0,0,100084,100102
hotdog,2,integer_pd,-0.0206260681152343,-0.0001294612884521,3.218650817871094e-05,0,0,0,0,0,100084,100102
hotdog,2,opacity_prune,-0.0206260681152343,-0.0001294612884521,3.218650817871094e-05,0,0,0,0,0,100084,100102
hotdog,2,no_guard,-0.0206260681152343,-0.0001294612884521,3.218650817871094e-05,0,0,0,0,0,100084,100084
hotdog,3,wide_control,-0.0055770874023437,-6.943941116333008e-05,-6.974115967750549e-05,0,0,0,0,0,100431,100431
hotdog,3,eigen_floor,-0.0065841674804687,-9.560585021972656e-05,1.4308840036392212e-05,0,0,0,0,0,100431,100435
hotdog,3,integer_pd,-0.0065841674804687,-9.560585021972656e-05,1.4308840036392212e-05,0,0,0,0,0,100431,100435
hotdog,3,opacity_prune,-0.0065841674804687,-9.560585021972656e-05,1.4308840036392212e-05,0,0,0,0,0,100431,100435
hotdog,3,no_guard,-0.0065841674804687,-9.560585021972656e-05,1.4308840036392212e-05,0,0,0,0,0,100431,100431
hotdog,4,wide_control,-0.0035018920898437,-4.750490188598633e-05,-6.626918911933899e-05,0,0,0,0,0,100660,100660
hotdog,4,eigen_floor,-0.0157852172851562,-9.16123390197754e-05,-0.0001334361732006,0,0,0,0,0,100660,100672
hotdog,4,integer_pd,-0.0157852172851562,-9.16123390197754e-05,-0.0001334361732006,0,0,0,0,0,100660,100672
hotdog,4,opacity_prune,-0.0157852172851562,-9.16123390197754e-05,-0.0001334361732006,0,0,0,0,0,100660,100672
hotdog,4,no_guard,-0.0157852172851562,-9.16123390197754e-05,-0.0001334361732006,0,0,0,0,0,100660,100660
hotdog,5,wide_control,0.000823974609375,-3.594160079956055e-05,-9.658560156822205e-05,0,0,0,0,0,100905,100905
hotdog,5,eigen_floor,-0.010833740234375,-8.094310760498047e-05,-2.528354525566101e-05,0,0,0,0,0,100905,100913
hotdog,5,integer_pd,-0.010833740234375,-8.094310760498047e-05,-2.528354525566101e-05,0,0,0,0,0,100905,100913
hotdog,5,opacity_prune,-0.010833740234375,-8.094310760498047e-05,-2.528354525566101e-05,0,0,0,0,0,100905,100913
hotdog,5,no_guard,-0.010833740234375,-8.094310760498047e-05,-2.528354525566101e-05,0,0,0,0,0,100905,100905
hotdog,6,wide_control,0.0016670227050781,-3.892183303833008e-05,-0.0001011341810226,0,0,0,0,0,101461,101461
hotdog,6,eigen_floor,-0.0274505615234375,-0.0001236796379089,-1.4491379261016846e-05,0,0,0,0,0,101461,101449
hotdog,6,integer_pd,-0.0274505615234375,-0.0001236796379089,-1.4491379261016846e-05,0,0,0,0,0,101461,101449
hotdog,6,opacity_prune,-0.0274505615234375,-0.0001236796379089,-1.4491379261016846e-05,0,0,0,0,0,101461,101449
hotdog,6,no_guard,-0.0274505615234375,-0.0001236796379089,-1.4491379261016846e-05,0,0,0,0,0,101461,101461
hotdog,7,wide_control,-0.0006637573242187,-4.482269287109375e-05,-5.234032869338989e-05,0,0,0,0,0,101989,101989
hotdog,7,eigen_floor,-0.0149803161621093,-8.505582809448242e-05,1.6830861568450928e-05,0,0,0,0,0,101989,101989
hotdog,7,integer_pd,-0.0149803161621093,-8.505582809448242e-05,1.6830861568450928e-05,0,0,0,0,0,101989,101989
hotdog,7,opacity_prune,-0.0149803161621093,-8.505582809448242e-05,1.6830861568450928e-05,0,0,0,0,0,101989,101989
hotdog,7,no_guard,-0.0149803161621093,-8.505582809448242e-05,1.6830861568450928e-05,0,0,0,0,0,101989,101989
hotdog,8,wide_control,-0.00506591796875,-6.264448165893555e-05,-5.70639967918396e-05,0,0,0,0,0,102488,102488
hotdog,8,eigen_floor,-0.0122528076171875,-9.834766387939452e-05,5.488842725753784e-05,0,0,0,0,0,102488,102484
hotdog,8,integer_pd,-0.0122528076171875,-9.834766387939452e-05,5.488842725753784e-05,0,0,0,0,0,102488,102484
hotdog,8,opacity_prune,-0.0122528076171875,-9.834766387939452e-05,5.488842725753784e-05,0,0,0,0,0,102488,102484
hotdog,8,no_guard,-0.0122528076171875,-9.834766387939452e-05,5.488842725753784e-05,0,0,0,0,0,102488,102488
hotdog,9,wide_control,-0.0019874572753906,-5.513429641723633e-05,-2.206861972808838e-05,0,0,0,0,0,102901,102901
hotdog,9,eigen_floor,-0.0130653381347656,-0.0001042485237121,3.214925527572632e-06,0,0,0,0,0,102901,102905
hotdog,9,integer_pd,-0.0130653381347656,-0.0001042485237121,3.214925527572632e-06,0,0,0,0,0,102901,102905
hotdog,9,opacity_prune,-0.0130653381347656,-0.0001042485237121,3.214925527572632e-06,0,0,0,0,0,102901,102905
hotdog,9,no_guard,-0.0130653381347656,-0.0001042485237121,3.214925527572632e-06,0,0,0,0,0,102901,102901
hotdog,10,wide_control,8.7738037109375e-05,-5.155801773071289e-05,-5.916878581047058e-05,0,0,0,0,0,102975,102975
hotdog,10,eigen_floor,-0.0179290771484375,-0.0001113414764404,4.3664127588272095e-05,0,0,0,0,0,102975,102970
hotdog,10,integer_pd,-0.0179290771484375,-0.0001113414764404,4.3664127588272095e-05,0,0,0,0,0,102975,102970
hotdog,10,opacity_prune,-0.0179290771484375,-0.0001113414764404,4.3664127588272095e-05,0,0,0,0,0,102975,102970
hotdog,10,no_guard,-0.0179290771484375,-0.0001113414764404,4.3664127588272095e-05,0,0,0,0,0,102975,102975
hotdog,11,wide_control,-0.0006027221679687,-5.030632019042969e-05,-3.0096620321273804e-05,0,0,0,0,0,103326,103326
hotdog,11,eigen_floor,-0.0233879089355468,-0.0001366138458251,7.07767903804779e-05,0,0,0,0,0,103326,103329
hotdog,11,integer_pd,-0.0233879089355468,-0.0001366138458251,7.07767903804779e-05,0,0,0,0,0,103326,103329
hotdog,11,opacity_prune,-0.0233879089355468,-0.0001366138458251,7.07767903804779e-05,0,0,0,0,0,103326,103329
hotdog,11,no_guard,-0.0233879089355468,-0.0001366138458251,7.078424096107483e-05,0,0,0,0,0,103326,103326
hotdog,12,wide_control,-0.0003776550292968,-3.999471664428711e-05,-6.354972720146179e-05,0,0,0,0,0,103551,103551
hotdog,12,eigen_floor,-0.0227928161621093,-0.0001097917556762,0.000127013772726,0,0,0,0,0,103551,103544
hotdog,12,integer_pd,-0.0227928161621093,-0.0001097917556762,0.000127013772726,0,0,0,0,0,103551,103544
hotdog,12,opacity_prune,-0.0227928161621093,-0.0001097917556762,0.000127013772726,0,0,0,0,0,103551,103544
hotdog,12,no_guard,-0.0227928161621093,-0.0001097917556762,0.000127013772726,0,0,0,0,0,103551,103551
hotdog,13,wide_control,-0.0003433227539062,-4.774332046508789e-05,-0.0001052729785442,0,0,0,0,0,103809,103809
hotdog,13,eigen_floor,-0.028778076171875,-0.0001255273818969,-1.7214566469192505e-05,0,0,0,0,0,103809,103796
hotdog,13,integer_pd,-0.028778076171875,-0.0001255273818969,-1.7214566469192505e-05,0,0,0,0,0,103809,103796
hotdog,13,opacity_prune,-0.028778076171875,-0.0001255273818969,-1.7214566469192505e-05,0,0,0,0,0,103809,103796
hotdog,13,no_guard,-0.028778076171875,-0.0001255273818969,-1.7214566469192505e-05,0,0,0,0,0,103809,103809
hotdog,14,wide_control,-0.0003280639648437,-4.422664642333984e-05,-8.969008922576904e-05,0,0,0,0,0,103821,103821
hotdog,14,eigen_floor,-0.0178756713867187,-8.487701416015625e-05,-8.760392665863037e-05,0,0,0,0,0,103821,103831
hotdog,14,integer_pd,-0.0178756713867187,-8.487701416015625e-05,-8.760392665863037e-05,0,0,0,0,0,103821,103831
hotdog,14,opacity_prune,-0.0178756713867187,-8.487701416015625e-05,-8.760392665863037e-05,0,0,0,0,0,103821,103831
hotdog,14,no_guard,-0.0178756713867187,-8.487701416015625e-05,-8.760392665863037e-05,0,0,0,0,0,103821,103821
hotdog,15,wide_control,0.0007286071777343,-4.184246063232422e-05,-1.050904393196106e-05,0,0,0,0,0,103849,103849
hotdog,15,eigen_floor,-0.0188941955566406,-0.0001008510589599,5.375593900680542e-05,0,0,0,0,0,103849,103850
hotdog,15,integer_pd,-0.0188941955566406,-0.0001008510589599,5.375593900680542e-05,0,0,0,0,0,103849,103850
hotdog,15,opacity_prune,-0.0188941955566406,-0.0001008510589599,5.375593900680542e-05,0,0,0,0,0,103849,103850
hotdog,15,no_guard,-0.0188941955566406,-0.0001008510589599,5.375593900680542e-05,0,0,0,0,0,103849,103849
hotdog,16,wide_control,0.0010604858398437,-4.100799560546875e-05,-3.790855407714844e-05,0,0,0,0,0,104280,104280
hotdog,16,eigen_floor,-0.0212669372558593,-9.870529174804688e-05,8.765608072280884e-05,0,0,0,0,0,104280,104270
hotdog,16,integer_pd,-0.0212669372558593,-9.870529174804688e-05,8.765608072280884e-05,0,0,0,0,0,104280,104270
hotdog,16,opacity_prune,-0.0212669372558593,-9.870529174804688e-05,8.765608072280884e-05,0,0,0,0,0,104280,104270
hotdog,16,no_guard,-0.0212669372558593,-9.870529174804688e-05,8.765608072280884e-05,0,0,0,0,0,104280,104280
hotdog,17,wide_control,0.0011024475097656,-4.5418739318847656e-05,-6.612762808799744e-05,0,0,0,0,0,104588,104588
hotdog,17,eigen_floor,-0.0045967102050781,-6.246566772460938e-05,-0.0001024231314659,0,0,0,0,0,104588,104580
hotdog,17,integer_pd,-0.0045967102050781,-6.246566772460938e-05,-0.0001024231314659,0,0,0,0,0,104588,104580
hotdog,17,opacity_prune,-0.0045967102050781,-6.246566772460938e-05,-0.0001024231314659,0,0,0,0,0,104588,104580
hotdog,17,no_guard,-0.0045967102050781,-6.246566772460938e-05,-0.0001024231314659,0,0,0,0,0,104588,104588
hotdog,18,wide_control,-0.0022773742675781,-5.424022674560547e-05,-0.000158667564392,0,0,0,0,0,105246,105246
hotdog,18,eigen_floor,-0.0056648254394531,-7.992982864379883e-05,-2.0388513803482056e-05,0,0,0,0,0,105246,105242
hotdog,18,integer_pd,-0.0056648254394531,-7.992982864379883e-05,-2.0388513803482056e-05,0,0,0,0,0,105246,105242
hotdog,18,opacity_prune,-0.0056648254394531,-7.992982864379883e-05,-2.0388513803482056e-05,0,0,0,0,0,105246,105242
hotdog,18,no_guard,-0.0056648254394531,-7.992982864379883e-05,-2.0388513803482056e-05,0,0,0,0,0,105246,105246
hotdog,19,wide_control,0.0017242431640625,-4.464387893676758e-05,-0.0001233555376529,0,0,0,0,0,105318,105318
hotdog,19,eigen_floor,-0.0080032348632812,-8.45193862915039e-05,-3.265589475631714e-05,0,0,0,0,0,105318,105317
hotdog,19,integer_pd,-0.0080032348632812,-8.45193862915039e-05,-3.265589475631714e-05,0,0,0,0,0,105318,105317
hotdog,19,opacity_prune,-0.0080032348632812,-8.45193862915039e-05,-3.265589475631714e-05,0,0,0,0,0,105318,105317
hotdog,19,no_guard,-0.0080032348632812,-8.45193862915039e-05,-3.265589475631714e-05,0,0,0,0,0,105318,105318
hotdog,20,wide_control,0.0022392272949218,-3.74913215637207e-05,-0.0001433491706848,0,0,0,0,0,105264,105264
hotdog,20,eigen_floor,-0.0204963684082031,-9.441375732421876e-05,-3.825128078460693e-05,0,0,0,0,0,105264,105260
hotdog,20,integer_pd,-0.0204963684082031,-9.441375732421876e-05,-3.825128078460693e-05,0,0,0,0,0,105264,105260
hotdog,20,opacity_prune,-0.0204963684082031,-9.441375732421876e-05,-3.825128078460693e-05,0,0,0,0,0,105264,105260
hotdog,20,no_guard,-0.0204963684082031,-9.441375732421876e-05,-3.825128078460693e-05,0,0,0,0,0,105264,105264
hotdog,21,wide_control,0.001739501953125,-4.088878631591797e-05,-1.5731900930404663e-05,0,0,0,0,0,104878,104878
hotdog,21,eigen_floor,-0.0227737426757812,-9.685754776000977e-05,-7.744133472442627e-05,0,0,0,0,0,104878,104884
hotdog,21,integer_pd,-0.0227737426757812,-9.685754776000977e-05,-7.744133472442627e-05,0,0,0,0,0,104878,104884
hotdog,21,opacity_prune,-0.0227737426757812,-9.685754776000977e-05,-7.744133472442627e-05,0,0,0,0,0,104878,104884
hotdog,21,no_guard,-0.0227737426757812,-9.685754776000977e-05,-7.744133472442627e-05,0,0,0,0,0,104878,104878
hotdog,22,wide_control,0.0020523071289062,-2.956390380859375e-05,-0.0001794099807739,0,0,0,0,0,105186,105186
hotdog,22,eigen_floor,-0.0189018249511718,-0.0001049637794494,-5.211681127548218e-06,0,0,0,0,0,105186,105180
hotdog,22,integer_pd,-0.0189018249511718,-0.0001049637794494,-5.211681127548218e-06,0,0,0,0,0,105186,105180
hotdog,22,opacity_prune,-0.0189018249511718,-0.0001049637794494,-5.211681127548218e-06,0,0,0,0,0,105186,105180
hotdog,22,no_guard,-0.0189018249511718,-0.0001049637794494,-5.211681127548218e-06,0,0,0,0,0,105186,105186
hotdog,23,wide_control,0.0025520324707031,-2.819299697875977e-05,-0.0002468824386596,0,0,0,0,0,105143,105143
hotdog,23,eigen_floor,-0.0217018127441406,-8.58306884765625e-05,-9.571760892868042e-05,0,0,0,0,0,105143,105146
hotdog,23,integer_pd,-0.0217018127441406,-8.58306884765625e-05,-9.571760892868042e-05,0,0,0,0,0,105143,105146
hotdog,23,opacity_prune,-0.0217018127441406,-8.58306884765625e-05,-9.571760892868042e-05,0,0,0,0,0,105143,105146
hotdog,23,no_guard,-0.0217018127441406,-8.58306884765625e-05,-9.571760892868042e-05,0,0,0,0,0,105143,105143
hotdog,24,wide_control,0.0026321411132812,-2.9146671295166016e-05,-0.0001546889543533,0,0,0,0,0,105622,105622
hotdog,24,eigen_floor,-0.0210113525390625,-9.423494338989258e-05,-4.955381155014038e-05,0,0,0,0,0,105622,105643
hotdog,24,integer_pd,-0.0210113525390625,-9.423494338989258e-05,-4.955381155014038e-05,0,0,0,0,0,105622,105643
hotdog,24,opacity_prune,-0.0210113525390625,-9.423494338989258e-05,-4.955381155014038e-05,0,0,0,0,0,105622,105643
hotdog,24,no_guard,-0.0210113525390625,-9.423494338989258e-05,-4.955381155014038e-05,0,0,0,0,0,105622,105622
hotdog,25,wide_control,0.005096435546875,-3.1948089599609375e-05,-0.0003391653299331,0,0,0,0,0,105852,105852
hotdog,25,eigen_floor,-0.0093994140625,-9.66191291809082e-05,-8.931010961532593e-05,0,0,0,0,0,105852,105860
hotdog,25,integer_pd,-0.0093994140625,-9.66191291809082e-05,-8.931010961532593e-05,0,0,0,0,0,105852,105860
hotdog,25,opacity_prune,-0.0093994140625,-9.66191291809082e-05,-8.931010961532593e-05,0,0,0,0,0,105852,105860
hotdog,25,no_guard,-0.0093994140625,-9.66191291809082e-05,-8.931010961532593e-05,0,0,0,0,0,105852,105852
hotdog,26,wide_control,0.0024757385253906,-4.32729721069336e-05,-0.0002426095306873,0,0,0,0,0,105481,105481
hotdog,26,eigen_floor,-0.0123100280761718,-7.635354995727539e-05,-0.0001036413013935,0,0,0,0,0,105481,105481
hotdog,26,integer_pd,-0.0123100280761718,-7.635354995727539e-05,-0.0001036413013935,0,0,0,0,0,105481,105481
hotdog,26,opacity_prune,-0.0123100280761718,-7.635354995727539e-05,-0.0001036413013935,0,0,0,0,0,105481,105481
hotdog,26,no_guard,-0.0123100280761718,-7.635354995727539e-05,-0.0001036413013935,0,0,0,0,0,105481,105481
hotdog,27,wide_control,0.0013313293457031,-4.190206527709961e-05,-0.0001729503273963,0,0,0,0,0,105963,105963
hotdog,27,eigen_floor,-0.0224533081054687,-0.0001037120819091,-8.163228631019592e-05,0,0,0,0,0,105963,105956
hotdog,27,integer_pd,-0.0224533081054687,-0.0001037120819091,-8.163228631019592e-05,0,0,0,0,0,105963,105956
hotdog,27,opacity_prune,-0.0224533081054687,-0.0001037120819091,-8.163228631019592e-05,0,0,0,0,0,105963,105956
hotdog,27,no_guard,-0.0224533081054687,-0.0001037120819091,-8.163228631019592e-05,0,0,0,0,0,105963,105963
hotdog,28,wide_control,0.0006179809570312,-4.369020462036133e-05,-0.0002350397408008,0,0,0,0,0,105620,105620
hotdog,28,eigen_floor,-0.0228958129882812,-0.0001049637794494,-5.314871668815613e-05,0,0,0,0,0,105620,105620
hotdog,28,integer_pd,-0.0228958129882812,-0.0001049637794494,-5.314871668815613e-05,0,0,0,0,0,105620,105620
hotdog,28,opacity_prune,-0.0228958129882812,-0.0001049637794494,-5.314871668815613e-05,0,0,0,0,0,105620,105620
hotdog,28,no_guard,-0.0228958129882812,-0.0001049637794494,-5.314871668815613e-05,0,0,0,0,0,105620,105620
hotdog,29,wide_control,0.0002288818359375,-4.422664642333984e-05,-0.0001593604683876,0,0,0,0,0,105986,105986
hotdog,29,eigen_floor,-0.0198936462402343,-8.225440979003906e-05,-1.32732093334198e-05,0,0,0,0,0,105986,105984
hotdog,29,integer_pd,-0.0198936462402343,-8.225440979003906e-05,-1.32732093334198e-05,0,0,0,0,0,105986,105984
hotdog,29,opacity_prune,-0.0198936462402343,-8.225440979003906e-05,-1.32732093334198e-05,0,0,0,0,0,105986,105984
hotdog,29,no_guard,-0.0198936462402343,-8.225440979003906e-05,-1.32732093334198e-05,0,0,0,0,0,105986,105986
hotdog,30,wide_control,-0.0019035339355468,-4.976987838745117e-05,-8.869916200637817e-05,0,0,0,0,0,105975,105975
hotdog,30,eigen_floor,-0.0163192749023437,-9.006261825561523e-05,2.2664666175842285e-05,0,0,0,0,0,105975,105970
hotdog,30,integer_pd,-0.0163192749023437,-9.006261825561523e-05,2.2664666175842285e-05,0,0,0,0,0,105975,105970
hotdog,30,opacity_prune,-0.0163192749023437,-9.006261825561523e-05,2.2664666175842285e-05,0,0,0,0,0,105975,105970
hotdog,30,no_guard,-0.0163192749023437,-9.006261825561523e-05,2.2664666175842285e-05,0,0,0,0,0,105975,105975
hotdog,31,wide_control,-0.0001258850097656,-3.600120544433594e-05,-9.096413850784302e-05,0,0,0,0,0,106104,106104
hotdog,31,eigen_floor,-0.020782470703125,-7.915496826171875e-05,-0.0001004412770271,0,0,0,0,0,106104,106099
hotdog,31,integer_pd,-0.020782470703125,-7.915496826171875e-05,-0.0001004412770271,0,0,0,0,0,106104,106099
hotdog,31,opacity_prune,-0.020782470703125,-7.915496826171875e-05,-0.0001004412770271,0,0,0,0,0,106104,106099
hotdog,31,no_guard,-0.020782470703125,-7.915496826171875e-05,-0.0001004412770271,0,0,0,0,0,106104,106104
hotdog,32,wide_control,-0.0030517578125,-4.506111145019531e-05,-0.0002282448112964,0,0,0,0,0,106183,106183
hotdog,32,eigen_floor,-0.0263710021972656,-9.000301361083984e-05,-7.126107811927795e-05,0,0,0,0,0,106183,106196
hotdog,32,integer_pd,-0.0263710021972656,-9.000301361083984e-05,-7.126107811927795e-05,0,0,0,0,0,106183,106196
hotdog,32,opacity_prune,-0.0263710021972656,-9.000301361083984e-05,-7.126107811927795e-05,0,0,0,0,0,106183,106196
hotdog,32,no_guard,-0.0263710021972656,-9.000301361083984e-05,-7.126107811927795e-05,0,0,0,0,0,106183,106183
hotdog,33,wide_control,-0.0014801025390625,-3.904104232788086e-05,-0.0002229064702987,0,0,0,0,0,106372,106372
hotdog,33,eigen_floor,-0.0298423767089843,-8.159875869750977e-05,-0.0001342929899692,0,0,0,0,0,106372,106375
hotdog,33,integer_pd,-0.0298423767089843,-8.159875869750977e-05,-0.0001342929899692,0,0,0,0,0,106372,106375
hotdog,33,opacity_prune,-0.0298423767089843,-8.159875869750977e-05,-0.0001342929899692,0,0,0,0,0,106372,106375
hotdog,33,no_guard,-0.0298423767089843,-8.159875869750977e-05,-0.0001342929899692,0,0,0,0,0,106372,106372
hotdog,34,wide_control,0.0016059875488281,-2.753734588623047e-05,-0.0001305788755416,0,0,0,0,0,106121,106121
hotdog,34,eigen_floor,-0.0201530456542968,-7.784366607666016e-05,-7.240474224090576e-05,0,0,0,0,0,106121,106123
hotdog,34,integer_pd,-0.0201530456542968,-7.784366607666016e-05,-7.240474224090576e-05,0,0,0,0,0,106121,106123
hotdog,34,opacity_prune,-0.0201530456542968,-7.784366607666016e-05,-7.240474224090576e-05,0,0,0,0,0,106121,106123
hotdog,34,no_guard,-0.0201530456542968,-7.784366607666016e-05,-7.240474224090576e-05,0,0,0,0,0,106121,106121
hotdog,35,wide_control,-0.003021240234375,-4.374980926513672e-05,-0.0001798942685127,0,0,0,0,0,105793,105793
hotdog,35,eigen_floor,-0.0338172912597656,-9.769201278686523e-05,-0.0001484602689743,0,0,0,0,0,105793,105793
hotdog,35,integer_pd,-0.0338172912597656,-9.769201278686523e-05,-0.0001484602689743,0,0,0,0,0,105793,105793
hotdog,35,opacity_prune,-0.0338172912597656,-9.769201278686523e-05,-0.0001484602689743,0,0,0,0,0,105793,105793
hotdog,35,no_guard,-0.0338172912597656,-9.769201278686523e-05,-0.000148456543684,0,0,0,0,0,105793,105793
hotdog,36,wide_control,-0.0014762878417968,-3.36766242980957e-05,-0.0001433193683624,0,0,0,0,0,105744,105744
hotdog,36,eigen_floor,-0.0163383483886718,-9.91225242614746e-05,-8.13901424407959e-05,0,0,0,0,0,105744,105733
hotdog,36,integer_pd,-0.0163383483886718,-9.91225242614746e-05,-8.13901424407959e-05,0,0,0,0,0,105744,105733
hotdog,36,opacity_prune,-0.0163383483886718,-9.91225242614746e-05,-8.13901424407959e-05,0,0,0,0,0,105744,105733
hotdog,36,no_guard,-0.0163383483886718,-9.91225242614746e-05,-8.13901424407959e-05,0,0,0,0,0,105744,105744
hotdog,37,wide_control,-9.5367431640625e-05,-3.588199615478516e-05,-0.0001764856278896,0,0,0,0,0,105854,105854
hotdog,37,eigen_floor,-0.013641357421875,-8.094310760498047e-05,-2.383440732955933e-05,0,0,0,0,0,105854,105865
hotdog,37,integer_pd,-0.013641357421875,-8.094310760498047e-05,-2.383440732955933e-05,0,0,0,0,0,105854,105865
hotdog,37,opacity_prune,-0.013641357421875,-8.094310760498047e-05,-2.383440732955933e-05,0,0,0,0,0,105854,105865
hotdog,37,no_guard,-0.013641357421875,-8.094310760498047e-05,-2.383440732955933e-05,0,0,0,0,0,105854,105854
hotdog,38,wide_control,-0.0009346008300781,-3.55839729309082e-05,-0.0002016574144363,0,0,0,0,0,105103,105103
hotdog,38,eigen_floor,-0.0108299255371093,-6.556510925292969e-05,-8.099526166915894e-05,0,0,0,0,0,105103,105104
hotdog,38,integer_pd,-0.0108299255371093,-6.556510925292969e-05,-8.099526166915894e-05,0,0,0,0,0,105103,105104
hotdog,38,opacity_prune,-0.0108299255371093,-6.556510925292969e-05,-8.099526166915894e-05,0,0,0,0,0,105103,105104
hotdog,38,no_guard,-0.0108299255371093,-6.556510925292969e-05,-8.099526166915894e-05,0,0,0,0,0,105103,105103
hotdog,39,wide_control,-0.0033912658691406,-3.9517879486083984e-05,-0.0002057999372482,0,0,0,0,0,104181,104181
hotdog,39,eigen_floor,-0.0144500732421875,-8.237361907958984e-05,-0.0001842975616455,0,0,0,0,0,104181,104184
hotdog,39,integer_pd,-0.0144500732421875,-8.237361907958984e-05,-0.0001842975616455,0,0,0,0,0,104181,104184
hotdog,39,opacity_prune,-0.0144500732421875,-8.237361907958984e-05,-0.0001842975616455,0,0,0,0,0,104181,104184
hotdog,39,no_guard,-0.0144500732421875,-8.237361907958984e-05,-0.0001842975616455,0,0,0,0,0,104181,104181
hotdog,40,wide_control,0.0011825561523437,-3.075599670410156e-05,-0.0001395568251609,0,0,0,0,0,103588,103588
hotdog,40,eigen_floor,-0.0207710266113281,-0.0001015067100524,-0.0001962482929229,0,0,0,0,0,103588,103591
hotdog,40,integer_pd,-0.0207710266113281,-0.0001015067100524,-0.0001962482929229,0,0,0,0,0,103588,103591
hotdog,40,opacity_prune,-0.0207710266113281,-0.0001015067100524,-0.0001962482929229,0,0,0,0,0,103588,103591
hotdog,40,no_guard,-0.0207710266113281,-0.0001015067100524,-0.0001962482929229,0,0,0,0,0,103588,103588
hotdog,41,wide_control,0.0018768310546875,-3.331899642944336e-05,-0.0002024248242378,0,0,0,0,0,102857,102857
hotdog,41,eigen_floor,-0.0061988830566406,-7.31348991394043e-05,-0.0002556480467319,0,0,0,0,0,102857,102875
hotdog,41,integer_pd,-0.0061988830566406,-7.31348991394043e-05,-0.0002556480467319,0,0,0,0,0,102857,102875
hotdog,41,opacity_prune,-0.0061988830566406,-7.31348991394043e-05,-0.0002556480467319,0,0,0,0,0,102857,102875
hotdog,41,no_guard,-0.0061988830566406,-7.31348991394043e-05,-0.0002556480467319,0,0,0,0,0,102857,102857
hotdog,42,wide_control,0.0028457641601562,-2.968311309814453e-05,-0.0002260394394397,0,0,0,0,0,102197,102197
hotdog,42,eigen_floor,-0.020721435546875,-7.253885269165039e-05,-0.0002450011670589,0,0,0,0,0,102197,102200
hotdog,42,integer_pd,-0.020721435546875,-7.253885269165039e-05,-0.0002450011670589,0,0,0,0,0,102197,102200
hotdog,42,opacity_prune,-0.020721435546875,-7.253885269165039e-05,-0.0002450011670589,0,0,0,0,0,102197,102200
hotdog,42,no_guard,-0.020721435546875,-7.253885269165039e-05,-0.0002450011670589,0,0,0,0,0,102197,102197
hotdog,43,wide_control,0.0002861022949218,-2.229213714599609e-05,-0.0002069249749183,0,0,0,0,0,101911,101911
hotdog,43,eigen_floor,-0.0161056518554687,-8.189678192138672e-05,-0.0001736842095851,0,0,0,0,0,101911,101909
hotdog,43,integer_pd,-0.0161056518554687,-8.189678192138672e-05,-0.0001736842095851,0,0,0,0,0,101911,101909
hotdog,43,opacity_prune,-0.0161056518554687,-8.189678192138672e-05,-0.0001736842095851,0,0,0,0,0,101911,101909
hotdog,43,no_guard,-0.0161056518554687,-8.189678192138672e-05,-0.0001736842095851,0,0,0,0,0,101911,101911
hotdog,44,wide_control,0.0003585815429687,-2.187490463256836e-05,-0.0002142377197742,0,0,0,0,0,100912,100912
hotdog,44,eigen_floor,-0.0130767822265625,-6.723403930664062e-05,-0.0001608505845069,0,0,0,0,0,100912,100906
hotdog,44,integer_pd,-0.0130767822265625,-6.723403930664062e-05,-0.0001608505845069,0,0,0,0,0,100912,100906
hotdog,44,opacity_prune,-0.0130767822265625,-6.723403930664062e-05,-0.0001608505845069,0,0,0,0,0,100912,100906
hotdog,44,no_guard,-0.0130767822265625,-6.723403930664062e-05,-0.0001608505845069,0,0,0,0,0,100912,100912
hotdog,45,wide_control,-0.0025711059570312,-2.712011337280273e-05,-0.0001724772155284,0,0,0,0,0,99497,99497
hotdog,45,eigen_floor,-0.0263824462890625,-8.559226989746094e-05,-0.0001834258437156,0,0,0,0,0,99497,99515
hotdog,45,integer_pd,-0.0263824462890625,-8.559226989746094e-05,-0.0001834258437156,0,0,0,0,0,99497,99515
hotdog,45,opacity_prune,-0.0263824462890625,-8.559226989746094e-05,-0.0001834258437156,0,0,0,0,0,99497,99515
hotdog,45,no_guard,-0.0263824462890625,-8.559226989746094e-05,-0.0001834258437156,0,0,0,0,0,99497,99497
hotdog,46,wide_control,-0.0026473999023437,-3.540515899658203e-05,-0.0002469308674335,0,0,0,0,0,98277,98277
hotdog,46,eigen_floor,-0.0083160400390625,-6.520748138427734e-05,-0.0001684054732322,0,0,0,0,0,98277,98286
hotdog,46,integer_pd,-0.0083160400390625,-6.520748138427734e-05,-0.0001684054732322,0,0,0,0,0,98277,98286
hotdog,46,opacity_prune,-0.0083160400390625,-6.520748138427734e-05,-0.0001684054732322,0,0,0,0,0,98277,98286
hotdog,46,no_guard,-0.0083160400390625,-6.520748138427734e-05,-0.0001684054732322,0,0,0,0,0,98277,98277
hotdog,47,wide_control,-0.0043106079101562,-3.0040740966796875e-05,-0.0002243444323539,0,0,0,0,0,97323,97323
hotdog,47,eigen_floor,-0.0187187194824218,-5.948543548583984e-05,-0.0002676434814929,0,0,0,0,0,97323,97322
hotdog,47,integer_pd,-0.0187187194824218,-5.948543548583984e-05,-0.0002676434814929,0,0,0,0,0,97323,97322
hotdog,47,opacity_prune,-0.0187187194824218,-5.948543548583984e-05,-0.0002676434814929,0,0,0,0,0,97323,97322
hotdog,47,no_guard,-0.0187187194824218,-5.948543548583984e-05,-0.0002676434814929,0,0,0,0,0,97323,97323
hotdog,48,wide_control,-0.0048446655273437,-2.813339233398437e-05,-0.0002136752009391,0,0,0,0,0,96714,96714
hotdog,48,eigen_floor,-0.026336669921875,-8.45193862915039e-05,-0.0001610815525054,0,0,0,0,0,96714,96713
hotdog,48,integer_pd,-0.026336669921875,-8.45193862915039e-05,-0.0001610815525054,0,0,0,0,0,96714,96713
hotdog,48,opacity_prune,-0.026336669921875,-8.45193862915039e-05,-0.0001610815525054,0,0,0,0,0,96714,96713
hotdog,48,no_guard,-0.026336669921875,-8.45193862915039e-05,-0.0001610815525054,0,0,0,0,0,96714,96714
hotdog,49,wide_control,-0.0042724609375,-2.9087066650390625e-05,-0.0001704767346382,0,0,0,0,0,95959,95959
hotdog,49,eigen_floor,-0.0221977233886718,-7.367134094238281e-05,-0.0001026168465614,0,0,0,0,0,95959,95955
hotdog,49,integer_pd,-0.0221977233886718,-7.367134094238281e-05,-0.0001026168465614,0,0,0,0,0,95959,95955
hotdog,49,opacity_prune,-0.0221977233886718,-7.367134094238281e-05,-0.0001026168465614,0,0,0,0,0,95959,95955
hotdog,49,no_guard,-0.0221977233886718,-7.367134094238281e-05,-0.0001026168465614,0,0,0,0,0,95959,95959
hotdog,50,wide_control,-0.0050010681152343,-3.254413604736328e-05,-0.0001803301274776,0,0,0,0,0,95070,95070
hotdog,50,eigen_floor,-0.015625,-8.004903793334961e-05,-7.618218660354614e-05,0,0,0,0,0,95070,95072
hotdog,50,integer_pd,-0.015625,-8.004903793334961e-05,-7.618218660354614e-05,0,0,0,0,0,95070,95072
hotdog,50,opacity_prune,-0.015625,-8.004903793334961e-05,-7.618218660354614e-05,0,0,0,0,0,95070,95072
hotdog,50,no_guard,-0.015625,-8.004903793334961e-05,-7.61672854423523e-05,0,0,0,0,0,95070,95070
hotdog,51,wide_control,-0.0051765441894531,-3.0040740966796875e-05,-0.0002039298415184,0,0,0,0,0,93999,93999
hotdog,51,eigen_floor,-0.02178955078125,-0.0001015067100524,-0.0001073218882083,0,0,0,0,0,93999,94001
hotdog,51,integer_pd,-0.02178955078125,-0.0001015067100524,-0.0001073218882083,0,0,0,0,0,93999,94001
hotdog,51,opacity_prune,-0.02178955078125,-0.0001015067100524,-0.0001073218882083,0,0,0,0,0,93999,94001
hotdog,51,no_guard,-0.02178955078125,-0.0001015067100524,-0.0001073218882083,0,0,0,0,0,93999,93999
hotdog,52,wide_control,-0.0020294189453125,-2.4259090423583984e-05,-0.0001789890229701,0,0,0,0,0,93572,93572
hotdog,52,eigen_floor,-0.0144729614257812,-7.474422454833984e-05,-0.0001462548971176,0,0,0,0,0,93572,93565
hotdog,52,integer_pd,-0.0144729614257812,-7.474422454833984e-05,-0.0001462548971176,0,0,0,0,0,93572,93565
hotdog,52,opacity_prune,-0.0144729614257812,-7.474422454833984e-05,-0.0001462548971176,0,0,0,0,0,93572,93565
hotdog,52,no_guard,-0.0144729614257812,-7.474422454833984e-05,-0.0001462548971176,0,0,0,0,0,93572,93572
hotdog,53,wide_control,-0.0023422241210937,-1.823902130126953e-05,-0.0001852810382843,0,0,0,0,0,93418,93418
hotdog,53,eigen_floor,-0.0300674438476562,-8.20159912109375e-05,-0.0001487843692302,0,0,0,0,0,93418,93419
hotdog,53,integer_pd,-0.0300674438476562,-8.20159912109375e-05,-0.0001487843692302,0,0,0,0,0,93418,93419
hotdog,53,opacity_prune,-0.0300674438476562,-8.20159912109375e-05,-0.0001487843692302,0,0,0,0,0,93418,93419
hotdog,53,no_guard,-0.0300674438476562,-8.20159912109375e-05,-0.0001487843692302,0,0,0,0,0,93418,93418
hotdog,54,wide_control,0.0004348754882812,-2.384185791015625e-05,-0.0002124011516571,0,0,0,0,0,92933,92933
hotdog,54,eigen_floor,-0.0124740600585937,-4.667043685913086e-05,-0.0002404265105724,0,0,0,0,0,92933,92932
hotdog,54,integer_pd,-0.0124740600585937,-4.667043685913086e-05,-0.0002404265105724,0,0,0,0,0,92933,92932
hotdog,54,opacity_prune,-0.0124740600585937,-4.667043685913086e-05,-0.0002404265105724,0,0,0,0,0,92933,92932
hotdog,54,no_guard,-0.0124740600585937,-4.667043685913086e-05,-0.0002404265105724,0,0,0,0,0,92933,92933
hotdog,55,wide_control,-0.0062332153320312,-3.3974647521972656e-05,-0.0002401322126388,0,0,0,0,0,92525,92525
hotdog,55,eigen_floor,-0.0286750793457031,-7.909536361694336e-05,-9.02041792869568e-05,0,0,0,0,0,92525,92525
hotdog,55,integer_pd,-0.0286750793457031,-7.909536361694336e-05,-9.02041792869568e-05,0,0,0,0,0,92525,92525
hotdog,55,opacity_prune,-0.0286750793457031,-7.909536361694336e-05,-9.02041792869568e-05,0,0,0,0,0,92525,92525
hotdog,55,no_guard,-0.0286750793457031,-7.909536361694336e-05,-9.019672870635986e-05,0,0,0,0,0,92525,92525
hotdog,56,wide_control,-0.0019073486328125,-2.09808349609375e-05,-0.0001614838838577,0,0,0,0,0,93267,93267
hotdog,56,eigen_floor,-0.0354881286621093,-9.54270362854004e-05,-0.0001605004072189,0,0,0,0,0,93267,93265
hotdog,56,integer_pd,-0.0354881286621093,-9.54270362854004e-05,-0.0001605004072189,0,0,0,0,0,93267,93265
hotdog,56,opacity_prune,-0.0354881286621093,-9.54270362854004e-05,-0.0001605004072189,0,0,0,0,0,93267,93265
hotdog,56,no_guard,-0.0354881286621093,-9.54270362854004e-05,-0.0001605004072189,0,0,0,0,0,93267,93267
hotdog,57,wide_control,-0.0001258850097656,-2.6226043701171875e-05,-0.0001811943948268,0,0,0,0,0,92447,92447
hotdog,57,eigen_floor,-0.0176162719726562,-6.514787673950195e-05,-0.000161450356245,0,0,0,0,0,92447,92446
hotdog,57,integer_pd,-0.0176162719726562,-6.514787673950195e-05,-0.000161450356245,0,0,0,0,0,92447,92446
hotdog,57,opacity_prune,-0.0176162719726562,-6.514787673950195e-05,-0.000161450356245,0,0,0,0,0,92447,92446
hotdog,57,no_guard,-0.0176162719726562,-6.514787673950195e-05,-0.0001614801585674,0,0,0,0,0,92447,92447
hotdog,58,wide_control,-0.0002784729003906,-2.9385089874267575e-05,-0.0002073906362056,0,0,0,0,0,92641,92641
hotdog,58,eigen_floor,-0.0107192993164062,-5.53131103515625e-05,-0.0001184865832328,0,0,0,0,0,92641,92646
hotdog,58,integer_pd,-0.0107192993164062,-5.53131103515625e-05,-0.0001184865832328,0,0,0,0,0,92641,92646
hotdog,58,opacity_prune,-0.0107192993164062,-5.53131103515625e-05,-0.0001184865832328,0,0,0,0,0,92641,92646
hotdog,58,no_guard,-0.0107192993164062,-5.53131103515625e-05,-0.0001184865832328,0,0,0,0,0,92641,92641
hotdog,59,wide_control,0.0012779235839843,-9.715557098388672e-06,-0.0002136044204235,0,0,0,0,0,92701,92701
hotdog,59,eigen_floor,-0.0107192993164062,-5.4717063903808594e-05,-0.0001004673540592,0,0,0,0,0,92701,92692
hotdog,59,integer_pd,-0.0107192993164062,-5.4717063903808594e-05,-0.0001004673540592,0,0,0,0,0,92701,92692
hotdog,59,opacity_prune,-0.0107192993164062,-5.4717063903808594e-05,-0.0001004673540592,0,0,0,0,0,92701,92692
hotdog,59,no_guard,-0.0107192993164062,-5.4717063903808594e-05,-0.0001004338264465,0,0,0,0,0,92701,92701
hotdog,60,wide_control,0.0062370300292968,-4.887580871582031e-06,-0.0001521930098533,0,0,0,0,0,93091,93091
hotdog,60,eigen_floor,-0.0030860900878906,-3.808736801147461e-05,-0.0001134425401687,0,0,0,0,0,93091,93079
hotdog,60,integer_pd,-0.0030860900878906,-3.808736801147461e-05,-0.0001134425401687,0,0,0,0,0,93091,93079
hotdog,60,opacity_prune,-0.0030860900878906,-3.808736801147461e-05,-0.0001134425401687,0,0,0,0,0,93091,93079
hotdog,60,no_guard,-0.0030860900878906,-3.808736801147461e-05,-0.0001134425401687,0,0,0,0,0,93091,93091
hotdog,61,wide_control,0.0119132995605468,-4.947185516357422e-06,-0.0001027025282382,0,0,0,0,0,92669,92669
hotdog,61,eigen_floor,-0.0218582153320312,-5.3882598876953125e-05,-9.280815720558168e-05,0,0,0,0,0,92669,92669
hotdog,61,integer_pd,-0.0218582153320312,-5.3882598876953125e-05,-9.280815720558168e-05,0,0,0,0,0,92669,92669
hotdog,61,opacity_prune,-0.0218582153320312,-5.3882598876953125e-05,-9.280815720558168e-05,0,0,0,0,0,92669,92669
hotdog,61,no_guard,-0.0218582153320312,-5.3882598876953125e-05,-9.280815720558168e-05,0,0,0,0,0,92669,92669
hotdog,62,wide_control,0.01873779296875,8.881092071533203e-06,-0.0002265125513076,0,0,0,0,0,92915,92915
hotdog,62,eigen_floor,-0.01214599609375,-6.35385513305664e-05,-0.0001308657228946,0,0,0,0,0,92915,92916
hotdog,62,integer_pd,-0.01214599609375,-6.35385513305664e-05,-0.0001308657228946,0,0,0,0,0,92915,92916
hotdog,62,opacity_prune,-0.01214599609375,-6.35385513305664e-05,-0.0001308657228946,0,0,0,0,0,92915,92916
hotdog,62,no_guard,-0.01214599609375,-6.35385513305664e-05,-0.0001308657228946,0,0,0,0,0,92915,92915
hotdog,63,wide_control,0.0203514099121093,1.430511474609375e-06,-0.0001611150801181,0,0,0,0,0,93149,93149
hotdog,63,eigen_floor,-0.00067138671875,-2.688169479370117e-05,-0.0001223236322402,0,0,0,0,0,93149,93145
hotdog,63,integer_pd,-0.00067138671875,-2.688169479370117e-05,-0.0001223236322402,0,0,0,0,0,93149,93145
hotdog,63,opacity_prune,-0.00067138671875,-2.688169479370117e-05,-0.0001223236322402,0,0,0,0,0,93149,93145
hotdog,63,no_guard,-0.00067138671875,-2.688169479370117e-05,-0.0001223236322402,0,0,0,0,0,93149,93149
hotdog,64,wide_control,0.0183601379394531,-5.4836273193359375e-06,-0.0001728609204292,0,0,0,0,0,92259,92259
hotdog,64,eigen_floor,-0.0057792663574218,-4.5418739318847656e-05,-0.0001083984971046,0,0,0,0,0,92259,92249
hotdog,64,integer_pd,-0.0057792663574218,-4.5418739318847656e-05,-0.0001083984971046,0,0,0,0,0,92259,92249
hotdog,64,opacity_prune,-0.0057792663574218,-4.5418739318847656e-05,-0.0001083984971046,0,0,0,0,0,92259,92249
hotdog,64,no_guard,-0.0057792663574218,-4.5418739318847656e-05,-0.0001083984971046,0,0,0,0,0,92259,92259
hotdog,65,wide_control,0.0121231079101562,7.390975952148437e-06,-0.0002150125801563,0,0,0,0,0,92651,92651
hotdog,65,eigen_floor,0.0004730224609375,-3.6776065826416016e-05,-0.0001534931361675,0,0,0,0,0,92651,92655
hotdog,65,integer_pd,0.0004730224609375,-3.6776065826416016e-05,-0.0001534931361675,0,0,0,0,0,92651,92655
hotdog,65,opacity_prune,0.0004730224609375,-3.6776065826416016e-05,-0.0001534931361675,0,0,0,0,0,92651,92655
hotdog,65,no_guard,0.0004730224609375,-3.6776065826416016e-05,-0.0001534931361675,0,0,0,0,0,92651,92651
hotdog,66,wide_control,0.0050811767578125,-2.3245811462402344e-06,-0.0001817978918552,0,0,0,0,0,92785,92785
hotdog,66,eigen_floor,-0.0186309814453125,-5.668401718139648e-05,-0.0001031644642353,0,0,0,0,0,92785,92787
hotdog,66,integer_pd,-0.0186309814453125,-5.668401718139648e-05,-0.0001031644642353,0,0,0,0,0,92785,92787
hotdog,66,opacity_prune,-0.0186309814453125,-5.668401718139648e-05,-0.0001031644642353,0,0,0,0,0,92785,92787
hotdog,66,no_guard,-0.0186309814453125,-5.668401718139648e-05,-0.0001031048595905,0,0,0,0,0,92785,92785
hotdog,67,wide_control,-0.0016555786132812,-2.443790435791016e-06,-0.0001349709928035,0,0,0,0,0,91913,91913
hotdog,67,eigen_floor,-0.0314788818359375,-6.884336471557617e-05,-7.320940494537354e-05,0,0,0,0,0,91913,91909
hotdog,67,integer_pd,-0.0314788818359375,-6.884336471557617e-05,-7.320940494537354e-05,0,0,0,0,0,91913,91909
hotdog,67,opacity_prune,-0.0314788818359375,-6.884336471557617e-05,-7.320940494537354e-05,0,0,0,0,0,91913,91909
hotdog,67,no_guard,-0.0314788818359375,-6.884336471557617e-05,-7.320195436477661e-05,0,0,0,0,0,91913,91913
hotdog,68,wide_control,-0.0071601867675781,-1.0967254638671877e-05,-0.0001614987850189,0,0,0,0,0,91692,91692
hotdog,68,eigen_floor,-0.0246734619140625,-6.967782974243164e-05,-8.397921919822693e-05,0,0,0,0,0,91692,91691
hotdog,68,integer_pd,-0.0246734619140625,-6.967782974243164e-05,-8.397921919822693e-05,0,0,0,0,0,91692,91691
hotdog,68,opacity_prune,-0.0246734619140625,-6.967782974243164e-05,-8.397921919822693e-05,0,0,0,0,0,91692,91691
hotdog,68,no_guard,-0.0246734619140625,-6.967782974243164e-05,-8.397921919822693e-05,0,0,0,0,0,91692,91692
hotdog,69,wide_control,-0.0076560974121093,-6.377696990966797e-06,-0.0001606866717338,0,0,0,0,0,92292,92292
hotdog,69,eigen_floor,-0.03399658203125,-5.882978439331055e-05,-8.691847324371338e-05,0,0,0,0,0,92292,92298
hotdog,69,integer_pd,-0.03399658203125,-5.882978439331055e-05,-8.691847324371338e-05,0,0,0,0,0,92292,92298
hotdog,69,opacity_prune,-0.03399658203125,-5.882978439331055e-05,-8.691847324371338e-05,0,0,0,0,0,92292,92298
hotdog,69,no_guard,-0.03399658203125,-5.882978439331055e-05,-8.691847324371338e-05,0,0,0,0,0,92292,92292
hotdog,70,wide_control,-0.0111961364746093,-6.198883056640625e-06,-0.00017049908638,0,0,0,0,0,91281,91281
hotdog,70,eigen_floor,-0.0401687622070312,-4.571676254272461e-05,-9.746849536895752e-05,0,0,0,0,0,91281,91281
hotdog,70,integer_pd,-0.0401687622070312,-4.571676254272461e-05,-9.746849536895752e-05,0,0,0,0,0,91281,91281
hotdog,70,opacity_prune,-0.0401687622070312,-4.571676254272461e-05,-9.746849536895752e-05,0,0,0,0,0,91281,91281
hotdog,70,no_guard,-0.0401687622070312,-4.571676254272461e-05,-9.746849536895752e-05,0,0,0,0,0,91281,91281
hotdog,71,wide_control,-0.0110702514648437,-6.318092346191406e-06,-0.0001553297042846,0,0,0,0,0,90287,90287
hotdog,71,eigen_floor,-0.0430259704589843,-4.476308822631836e-05,-0.0001462809741497,0,0,0,0,0,90287,90286
hotdog,71,integer_pd,-0.0430259704589843,-4.476308822631836e-05,-0.0001462809741497,0,0,0,0,0,90287,90286
hotdog,71,opacity_prune,-0.0430259704589843,-4.476308822631836e-05,-0.0001462809741497,0,0,0,0,0,90287,90286
hotdog,71,no_guard,-0.0430335998535156,-4.476308822631836e-05,-0.0001462288200855,0,0,0,0,0,90287,90287
hotdog,72,wide_control,-0.0145034790039062,-6.67572021484375e-06,-0.0001660995185375,0,0,0,0,0,90212,90212
hotdog,72,eigen_floor,-0.005340576171875,-2.920627593994141e-05,-0.0001346208155155,0,0,0,0,0,90212,90214
hotdog,72,integer_pd,-0.005340576171875,-2.920627593994141e-05,-0.0001346208155155,0,0,0,0,0,90212,90214
hotdog,72,opacity_prune,-0.005340576171875,-2.920627593994141e-05,-0.0001346208155155,0,0,0,0,0,90212,90214
hotdog,72,no_guard,-0.005340576171875,-2.920627593994141e-05,-0.0001346208155155,0,0,0,0,0,90212,90212
hotdog,73,wide_control,-0.0147018432617187,-2.2709369659423828e-05,-0.0001289509236812,0,0,0,0,0,89721,89721
hotdog,73,eigen_floor,-0.0225448608398437,-5.197525024414063e-05,-5.9332698583602905e-05,0,0,0,0,0,89721,89712
hotdog,73,integer_pd,-0.0225448608398437,-5.197525024414063e-05,-5.9332698583602905e-05,0,0,0,0,0,89721,89712
hotdog,73,opacity_prune,-0.0225448608398437,-5.197525024414063e-05,-5.9332698583602905e-05,0,0,0,0,0,89721,89712
hotdog,73,no_guard,-0.0225448608398437,-5.197525024414063e-05,-5.9332698583602905e-05,0,0,0,0,0,89721,89721
hotdog,74,wide_control,-0.0178985595703125,-2.199411392211914e-05,-8.339062333106995e-05,0,0,0,0,0,88060,88060
hotdog,74,eigen_floor,-0.0449867248535156,-6.788969039916992e-05,-5.4448843002319336e-05,0,0,0,0,0,88060,88060
hotdog,74,integer_pd,-0.0449867248535156,-6.788969039916992e-05,-5.4448843002319336e-05,0,0,0,0,0,88060,88060
hotdog,74,opacity_prune,-0.0449867248535156,-6.788969039916992e-05,-5.4448843002319336e-05,0,0,0,0,0,88060,88060
hotdog,74,no_guard,-0.0449867248535156,-6.788969039916992e-05,-5.444139242172241e-05,0,0,0,0,0,88060,88060
hotdog,75,wide_control,-0.0173149108886718,-1.3053417205810549e-05,-0.000127974897623,0,0,0,0,0,87597,87597
hotdog,75,eigen_floor,-0.0490188598632812,-5.1915645599365234e-05,-5.272403359413147e-05,0,0,0,0,0,87597,87597
hotdog,75,integer_pd,-0.0490188598632812,-5.1915645599365234e-05,-5.272403359413147e-05,0,0,0,0,0,87597,87597
hotdog,75,opacity_prune,-0.0490188598632812,-5.1915645599365234e-05,-5.272403359413147e-05,0,0,0,0,0,87597,87597
hotdog,75,no_guard,-0.0490188598632812,-5.1915645599365234e-05,-5.272403359413147e-05,0,0,0,0,0,87597,87597
hotdog,76,wide_control,-0.0189323425292968,-1.4185905456542969e-05,-0.0001254081726074,0,0,0,0,0,87334,87334
hotdog,76,eigen_floor,-0.026123046875,-5.412101745605469e-05,-0.0001183860003948,0,0,0,0,0,87334,87337
hotdog,76,integer_pd,-0.026123046875,-5.412101745605469e-05,-0.0001183860003948,0,0,0,0,0,87334,87337
hotdog,76,opacity_prune,-0.026123046875,-5.412101745605469e-05,-0.0001183860003948,0,0,0,0,0,87334,87337
hotdog,76,no_guard,-0.026123046875,-5.412101745605469e-05,-0.0001183860003948,0,0,0,0,0,87334,87334
hotdog,77,wide_control,-0.0158004760742187,-6.079673767089844e-06,-0.0001412257552146,0,0,0,0,0,86478,86478
hotdog,77,eigen_floor,-0.0307388305664062,-4.041194915771485e-05,-0.0001237168908119,0,0,0,0,0,86478,86477
hotdog,77,integer_pd,-0.0307388305664062,-4.041194915771485e-05,-0.0001237168908119,0,0,0,0,0,86478,86477
hotdog,77,opacity_prune,-0.0307388305664062,-4.041194915771485e-05,-0.0001237168908119,0,0,0,0,0,86478,86477
hotdog,77,no_guard,-0.0307388305664062,-4.041194915771485e-05,-0.0001237168908119,0,0,0,0,0,86478,86478
hotdog,78,wide_control,-0.0161933898925781,-1.4841556549072266e-05,-0.0001672059297561,0,0,0,0,0,85039,85039
hotdog,78,eigen_floor,-0.0428237915039062,-8.630752563476562e-05,-0.0001251436769962,0,0,0,0,0,85039,85041
hotdog,78,integer_pd,-0.0428237915039062,-8.630752563476562e-05,-0.0001251436769962,0,0,0,0,0,85039,85041
hotdog,78,opacity_prune,-0.0428237915039062,-8.630752563476562e-05,-0.0001251436769962,0,0,0,0,0,85039,85041
hotdog,78,no_guard,-0.0428237915039062,-8.630752563476562e-05,-0.0001251436769962,0,0,0,0,0,85039,85039
hotdog,79,wide_control,-0.0155792236328125,-9.179115295410156e-06,-0.0001611895859241,0,0,0,0,0,83866,83866
hotdog,79,eigen_floor,-0.0387039184570312,-6.407499313354492e-05,-0.0001208409667015,0,0,0,0,0,83866,83867
hotdog,79,integer_pd,-0.0387039184570312,-6.407499313354492e-05,-0.0001208409667015,0,0,0,0,0,83866,83867
hotdog,79,opacity_prune,-0.0387039184570312,-6.407499313354492e-05,-0.0001208409667015,0,0,0,0,0,83866,83867
hotdog,79,no_guard,-0.0387039184570312,-6.407499313354492e-05,-0.0001208409667015,0,0,0,0,0,83866,83866
hotdog,80,wide_control,-0.0097503662109375,4.529953002929688e-06,-0.0001507550477981,0,0,0,0,0,83287,83287
hotdog,80,eigen_floor,-0.0261726379394531,-1.6927719116210938e-05,-0.0001262128353118,0,0,0,0,0,83287,83285
hotdog,80,integer_pd,-0.0261726379394531,-1.6927719116210938e-05,-0.0001262128353118,0,0,0,0,0,83287,83285
hotdog,80,opacity_prune,-0.0261726379394531,-1.6927719116210938e-05,-0.0001262128353118,0,0,0,0,0,83287,83285
hotdog,80,no_guard,-0.0261726379394531,-1.6927719116210938e-05,-0.0001262128353118,0,0,0,0,0,83287,83287
hotdog,81,wide_control,-0.0087242126464843,-2.384185791015625e-06,-7.969141006469727e-05,0,0,0,0,0,82597,82597
hotdog,81,eigen_floor,-0.0041351318359375,-2.0444393157958984e-05,-0.0001346617937088,0,0,0,0,0,82597,82587
hotdog,81,integer_pd,-0.0041351318359375,-2.0444393157958984e-05,-0.0001346617937088,0,0,0,0,0,82597,82587
hotdog,81,opacity_prune,-0.0041351318359375,-2.0444393157958984e-05,-0.0001346617937088,0,0,0,0,0,82597,82587
hotdog,81,no_guard,-0.0041351318359375,-2.0444393157958984e-05,-0.0001346617937088,0,0,0,0,0,82597,82597
hotdog,82,wide_control,0.0003814697265625,2.2470951080322266e-05,-0.0001486428081989,0,0,0,0,0,81357,81357
hotdog,82,eigen_floor,-0.0152435302734375,-2.1278858184814453e-05,-0.0001383833587169,0,0,0,0,0,81357,81358
hotdog,82,integer_pd,-0.0152435302734375,-2.1278858184814453e-05,-0.0001383833587169,0,0,0,0,0,81357,81358
hotdog,82,opacity_prune,-0.0152435302734375,-2.1278858184814453e-05,-0.0001383833587169,0,0,0,0,0,81357,81358
hotdog,82,no_guard,-0.0152435302734375,-2.1278858184814453e-05,-0.0001383833587169,0,0,0,0,0,81357,81357
hotdog,83,wide_control,0.0017433166503906,3.719329833984375e-05,-0.0001712329685688,0,0,0,0,0,79635,79635
hotdog,83,eigen_floor,-0.0088233947753906,1.5020370483398438e-05,-0.000135388225317,0,0,0,0,0,79635,79642
hotdog,83,integer_pd,-0.0088233947753906,1.5020370483398438e-05,-0.000135388225317,0,0,0,0,0,79635,79642
hotdog,83,opacity_prune,-0.0088233947753906,1.5020370483398438e-05,-0.000135388225317,0,0,0,0,0,79635,79642
hotdog,83,no_guard,-0.0088233947753906,1.5020370483398438e-05,-0.000135388225317,0,0,0,0,0,79635,79635
hotdog,84,wide_control,0.005828857421875,5.197525024414063e-05,-0.0001357495784759,0,0,0,0,0,78397,78397
hotdog,84,eigen_floor,-0.0023651123046875,3.55839729309082e-05,-7.588788866996765e-05,0,0,0,0,0,78397,78401
hotdog,84,integer_pd,-0.0023651123046875,3.55839729309082e-05,-7.588788866996765e-05,0,0,0,0,0,78397,78401
hotdog,84,opacity_prune,-0.0023651123046875,3.55839729309082e-05,-7.588788866996765e-05,0,0,0,0,0,78397,78401
hotdog,84,no_guard,-0.0023651123046875,3.55839729309082e-05,-7.588788866996765e-05,0,0,0,0,0,78397,78397
hotdog,85,wide_control,0.0081443786621093,5.7220458984375e-05,-0.0001453012228012,0,0,0,0,0,77168,77168
hotdog,85,eigen_floor,0.014068603515625,4.333257675170898e-05,-5.733221769332886e-05,0,0,0,0,0,77168,77164
hotdog,85,integer_pd,0.014068603515625,4.333257675170898e-05,-5.733221769332886e-05,0,0,0,0,0,77168,77164
hotdog,85,opacity_prune,0.014068603515625,4.333257675170898e-05,-5.733221769332886e-05,0,0,0,0,0,77168,77164
hotdog,85,no_guard,0.014068603515625,4.333257675170898e-05,-5.733221769332886e-05,0,0,0,0,0,77168,77168
hotdog,86,wide_control,0.0117645263671875,9.16123390197754e-05,-0.0001038536429405,0,0,0,0,0,75859,75859
hotdog,86,eigen_floor,0.0024032592773437,8.809566497802734e-05,-0.0001106858253479,0,0,0,0,0,75859,75856
hotdog,86,integer_pd,0.0024032592773437,8.809566497802734e-05,-0.0001106858253479,0,0,0,0,0,75859,75856
hotdog,86,opacity_prune,0.0024032592773437,8.809566497802734e-05,-0.0001106858253479,0,0,0,0,0,75859,75856
hotdog,86,no_guard,0.0024032592773437,8.809566497802734e-05,-0.0001106858253479,0,0,0,0,0,75859,75859
hotdog,87,wide_control,0.0120124816894531,8.535385131835938e-05,-0.0001253634691238,0,0,0,0,0,74599,74599
hotdog,87,eigen_floor,0.0030860900878906,6.824731826782227e-05,-0.0001758635044097,0,0,0,0,0,74599,74597
hotdog,87,integer_pd,0.0030860900878906,6.824731826782227e-05,-0.0001758635044097,0,0,0,0,0,74599,74597
hotdog,87,opacity_prune,0.0030860900878906,6.824731826782227e-05,-0.0001758635044097,0,0,0,0,0,74599,74597
hotdog,87,no_guard,0.0030860900878906,6.824731826782227e-05,-0.0001758635044097,0,0,0,0,0,74599,74599
hotdog,88,wide_control,0.0140647888183593,9.739398956298828e-05,-0.000112734735012,0,0,0,0,0,73226,73226
hotdog,88,eigen_floor,0.0080986022949218,6.99162483215332e-05,-0.0001808702945709,0,0,0,0,0,73226,73232
hotdog,88,integer_pd,0.0080986022949218,6.99162483215332e-05,-0.0001808702945709,0,0,0,0,0,73226,73232
hotdog,88,opacity_prune,0.0080986022949218,6.99162483215332e-05,-0.0001808702945709,0,0,0,0,0,73226,73232
hotdog,88,no_guard,0.0080986022949218,6.99162483215332e-05,-0.0001808702945709,0,0,0,0,0,73226,73226
hotdog,89,wide_control,0.0114593505859375,0.0001014471054077,8.338689804077148e-05,0,0,0,0,0,71817,71817
hotdog,89,eigen_floor,0.0018768310546875,7.49826431274414e-05,-9.356439113616943e-05,0,0,0,0,0,71817,71820
hotdog,89,integer_pd,0.0018768310546875,7.49826431274414e-05,-9.356439113616943e-05,0,0,0,0,0,71817,71820
hotdog,89,opacity_prune,0.0018768310546875,7.49826431274414e-05,-9.356439113616943e-05,0,0,0,0,0,71817,71820
hotdog,89,no_guard,0.0018768310546875,7.49826431274414e-05,-9.356439113616943e-05,0,0,0,0,0,71817,71817
hotdog,90,wide_control,0.0118980407714843,9.167194366455078e-05,-0.0002460554242134,0,0,0,0,0,70570,70570
hotdog,90,eigen_floor,0.0129280090332031,6.890296936035156e-05,-0.0002319812774658,0,0,0,0,0,70570,70576
hotdog,90,integer_pd,0.0129280090332031,6.890296936035156e-05,-0.0002319812774658,0,0,0,0,0,70570,70576
hotdog,90,opacity_prune,0.0129280090332031,6.890296936035156e-05,-0.0002319812774658,0,0,0,0,0,70570,70576
hotdog,90,no_guard,0.0129280090332031,6.890296936035156e-05,-0.0002319812774658,0,0,0,0,0,70570,70570
hotdog,91,wide_control,0.0075302124023437,0.000104546546936,-0.0002069473266601,0,0,0,0,0,69195,69195
hotdog,91,eigen_floor,-0.0013046264648437,8.291006088256836e-05,-0.0001723393797874,0,0,0,0,0,69195,69195
hotdog,91,integer_pd,-0.0013046264648437,8.291006088256836e-05,-0.0001723393797874,0,0,0,0,0,69195,69195
hotdog,91,opacity_prune,-0.0013046264648437,8.291006088256836e-05,-0.0001723393797874,0,0,0,0,0,69195,69195
hotdog,91,no_guard,-0.0013046264648437,8.291006088256836e-05,-0.0001723393797874,0,0,0,0,0,69195,69195
hotdog,92,wide_control,0.0090065002441406,0.0001083016395568,-0.0001861006021499,0,0,0,0,0,67978,67978
hotdog,92,eigen_floor,-0.0038719177246093,5.400180816650391e-05,-0.0001619085669517,0,0,0,0,0,67978,67978
hotdog,92,integer_pd,-0.0038719177246093,5.400180816650391e-05,-0.0001619085669517,0,0,0,0,0,67978,67978
hotdog,92,opacity_prune,-0.0038719177246093,5.400180816650391e-05,-0.0001619085669517,0,0,0,0,0,67978,67978
hotdog,92,no_guard,-0.0038719177246093,5.400180816650391e-05,-0.0001619085669517,0,0,0,0,0,67978,67978
hotdog,93,wide_control,0.0078048706054687,0.0001030564308166,-0.0002636685967445,0,0,0,0,0,67158,67158
hotdog,93,eigen_floor,0.000640869140625,7.528066635131836e-05,-0.0002028718590736,0,0,0,0,0,67158,67161
hotdog,93,integer_pd,0.000640869140625,7.528066635131836e-05,-0.0002028718590736,0,0,0,0,0,67158,67161
hotdog,93,opacity_prune,0.000640869140625,7.528066635131836e-05,-0.0002028718590736,0,0,0,0,0,67158,67161
hotdog,93,no_guard,0.000640869140625,7.528066635131836e-05,-0.0002028718590736,0,0,0,0,0,67158,67158
hotdog,94,wide_control,0.0075149536132812,0.0001117587089538,-0.0002273470163345,0,0,0,0,0,66353,66353
hotdog,94,eigen_floor,0.0154190063476562,0.0001149177551269,-0.000215645879507,0,0,0,0,0,66353,66352
hotdog,94,integer_pd,0.0154190063476562,0.0001149177551269,-0.000215645879507,0,0,0,0,0,66353,66352
hotdog,94,opacity_prune,0.0154190063476562,0.0001149177551269,-0.000215645879507,0,0,0,0,0,66353,66352
hotdog,94,no_guard,0.0154190063476562,0.0001149177551269,-0.000215645879507,0,0,0,0,0,66353,66353
hotdog,95,wide_control,0.0135650634765625,0.0001178979873657,-0.0002170726656913,0,0,0,0,0,65534,65534
hotdog,95,eigen_floor,0.0046310424804687,8.14199447631836e-05,-0.0002017579972743,0,0,0,0,0,65534,65539
hotdog,95,integer_pd,0.0046310424804687,8.14199447631836e-05,-0.0002017579972743,0,0,0,0,0,65534,65539
hotdog,95,opacity_prune,0.0046310424804687,8.14199447631836e-05,-0.0002017579972743,0,0,0,0,0,65534,65539
hotdog,95,no_guard,0.0046310424804687,8.14199447631836e-05,-0.0002017579972743,0,0,0,0,0,65534,65534
hotdog,96,wide_control,0.0174331665039062,0.0001248121261596,-0.0001559518277645,0,0,0,0,0,64901,64901
hotdog,96,eigen_floor,0.0230827331542968,0.0001192092895507,-0.0001615062355995,0,0,0,0,0,64901,64905
hotdog,96,integer_pd,0.0230827331542968,0.0001192092895507,-0.0001615062355995,0,0,0,0,0,64901,64905
hotdog,96,opacity_prune,0.0230827331542968,0.0001192092895507,-0.0001615062355995,0,0,0,0,0,64901,64905
hotdog,96,no_guard,0.0230827331542968,0.0001192092895507,-0.0001615062355995,0,0,0,0,0,64901,64901
hotdog,97,wide_control,0.0187187194824218,0.0001258254051208,-0.0001696608960628,0,0,0,0,0,64215,64215
hotdog,97,eigen_floor,0.0240669250488281,0.0001311302185058,-0.0001243017613887,0,0,0,0,0,64215,64220
hotdog,97,integer_pd,0.0240669250488281,0.0001311302185058,-0.0001243017613887,0,0,0,0,0,64215,64220
hotdog,97,opacity_prune,0.0240669250488281,0.0001311302185058,-0.0001243017613887,0,0,0,0,0,64215,64220
hotdog,97,no_guard,0.0240669250488281,0.0001311302185058,-0.0001243017613887,0,0,0,0,0,64215,64215
hotdog,98,wide_control,0.0191001892089843,0.0001248121261596,-0.0001647528260946,0,0,0,0,0,63674,63674
hotdog,98,eigen_floor,0.0004653930664062,8.130073547363281e-05,-8.71904194355011e-05,0,0,0,0,0,63674,63679
hotdog,98,integer_pd,0.0004653930664062,8.130073547363281e-05,-8.71904194355011e-05,0,0,0,0,0,63674,63679
hotdog,98,opacity_prune,0.0004653930664062,8.130073547363281e-05,-8.71904194355011e-05,0,0,0,0,0,63674,63679
hotdog,98,no_guard,0.0004653930664062,8.130073547363281e-05,-8.71904194355011e-05,0,0,0,0,0,63674,63674
hotdog,99,wide_control,0.0072441101074218,0.0001066327095031,-0.0001996271312236,0,0,0,0,0,63983,63983
hotdog,99,eigen_floor,0.0042152404785156,8.45789909362793e-05,-5.3476542234420776e-05,0,0,0,0,0,63983,63983
hotdog,99,integer_pd,0.0042152404785156,8.45789909362793e-05,-5.3476542234420776e-05,0,0,0,0,0,63983,63983
hotdog,99,opacity_prune,0.0042152404785156,8.45789909362793e-05,-5.3476542234420776e-05,0,0,0,0,0,63983,63983
hotdog,99,no_guard,0.0042152404785156,8.45789909362793e-05,-5.3476542234420776e-05,0,0,0,0,0,63983,63983
hotdog,100,wide_control,0.0041427612304687,0.0001012086868286,-0.0001886487007141,0,0,0,0,0,64031,64031
hotdog,100,eigen_floor,-0.0007400512695312,6.443262100219727e-05,-0.0001425221562385,0,0,0,0,0,64031,64032
hotdog,100,integer_pd,-0.0007400512695312,6.443262100219727e-05,-0.0001425221562385,0,0,0,0,0,64031,64032
hotdog,100,opacity_prune,-0.0007400512695312,6.443262100219727e-05,-0.0001425221562385,0,0,0,0,0,64031,64032
hotdog,100,no_guard,-0.0007400512695312,6.443262100219727e-05,-0.0001425221562385,0,0,0,0,0,64031,64031
hotdog,101,wide_control,0.0032577514648437,0.0001006722450256,-0.0001505054533481,0,0,0,0,0,64088,64088
hotdog,101,eigen_floor,0.0013580322265625,8.416175842285156e-05,-0.0001081265509128,0,0,0,0,0,64088,64084
hotdog,101,integer_pd,0.0013580322265625,8.416175842285156e-05,-0.0001081265509128,0,0,0,0,0,64088,64084
hotdog,101,opacity_prune,0.0013580322265625,8.416175842285156e-05,-0.0001081265509128,0,0,0,0,0,64088,64084
hotdog,101,no_guard,0.0013580322265625,8.416175842285156e-05,-0.0001081265509128,0,0,0,0,0,64088,64088
hotdog,102,wide_control,0.0042762756347656,0.0001034140586853,-0.0001621916890144,0,0,0,0,0,64548,64548
hotdog,102,eigen_floor,-0.0095405578613281,6.204843521118164e-05,-0.0001230649650096,0,0,0,0,0,64548,64552
hotdog,102,integer_pd,-0.0095405578613281,6.204843521118164e-05,-0.0001230649650096,0,0,0,0,0,64548,64552
hotdog,102,opacity_prune,-0.0095405578613281,6.204843521118164e-05,-0.0001230649650096,0,0,0,0,0,64548,64552
hotdog,102,no_guard,-0.0095405578613281,6.204843521118164e-05,-0.0001230649650096,0,0,0,0,0,64548,64548
hotdog,103,wide_control,0.0050430297851562,0.0001063346862792,-0.0001486539840698,0,0,0,0,0,65154,65154
hotdog,103,eigen_floor,-0.00701904296875,6.961822509765625e-05,-0.0001238323748111,0,0,0,0,0,65154,65158
hotdog,103,integer_pd,-0.00701904296875,6.961822509765625e-05,-0.0001238323748111,0,0,0,0,0,65154,65158
hotdog,103,opacity_prune,-0.00701904296875,6.961822509765625e-05,-0.0001238323748111,0,0,0,0,0,65154,65158
hotdog,103,no_guard,-0.00701904296875,6.961822509765625e-05,-0.0001238323748111,0,0,0,0,0,65154,65154
hotdog,104,wide_control,0.0043716430664062,9.870529174804688e-05,-0.0001602247357368,0,0,0,0,0,65838,65838
hotdog,104,eigen_floor,0.0001182556152343,8.660554885864258e-05,-0.0001832470297813,0,0,0,0,0,65838,65842
hotdog,104,integer_pd,0.0001182556152343,8.660554885864258e-05,-0.0001832470297813,0,0,0,0,0,65838,65842
hotdog,104,opacity_prune,0.0001182556152343,8.660554885864258e-05,-0.0001832470297813,0,0,0,0,0,65838,65842
hotdog,104,no_guard,0.0001182556152343,8.660554885864258e-05,-0.0001832470297813,0,0,0,0,0,65838,65838
hotdog,105,wide_control,0.0048713684082031,0.0001034140586853,-0.0002034902572631,0,0,0,0,0,66539,66539
hotdog,105,eigen_floor,-0.0136947631835937,6.574392318725586e-05,-0.0001179501414299,0,0,0,0,0,66539,66545
hotdog,105,integer_pd,-0.0136947631835937,6.574392318725586e-05,-0.0001179501414299,0,0,0,0,0,66539,66545
hotdog,105,opacity_prune,-0.0136947631835937,6.574392318725586e-05,-0.0001179501414299,0,0,0,0,0,66539,66545
hotdog,105,no_guard,-0.0136947631835937,6.574392318725586e-05,-0.0001179501414299,0,0,0,0,0,66539,66539
hotdog,106,wide_control,0.0002403259277343,9.071826934814452e-05,-0.0001743473112583,0,0,0,0,0,67353,67353
hotdog,106,eigen_floor,-0.0029258728027343,8.380413055419922e-05,-0.0001397766172885,0,0,0,0,0,67353,67344
hotdog,106,integer_pd,-0.0029258728027343,8.380413055419922e-05,-0.0001397766172885,0,0,0,0,0,67353,67344
hotdog,106,opacity_prune,-0.0029258728027343,8.380413055419922e-05,-0.0001397766172885,0,0,0,0,0,67353,67344
hotdog,106,no_guard,-0.0029258728027343,8.380413055419922e-05,-0.0001397766172885,0,0,0,0,0,67353,67353
hotdog,107,wide_control,-0.0005378723144531,8.511543273925781e-05,-0.0001759268343448,0,0,0,0,0,67873,67873
hotdog,107,eigen_floor,0.0096664428710937,0.0001264214515686,-0.0001262463629245,0,0,0,0,0,67873,67877
hotdog,107,integer_pd,0.0096664428710937,0.0001264214515686,-0.0001262463629245,0,0,0,0,0,67873,67877
hotdog,107,opacity_prune,0.0096664428710937,0.0001264214515686,-0.0001262463629245,0,0,0,0,0,67873,67877
hotdog,107,no_guard,0.0096664428710937,0.0001264214515686,-0.0001262463629245,0,0,0,0,0,67873,67873
hotdog,108,wide_control,-0.0014152526855468,7.915496826171875e-05,-0.0001777745783329,0,0,0,0,0,68765,68765
hotdog,108,eigen_floor,-0.0112266540527343,4.112720489501953e-05,-0.0001823268830776,0,0,0,0,0,68765,68771
hotdog,108,integer_pd,-0.0112266540527343,4.112720489501953e-05,-0.0001823268830776,0,0,0,0,0,68765,68771
hotdog,108,opacity_prune,-0.0112266540527343,4.112720489501953e-05,-0.0001823268830776,0,0,0,0,0,68765,68771
hotdog,108,no_guard,-0.0112266540527343,4.112720489501953e-05,-0.0001823268830776,0,0,0,0,0,68765,68765
hotdog,109,wide_control,-0.0017013549804687,7.617473602294922e-05,-0.0002241618931293,0,0,0,0,0,69447,69447
hotdog,109,eigen_floor,-0.0025901794433593,7.903575897216797e-05,-0.000232346355915,0,0,0,0,0,69447,69446
hotdog,109,integer_pd,-0.0025901794433593,7.903575897216797e-05,-0.000232346355915,0,0,0,0,0,69447,69446
hotdog,109,opacity_prune,-0.0025901794433593,7.903575897216797e-05,-0.000232346355915,0,0,0,0,0,69447,69446
hotdog,109,no_guard,-0.0025901794433593,7.903575897216797e-05,-0.000232346355915,0,0,0,0,0,69447,69447
hotdog,110,wide_control,-0.0033912658691406,6.29425048828125e-05,-0.000188834965229,0,0,0,0,0,70191,70191
hotdog,110,eigen_floor,-0.0059356689453125,3.3795833587646484e-05,-0.0001600384712219,0,0,0,0,0,70191,70193
hotdog,110,integer_pd,-0.0059356689453125,3.3795833587646484e-05,-0.0001600384712219,0,0,0,0,0,70191,70193
hotdog,110,opacity_prune,-0.0059356689453125,3.3795833587646484e-05,-0.0001600384712219,0,0,0,0,0,70191,70193
hotdog,110,no_guard,-0.0059356689453125,3.3795833587646484e-05,-0.0001600384712219,0,0,0,0,0,70191,70191
hotdog,111,wide_control,-0.0003089904785156,6.461143493652344e-05,-0.0001941844820976,0,0,0,0,0,71239,71239
hotdog,111,eigen_floor,-0.0076942443847656,-1.3113021850585938e-06,-0.0001484602689743,0,0,0,0,0,71239,71244
hotdog,111,integer_pd,-0.0076942443847656,-1.3113021850585938e-06,-0.0001484602689743,0,0,0,0,0,71239,71244
hotdog,111,opacity_prune,-0.0076942443847656,-1.3113021850585938e-06,-0.0001484602689743,0,0,0,0,0,71239,71244
hotdog,111,no_guard,-0.0076942443847656,-1.3113021850585938e-06,-0.0001484602689743,0,0,0,0,0,71239,71239
hotdog,112,wide_control,-0.0004043579101562,5.823373794555664e-05,-0.0001890584826469,0,0,0,0,0,71986,71986
hotdog,112,eigen_floor,0.0015678405761718,1.9788742065429688e-05,-0.0001984573900699,0,0,0,0,0,71986,71983
hotdog,112,integer_pd,0.0015678405761718,1.9788742065429688e-05,-0.0001984573900699,0,0,0,0,0,71986,71983
hotdog,112,opacity_prune,0.0015678405761718,1.9788742065429688e-05,-0.0001984573900699,0,0,0,0,0,71986,71983
hotdog,112,no_guard,0.0015678405761718,1.9788742065429688e-05,-0.0001984573900699,0,0,0,0,0,71986,71986
hotdog,113,wide_control,0.0018310546875,6.598234176635742e-05,-0.000178474932909,0,0,0,0,0,72985,72985
hotdog,113,eigen_floor,0.0089035034179687,5.5849552154541016e-05,-9.887292981147766e-05,0,0,0,0,0,72985,72981
hotdog,113,integer_pd,0.0089035034179687,5.5849552154541016e-05,-9.887292981147766e-05,0,0,0,0,0,72985,72981
hotdog,113,opacity_prune,0.0089035034179687,5.5849552154541016e-05,-9.887292981147766e-05,0,0,0,0,0,72985,72981
hotdog,113,no_guard,0.0089035034179687,5.5849552154541016e-05,-9.887292981147766e-05,0,0,0,0,0,72985,72985
hotdog,114,wide_control,0.0027351379394531,6.29425048828125e-05,-0.0001778677105903,0,0,0,0,0,73679,73679
hotdog,114,eigen_floor,-0.0019035339355468,1.6689300537109375e-06,-0.0001913979649543,0,0,0,0,0,73679,73678
hotdog,114,integer_pd,-0.0019035339355468,1.6689300537109375e-06,-0.0001913979649543,0,0,0,0,0,73679,73678
hotdog,114,opacity_prune,-0.0019035339355468,1.6689300537109375e-06,-0.0001913979649543,0,0,0,0,0,73679,73678
hotdog,114,no_guard,-0.0019035339355468,1.6689300537109375e-06,-0.0001913979649543,0,0,0,0,0,73679,73679
hotdog,115,wide_control,0.0023384094238281,7.2479248046875e-05,-0.0001454129815101,0,0,0,0,0,74512,74512
hotdog,115,eigen_floor,0.0034217834472656,4.404783248901367e-05,-7.408112287521362e-05,0,0,0,0,0,74512,74515
hotdog,115,integer_pd,0.0034217834472656,4.404783248901367e-05,-7.408112287521362e-05,0,0,0,0,0,74512,74515
hotdog,115,opacity_prune,0.0034217834472656,4.404783248901367e-05,-7.408112287521362e-05,0,0,0,0,0,74512,74515
hotdog,115,no_guard,0.0034217834472656,4.404783248901367e-05,-7.408112287521362e-05,0,0,0,0,0,74512,74512
hotdog,116,wide_control,0.0003929138183593,6.699562072753906e-05,-0.0001797154545783,0,0,0,0,0,74920,74920
hotdog,116,eigen_floor,-0.0060157775878906,5.227327346801758e-05,-0.000166367739439,0,0,0,0,0,74920,74916
hotdog,116,integer_pd,-0.0060157775878906,5.227327346801758e-05,-0.000166367739439,0,0,0,0,0,74920,74916
hotdog,116,opacity_prune,-0.0060157775878906,5.227327346801758e-05,-0.000166367739439,0,0,0,0,0,74920,74916
hotdog,116,no_guard,-0.0060157775878906,5.227327346801758e-05,-0.000166367739439,0,0,0,0,0,74920,74920
hotdog,117,wide_control,-0.0013427734375,7.11679458618164e-05,-0.0001936852931976,0,0,0,0,0,76022,76022
hotdog,117,eigen_floor,-0.0030040740966796,5.257129669189453e-05,-0.0001408159732818,0,0,0,0,0,76022,76015
hotdog,117,integer_pd,-0.0030040740966796,5.257129669189453e-05,-0.0001408159732818,0,0,0,0,0,76022,76015
hotdog,117,opacity_prune,-0.0030040740966796,5.257129669189453e-05,-0.0001408159732818,0,0,0,0,0,76022,76015
hotdog,117,no_guard,-0.0030040740966796,5.257129669189453e-05,-0.0001408159732818,0,0,0,0,0,76022,76022
hotdog,118,wide_control,-0.0010433197021484,7.12275505065918e-05,-0.0001950524747371,0,0,0,0,0,76587,76587
hotdog,118,eigen_floor,-0.0053825378417968,3.0994415283203125e-05,-0.000204537063837,0,0,0,0,0,76587,76587
hotdog,118,integer_pd,-0.0053825378417968,3.0994415283203125e-05,-0.000204537063837,0,0,0,0,0,76587,76587
hotdog,118,opacity_prune,-0.0053825378417968,3.0994415283203125e-05,-0.000204537063837,0,0,0,0,0,76587,76587
hotdog,118,no_guard,-0.0053825378417968,3.0994415283203125e-05,-0.000204537063837,0,0,0,0,0,76587,76587
hotdog,119,wide_control,-0.0014839172363281,7.212162017822266e-05,-0.0002042241394519,0,0,0,0,0,77541,77541
hotdog,119,eigen_floor,-0.01123046875,2.396106719970703e-05,-0.0002918653190135,0,0,0,0,0,77541,77536
hotdog,119,integer_pd,-0.01123046875,2.396106719970703e-05,-0.0002918653190135,0,0,0,0,0,77541,77536
hotdog,119,opacity_prune,-0.01123046875,2.396106719970703e-05,-0.0002918653190135,0,0,0,0,0,77541,77536
hotdog,119,no_guard,-0.01123046875,2.396106719970703e-05,-0.0002918653190135,0,0,0,0,0,77541,77541
hotdog,120,wide_control,-0.00018310546875,7.522106170654297e-05,-0.0002689361572265,0,0,0,0,0,78410,78410
hotdog,120,eigen_floor,-0.000274658203125,7.522106170654297e-05,-0.0002443306148052,0,0,0,0,0,78410,78410
hotdog,120,integer_pd,-0.000274658203125,7.522106170654297e-05,-0.0002443306148052,0,0,0,0,0,78410,78410
hotdog,120,opacity_prune,-0.000274658203125,7.522106170654297e-05,-0.0002443306148052,0,0,0,0,0,78410,78410
hotdog,120,no_guard,-0.000274658203125,7.522106170654297e-05,-0.0002443306148052,0,0,0,0,0,78410,78410
hotdog,121,wide_control,0.0007228851318359,7.855892181396484e-05,-0.0002131573855876,0,0,0,0,0,79166,79166
hotdog,121,eigen_floor,-0.0119075775146484,5.1021575927734375e-05,-0.0002210959792137,0,0,0,0,0,79166,79167
hotdog,121,integer_pd,-0.0119075775146484,5.1021575927734375e-05,-0.0002210959792137,0,0,0,0,0,79166,79167
hotdog,121,opacity_prune,-0.0119075775146484,5.1021575927734375e-05,-0.0002210959792137,0,0,0,0,0,79166,79167
hotdog,121,no_guard,-0.0119075775146484,5.1021575927734375e-05,-0.0002210959792137,0,0,0,0,0,79166,79166
hotdog,122,wide_control,0.0025062561035156,8.106231689453125e-05,-0.0002708509564399,0,0,0,0,0,79216,79216
hotdog,122,eigen_floor,-0.0010566711425781,9.97781753540039e-05,-0.0002460218966007,0,0,0,0,0,79216,79216
hotdog,122,integer_pd,-0.0010566711425781,9.97781753540039e-05,-0.0002460218966007,0,0,0,0,0,79216,79216
hotdog,122,opacity_prune,-0.0010566711425781,9.97781753540039e-05,-0.0002460218966007,0,0,0,0,0,79216,79216
hotdog,122,no_guard,-0.0010566711425781,9.97781753540039e-05,-0.0002460218966007,0,0,0,0,0,79216,79216
hotdog,123,wide_control,0.0027122497558593,8.177757263183594e-05,-0.0002107881009578,0,0,0,0,0,79769,79769
hotdog,123,eigen_floor,-0.0008926391601562,4.690885543823242e-05,-0.0001905970275402,0,0,0,0,0,79769,79769
hotdog,123,integer_pd,-0.0008926391601562,4.690885543823242e-05,-0.0001905970275402,0,0,0,0,0,79769,79769
hotdog,123,opacity_prune,-0.0008926391601562,4.690885543823242e-05,-0.0001905970275402,0,0,0,0,0,79769,79769
hotdog,123,no_guard,-0.000894546508789,4.684925079345703e-05,-0.0001904629170894,0,0,0,0,0,79769,79769
hotdog,124,wide_control,0.00238037109375,7.528066635131836e-05,-0.0001944191753864,0,0,0,0,0,80290,80290
hotdog,124,eigen_floor,0.0036582946777343,7.295608520507812e-05,-8.906051516532898e-05,0,0,0,0,0,80290,80293
hotdog,124,integer_pd,0.0036582946777343,7.295608520507812e-05,-8.906051516532898e-05,0,0,0,0,0,80290,80293
hotdog,124,opacity_prune,0.0036582946777343,7.295608520507812e-05,-8.906051516532898e-05,0,0,0,0,0,80290,80293
hotdog,124,no_guard,0.0036582946777343,7.295608520507812e-05,-8.906051516532898e-05,0,0,0,0,0,80290,80290
hotdog,125,wide_control,0.0030708312988281,5.990266799926758e-05,-0.0002417340874671,0,0,0,0,0,81114,81114
hotdog,125,eigen_floor,0.004730224609375,5.716085433959961e-05,-8.99285078048706e-05,0,0,0,0,0,81114,81111
hotdog,125,integer_pd,0.004730224609375,5.716085433959961e-05,-8.99285078048706e-05,0,0,0,0,0,81114,81111
hotdog,125,opacity_prune,0.004730224609375,5.716085433959961e-05,-8.99285078048706e-05,0,0,0,0,0,81114,81111
hotdog,125,no_guard,0.004730224609375,5.716085433959961e-05,-8.99285078048706e-05,0,0,0,0,0,81114,81114
hotdog,126,wide_control,0.0014839172363281,5.185604095458984e-05,-0.000269316136837,0,0,0,0,0,81637,81637
hotdog,126,eigen_floor,-0.0078086853027343,2.86102294921875e-05,-0.0001415163278579,0,0,0,0,0,81637,81636
hotdog,126,integer_pd,-0.0078086853027343,2.86102294921875e-05,-0.0001415163278579,0,0,0,0,0,81637,81636
hotdog,126,opacity_prune,-0.0078086853027343,2.86102294921875e-05,-0.0001415163278579,0,0,0,0,0,81637,81636
hotdog,126,no_guard,-0.0078086853027343,2.86102294921875e-05,-0.0001415163278579,0,0,0,0,0,81637,81637
hotdog,127,wide_control,-0.0025081634521484,3.3736228942871094e-05,-0.0001871213316917,0,0,0,0,0,81893,81893
hotdog,127,eigen_floor,-0.0187625885009765,-2.0325183868408203e-05,-0.0001589953899383,0,0,0,0,0,81893,81894
hotdog,127,integer_pd,-0.0187625885009765,-2.0325183868408203e-05,-0.0001589953899383,0,0,0,0,0,81893,81894
hotdog,127,opacity_prune,-0.0187625885009765,-2.0325183868408203e-05,-0.0001589953899383,0,0,0,0,0,81893,81894
hotdog,127,no_guard,-0.0187625885009765,-2.0325183868408203e-05,-0.0001589953899383,0,0,0,0,0,81893,81893
hotdog,128,wide_control,-0.0030441284179687,2.8431415557861328e-05,-0.0001957565546035,0,0,0,0,0,82648,82648
hotdog,128,eigen_floor,-0.0181388854980468,-2.1219253540039062e-05,-0.0001021511852741,0,0,0,0,0,82648,82651
hotdog,128,integer_pd,-0.0181388854980468,-2.1219253540039062e-05,-0.0001021511852741,0,0,0,0,0,82648,82651
hotdog,128,opacity_prune,-0.0181388854980468,-2.1219253540039062e-05,-0.0001021511852741,0,0,0,0,0,82648,82651
hotdog,128,no_guard,-0.0181388854980468,-2.1219253540039062e-05,-0.0001021511852741,0,0,0,0,0,82648,82648
hotdog,129,wide_control,-0.003936767578125,2.1457672119140625e-05,-0.0002542585134506,0,0,0,0,0,83913,83913
hotdog,129,eigen_floor,-0.0177955627441406,-2.491474151611328e-05,-0.0001832768321037,0,0,0,0,0,83913,83910
hotdog,129,integer_pd,-0.0177955627441406,-2.491474151611328e-05,-0.0001832768321037,0,0,0,0,0,83913,83910
hotdog,129,opacity_prune,-0.0177955627441406,-2.491474151611328e-05,-0.0001832768321037,0,0,0,0,0,83913,83910
hotdog,129,no_guard,-0.0177955627441406,-2.491474151611328e-05,-0.0001832768321037,0,0,0,0,0,83913,83913
hotdog,130,wide_control,-0.0041885375976562,1.0609626770019531e-05,-0.0002509094774723,0,0,0,0,0,84859,84859
hotdog,130,eigen_floor,-0.028961181640625,-2.8789043426513672e-05,-0.0001753456890583,0,0,0,0,0,84859,84866
hotdog,130,integer_pd,-0.028961181640625,-2.8789043426513672e-05,-0.0001753456890583,0,0,0,0,0,84859,84866
hotdog,130,opacity_prune,-0.028961181640625,-2.8789043426513672e-05,-0.0001753456890583,0,0,0,0,0,84859,84866
hotdog,130,no_guard,-0.028961181640625,-2.8789043426513672e-05,-0.0001753456890583,0,0,0,0,0,84859,84859
hotdog,131,wide_control,-0.0046424865722656,-4.529953002929688e-06,-0.0002367570996284,0,0,0,0,0,85067,85067
hotdog,131,eigen_floor,-0.0275840759277343,-4.2378902435302734e-05,-0.0001801773905754,0,0,0,0,0,85067,85063
hotdog,131,integer_pd,-0.0275840759277343,-4.2378902435302734e-05,-0.0001801773905754,0,0,0,0,0,85067,85063
hotdog,131,opacity_prune,-0.0275840759277343,-4.2378902435302734e-05,-0.0001801773905754,0,0,0,0,0,85067,85063
hotdog,131,no_guard,-0.0275840759277343,-4.2378902435302734e-05,-0.0001801773905754,0,0,0,0,0,85067,85067
hotdog,132,wide_control,-0.007904052734375,-7.033348083496094e-06,-0.0002161152660846,0,0,0,0,0,85723,85723
hotdog,132,eigen_floor,-0.0241432189941406,-4.655122756958008e-05,-0.0002821125090122,0,0,0,0,0,85723,85717
hotdog,132,integer_pd,-0.0241432189941406,-4.655122756958008e-05,-0.0002821125090122,0,0,0,0,0,85723,85717
hotdog,132,opacity_prune,-0.0241432189941406,-4.655122756958008e-05,-0.0002821125090122,0,0,0,0,0,85723,85717
hotdog,132,no_guard,-0.0241432189941406,-4.655122756958008e-05,-0.0002821125090122,0,0,0,0,0,85723,85723
hotdog,133,wide_control,-0.0103302001953125,-1.609325408935547e-05,-0.0001902133226394,0,0,0,0,0,86321,86321
hotdog,133,eigen_floor,-0.0405387878417968,-7.873773574829102e-05,-0.0001595355570316,0,0,0,0,0,86321,86329
hotdog,133,integer_pd,-0.0405387878417968,-7.873773574829102e-05,-0.0001595355570316,0,0,0,0,0,86321,86329
hotdog,133,opacity_prune,-0.0405387878417968,-7.873773574829102e-05,-0.0001595355570316,0,0,0,0,0,86321,86329
hotdog,133,no_guard,-0.0405387878417968,-7.873773574829102e-05,-0.0001595355570316,0,0,0,0,0,86321,86321
hotdog,134,wide_control,-0.0099029541015625,-1.996755599975586e-05,-0.0001549422740936,0,0,0,0,0,86252,86252
hotdog,134,eigen_floor,-0.0323829650878906,-5.173683166503906e-05,-9.867548942565918e-05,0,0,0,0,0,86252,86245
hotdog,134,integer_pd,-0.0323829650878906,-5.173683166503906e-05,-9.867548942565918e-05,0,0,0,0,0,86252,86245
hotdog,134,opacity_prune,-0.0323829650878906,-5.173683166503906e-05,-9.867548942565918e-05,0,0,0,0,0,86252,86245
hotdog,134,no_guard,-0.0323829650878906,-5.173683166503906e-05,-9.867548942565918e-05,0,0,0,0,0,86252,86252
hotdog,135,wide_control,-0.0074272155761718,-1.239776611328125e-05,-0.0001848004758358,0,0,0,0,0,86610,86610
hotdog,135,eigen_floor,-0.0254173278808593,-3.987550735473633e-05,-0.0001042895019054,0,0,0,0,0,86610,86601
hotdog,135,integer_pd,-0.0254173278808593,-3.987550735473633e-05,-0.0001042895019054,0,0,0,0,0,86610,86601
hotdog,135,opacity_prune,-0.0254173278808593,-3.987550735473633e-05,-0.0001042895019054,0,0,0,0,0,86610,86601
hotdog,135,no_guard,-0.0254173278808593,-3.987550735473633e-05,-0.0001042895019054,0,0,0,0,0,86610,86610
hotdog,136,wide_control,-0.0066986083984375,-1.2159347534179688e-05,-0.0002506785094738,0,0,0,0,0,87691,87691
hotdog,136,eigen_floor,-0.021148681640625,-3.0994415283203125e-05,-0.0002402402460575,0,0,0,0,0,87691,87686
hotdog,136,integer_pd,-0.021148681640625,-3.0994415283203125e-05,-0.0002402402460575,0,0,0,0,0,87691,87686
hotdog,136,opacity_prune,-0.021148681640625,-3.0994415283203125e-05,-0.0002402402460575,0,0,0,0,0,87691,87686
hotdog,136,no_guard,-0.021148681640625,-3.0994415283203125e-05,-0.0002402402460575,0,0,0,0,0,87691,87691
hotdog,137,wide_control,-0.0032119750976562,-6.258487701416016e-06,-0.0001932866871356,0,0,0,0,0,88530,88530
hotdog,137,eigen_floor,-0.0261383056640625,-4.0650367736816406e-05,-0.0001455917954444,0,0,0,0,0,88530,88534
hotdog,137,integer_pd,-0.0261383056640625,-4.0650367736816406e-05,-0.0001455917954444,0,0,0,0,0,88530,88534
hotdog,137,opacity_prune,-0.0261383056640625,-4.0650367736816406e-05,-0.0001455917954444,0,0,0,0,0,88530,88534
hotdog,137,no_guard,-0.0261383056640625,-4.0650367736816406e-05,-0.0001455917954444,0,0,0,0,0,88530,88530
hotdog,138,wide_control,0.0020980834960937,3.2782554626464844e-06,-0.000201441347599,0,0,0,0,0,88905,88905
hotdog,138,eigen_floor,-0.019134521484375,-3.838539123535156e-05,-0.0001147054135799,0,0,0,0,0,88905,88913
hotdog,138,integer_pd,-0.019134521484375,-3.838539123535156e-05,-0.0001147054135799,0,0,0,0,0,88905,88913
hotdog,138,opacity_prune,-0.019134521484375,-3.838539123535156e-05,-0.0001147054135799,0,0,0,0,0,88905,88913
hotdog,138,no_guard,-0.019134521484375,-3.838539123535156e-05,-0.0001147054135799,0,0,0,0,0,88905,88905
hotdog,139,wide_control,-0.001190185546875,-4.708766937255859e-06,-0.0001479387283325,0,0,0,0,0,89790,89790
hotdog,139,eigen_floor,-0.01788330078125,-4.976987838745117e-05,-0.0001671835780143,0,0,0,0,0,89790,89784
hotdog,139,integer_pd,-0.01788330078125,-4.976987838745117e-05,-0.0001671835780143,0,0,0,0,0,89790,89784
hotdog,139,opacity_prune,-0.01788330078125,-4.976987838745117e-05,-0.0001671835780143,0,0,0,0,0,89790,89784
hotdog,139,no_guard,-0.01788330078125,-4.976987838745117e-05,-0.0001671835780143,0,0,0,0,0,89790,89790
hotdog,140,wide_control,-0.0012054443359375,-7.092952728271484e-06,-0.0001591518521308,0,0,0,0,0,90193,90193
hotdog,140,eigen_floor,-0.0143241882324218,-4.112720489501953e-05,-0.0001242533326148,0,0,0,0,0,90193,90203
hotdog,140,integer_pd,-0.0143241882324218,-4.112720489501953e-05,-0.0001242533326148,0,0,0,0,0,90193,90203
hotdog,140,opacity_prune,-0.0143241882324218,-4.112720489501953e-05,-0.0001242533326148,0,0,0,0,0,90193,90203
hotdog,140,no_guard,-0.0143241882324218,-4.112720489501953e-05,-0.0001242533326148,0,0,0,0,0,90193,90193
hotdog,141,wide_control,-0.0066032409667968,-2.5272369384765625e-05,-0.0001508295536041,0,0,0,0,0,89756,89756
hotdog,141,eigen_floor,-0.0255661010742187,-5.900859832763672e-05,-0.0001786351203918,0,0,0,0,0,89756,89760
hotdog,141,integer_pd,-0.0255661010742187,-5.900859832763672e-05,-0.0001786351203918,0,0,0,0,0,89756,89760
hotdog,141,opacity_prune,-0.0255661010742187,-5.900859832763672e-05,-0.0001786351203918,0,0,0,0,0,89756,89760
hotdog,141,no_guard,-0.0255661010742187,-5.900859832763672e-05,-0.0001786351203918,0,0,0,0,0,89756,89756
hotdog,142,wide_control,-0.0073471069335937,-2.5272369384765625e-05,-9.822472929954527e-05,0,0,0,0,0,90280,90280
hotdog,142,eigen_floor,-0.0156097412109375,-5.364418029785156e-05,-0.0001013129949569,0,0,0,0,0,90280,90286
hotdog,142,integer_pd,-0.0156097412109375,-5.364418029785156e-05,-0.0001013129949569,0,0,0,0,0,90280,90286
hotdog,142,opacity_prune,-0.0156097412109375,-5.364418029785156e-05,-0.0001013129949569,0,0,0,0,0,90280,90286
hotdog,142,no_guard,-0.0156097412109375,-5.364418029785156e-05,-0.0001013129949569,0,0,0,0,0,90280,90280
hotdog,143,wide_control,-0.0004196166992187,-1.2934207916259766e-05,-0.000183131545782,0,0,0,0,0,90758,90758
hotdog,143,eigen_floor,-0.0145187377929687,-6.604194641113281e-05,-0.0001708976924419,0,0,0,0,0,90758,90764
hotdog,143,integer_pd,-0.0145187377929687,-6.604194641113281e-05,-0.0001708976924419,0,0,0,0,0,90758,90764
hotdog,143,opacity_prune,-0.0145187377929687,-6.604194641113281e-05,-0.0001708976924419,0,0,0,0,0,90758,90764
hotdog,143,no_guard,-0.0145187377929687,-6.604194641113281e-05,-0.0001708976924419,0,0,0,0,0,90758,90758
hotdog,144,wide_control,0.0008087158203125,-1.5974044799804688e-05,-0.000110562890768,0,0,0,0,0,90960,90960
hotdog,144,eigen_floor,-0.0066452026367187,-5.412101745605469e-05,-0.0001028627157211,0,0,0,0,0,90960,90959
hotdog,144,integer_pd,-0.0066452026367187,-5.412101745605469e-05,-0.0001028627157211,0,0,0,0,0,90960,90959
hotdog,144,opacity_prune,-0.0066452026367187,-5.412101745605469e-05,-0.0001028627157211,0,0,0,0,0,90960,90959
hotdog,144,no_guard,-0.0066452026367187,-5.412101745605469e-05,-0.0001028627157211,0,0,0,0,0,90960,90960
hotdog,145,wide_control,0.0005645751953125,-1.901388168334961e-05,-0.0001057460904121,0,0,0,0,0,91556,91556
hotdog,145,eigen_floor,-0.0114288330078125,-5.775690078735352e-05,-8.00788402557373e-05,0,0,0,0,0,91556,91553
hotdog,145,integer_pd,-0.0114288330078125,-5.775690078735352e-05,-8.00788402557373e-05,0,0,0,0,0,91556,91553
hotdog,145,opacity_prune,-0.0114288330078125,-5.775690078735352e-05,-8.00788402557373e-05,0,0,0,0,0,91556,91553
hotdog,145,no_guard,-0.0114288330078125,-5.775690078735352e-05,-8.00788402557373e-05,0,0,0,0,0,91556,91556
hotdog,146,wide_control,-0.0018577575683593,-2.0802021026611328e-05,-0.0001292526721954,0,0,0,0,0,91959,91959
hotdog,146,eigen_floor,-0.0120811462402343,-7.516145706176758e-05,-9.224563837051392e-05,0,0,0,0,0,91959,91968
hotdog,146,integer_pd,-0.0120811462402343,-7.516145706176758e-05,-9.224563837051392e-05,0,0,0,0,0,91959,91968
hotdog,146,opacity_prune,-0.0120811462402343,-7.516145706176758e-05,-9.224563837051392e-05,0,0,0,0,0,91959,91968
hotdog,146,no_guard,-0.0120811462402343,-7.516145706176758e-05,-9.224563837051392e-05,0,0,0,0,0,91959,91959
hotdog,147,wide_control,-0.0048866271972656,-2.104043960571289e-05,-0.0001171454787254,0,0,0,0,0,91971,91971
hotdog,147,eigen_floor,-0.0257682800292968,-7.236003875732422e-05,-0.0001012794673442,0,0,0,0,0,91971,91973
hotdog,147,integer_pd,-0.0257682800292968,-7.236003875732422e-05,-0.0001012794673442,0,0,0,0,0,91971,91973
hotdog,147,opacity_prune,-0.0257682800292968,-7.236003875732422e-05,-0.0001012794673442,0,0,0,0,0,91971,91973
hotdog,147,no_guard,-0.0257682800292968,-7.236003875732422e-05,-0.0001012794673442,0,0,0,0,0,91971,91971
hotdog,148,wide_control,-0.0060386657714843,-3.254413604736328e-05,-0.0001880936324596,0,0,0,0,0,91968,91968
hotdog,148,eigen_floor,-0.0207786560058593,-5.698204040527344e-05,-6.988272070884705e-05,0,0,0,0,0,91968,91973
hotdog,148,integer_pd,-0.0207786560058593,-5.698204040527344e-05,-6.988272070884705e-05,0,0,0,0,0,91968,91973
hotdog,148,opacity_prune,-0.0207786560058593,-5.698204040527344e-05,-6.988272070884705e-05,0,0,0,0,0,91968,91973
hotdog,148,no_guard,-0.0207786560058593,-5.698204040527344e-05,-6.988272070884705e-05,0,0,0,0,0,91968,91968
hotdog,149,wide_control,-0.0025787353515625,-2.062320709228516e-05,-0.0001488663256168,0,0,0,0,0,92609,92609
hotdog,149,eigen_floor,-0.022613525390625,-7.259845733642578e-05,-2.5402754545211792e-05,0,0,0,0,0,92609,92608
hotdog,149,integer_pd,-0.022613525390625,-7.259845733642578e-05,-2.5402754545211792e-05,0,0,0,0,0,92609,92608
hotdog,149,opacity_prune,-0.022613525390625,-7.259845733642578e-05,-2.5402754545211792e-05,0,0,0,0,0,92609,92608
hotdog,149,no_guard,-0.022613525390625,-7.259845733642578e-05,-2.5402754545211792e-05,0,0,0,0,0,92609,92609
hotdog,150,wide_control,-0.0049934387207031,-3.266334533691406e-05,-0.0001257508993148,0,0,0,0,0,93587,93587
hotdog,150,eigen_floor,-0.0177421569824218,-6.270408630371094e-05,-5.476921796798706e-05,0,0,0,0,0,93587,93589
hotdog,150,integer_pd,-0.0177421569824218,-6.270408630371094e-05,-5.476921796798706e-05,0,0,0,0,0,93587,93589
hotdog,150,opacity_prune,-0.0177421569824218,-6.270408630371094e-05,-5.476921796798706e-05,0,0,0,0,0,93587,93589
hotdog,150,no_guard,-0.0177421569824218,-6.270408630371094e-05,-5.476921796798706e-05,0,0,0,0,0,93587,93587
hotdog,151,wide_control,-0.0055122375488281,-2.9981136322021484e-05,-0.0001975521445274,0,0,0,0,0,93999,93999
hotdog,151,eigen_floor,-0.021514892578125,-0.0001013278961181,-0.000111237168312,0,0,0,0,0,93999,94002
hotdog,151,integer_pd,-0.021514892578125,-0.0001013278961181,-0.000111237168312,0,0,0,0,0,93999,94002
hotdog,151,opacity_prune,-0.021514892578125,-0.0001013278961181,-0.000111237168312,0,0,0,0,0,93999,94002
hotdog,151,no_guard,-0.021514892578125,-0.0001013278961181,-0.000111237168312,0,0,0,0,0,93999,93999
hotdog,152,wide_control,-0.00244140625,-3.331899642944336e-05,-0.0001372918486595,0,0,0,0,0,94673,94673
hotdog,152,eigen_floor,-0.0239105224609375,-9.709596633911131e-05,-7.447972893714905e-05,0,0,0,0,0,94673,94670
hotdog,152,integer_pd,-0.0239105224609375,-9.709596633911131e-05,-7.447972893714905e-05,0,0,0,0,0,94673,94670
hotdog,152,opacity_prune,-0.0239105224609375,-9.709596633911131e-05,-7.447972893714905e-05,0,0,0,0,0,94673,94670
hotdog,152,no_guard,-0.0239105224609375,-9.709596633911131e-05,-7.447972893714905e-05,0,0,0,0,0,94673,94673
hotdog,153,wide_control,-0.0009956359863281,-2.062320709228516e-05,-0.0001956410706043,0,0,0,0,0,96194,96194
hotdog,153,eigen_floor,-0.01287841796875,-5.4895877838134766e-05,-0.0001511573791503,0,0,0,0,0,96194,96203
hotdog,153,integer_pd,-0.01287841796875,-5.4895877838134766e-05,-0.0001511573791503,0,0,0,0,0,96194,96203
hotdog,153,opacity_prune,-0.01287841796875,-5.4895877838134766e-05,-0.0001511573791503,0,0,0,0,0,96194,96203
hotdog,153,no_guard,-0.01287841796875,-5.4895877838134766e-05,-0.0001511573791503,0,0,0,0,0,96194,96194
hotdog,154,wide_control,-0.0041313171386718,-3.057718276977539e-05,-0.0001634992659091,0,0,0,0,0,97244,97244
hotdog,154,eigen_floor,-0.0228614807128906,-9.65595245361328e-05,-0.0001507103443145,0,0,0,0,0,97244,97230
hotdog,154,integer_pd,-0.0228614807128906,-9.65595245361328e-05,-0.0001507103443145,0,0,0,0,0,97244,97230
hotdog,154,opacity_prune,-0.0228614807128906,-9.65595245361328e-05,-0.0001507103443145,0,0,0,0,0,97244,97230
hotdog,154,no_guard,-0.0228614807128906,-9.65595245361328e-05,-0.0001507103443145,0,0,0,0,0,97244,97244
hotdog,155,wide_control,-0.0033645629882812,-1.8775463104248047e-05,-0.0001885071396827,0,0,0,0,0,97727,97727
hotdog,155,eigen_floor,-0.0357666015625,-0.0001028776168823,-0.000194277614355,0,0,0,0,0,97727,97727
hotdog,155,integer_pd,-0.0357666015625,-0.0001028776168823,-0.000194277614355,0,0,0,0,0,97727,97727
hotdog,155,opacity_prune,-0.0357666015625,-0.0001028776168823,-0.000194277614355,0,0,0,0,0,97727,97727
hotdog,155,no_guard,-0.0357666015625,-0.0001028776168823,-0.000194277614355,0,0,0,0,0,97727,97727
hotdog,156,wide_control,-0.0064468383789062,-3.588199615478516e-05,-0.0002010911703109,0,0,0,0,0,99003,99003
hotdog,156,eigen_floor,-0.0264129638671875,-7.593631744384766e-05,-0.000159740447998,0,0,0,0,0,99003,99004
hotdog,156,integer_pd,-0.0264129638671875,-7.593631744384766e-05,-0.000159740447998,0,0,0,0,0,99003,99004
hotdog,156,opacity_prune,-0.0264129638671875,-7.593631744384766e-05,-0.000159740447998,0,0,0,0,0,99003,99004
hotdog,156,no_guard,-0.0264129638671875,-7.593631744384766e-05,-0.000159740447998,0,0,0,0,0,99003,99003
hotdog,157,wide_control,-0.003753662109375,-3.2961368560791016e-05,-0.0003161877393722,0,0,0,0,0,100470,100470
hotdog,157,eigen_floor,-0.0282058715820312,-9.101629257202148e-05,-0.0001668781042098,0,0,0,0,0,100470,100472
hotdog,157,integer_pd,-0.0282058715820312,-9.101629257202148e-05,-0.0001668781042098,0,0,0,0,0,100470,100472
hotdog,157,opacity_prune,-0.0282058715820312,-9.101629257202148e-05,-0.0001668781042098,0,0,0,0,0,100470,100472
hotdog,157,no_guard,-0.0282058715820312,-9.101629257202148e-05,-0.0001668781042098,0,0,0,0,0,100470,100470
hotdog,158,wide_control,-0.0064353942871093,-3.2782554626464844e-05,-0.0002095773816108,0,0,0,0,0,101625,101625
hotdog,158,eigen_floor,-0.0335769653320312,-8.70823860168457e-05,-0.0001886263489723,0,0,0,0,0,101625,101622
hotdog,158,integer_pd,-0.0335769653320312,-8.70823860168457e-05,-0.0001886263489723,0,0,0,0,0,101625,101622
hotdog,158,opacity_prune,-0.0335769653320312,-8.70823860168457e-05,-0.0001886263489723,0,0,0,0,0,101625,101622
hotdog,158,no_guard,-0.0335769653320312,-8.70823860168457e-05,-0.0001886263489723,0,0,0,0,0,101625,101625
hotdog,159,wide_control,-0.0106735229492187,-4.57763671875e-05,-0.0002506636083126,0,0,0,0,0,103221,103221
hotdog,159,eigen_floor,-0.0318832397460937,-9.697675704956056e-05,-0.0001008622348308,0,0,0,0,0,103221,103210
hotdog,159,integer_pd,-0.0318832397460937,-9.697675704956056e-05,-0.0001008622348308,0,0,0,0,0,103221,103210
hotdog,159,opacity_prune,-0.0318832397460937,-9.697675704956056e-05,-0.0001008622348308,0,0,0,0,0,103221,103210
hotdog,159,no_guard,-0.0318832397460937,-9.697675704956056e-05,-0.0001008622348308,0,0,0,0,0,103221,103221
hotdog,160,wide_control,-0.0068511962890625,-2.9981136322021484e-05,-0.0001963526010513,0,0,0,0,0,103877,103877
hotdog,160,eigen_floor,-0.033905029296875,-9.578466415405272e-05,-5.674362182617188e-05,0,0,0,0,0,103877,103872
hotdog,160,integer_pd,-0.033905029296875,-9.578466415405272e-05,-5.674362182617188e-05,0,0,0,0,0,103877,103872
hotdog,160,opacity_prune,-0.033905029296875,-9.578466415405272e-05,-5.674362182617188e-05,0,0,0,0,0,103877,103872
hotdog,160,no_guard,-0.033905029296875,-9.578466415405272e-05,-5.674362182617188e-05,0,0,0,0,0,103877,103877
hotdog,161,wide_control,-0.0075340270996093,-3.7789344787597656e-05,-0.0002371780574321,0,0,0,0,0,104690,104690
hotdog,161,eigen_floor,-0.0234603881835937,-9.381771087646484e-05,-0.0001382380723953,0,0,0,0,0,104690,104694
hotdog,161,integer_pd,-0.0234603881835937,-9.381771087646484e-05,-0.0001382380723953,0,0,0,0,0,104690,104694
hotdog,161,opacity_prune,-0.0234603881835937,-9.381771087646484e-05,-0.0001382380723953,0,0,0,0,0,104690,104694
hotdog,161,no_guard,-0.0234603881835937,-9.381771087646484e-05,-0.0001382380723953,0,0,0,0,0,104690,104690
hotdog,162,wide_control,-0.0103263854980468,-4.613399505615234e-05,-0.0002222470939159,0,0,0,0,0,105212,105212
hotdog,162,eigen_floor,-0.0289382934570312,-9.85264778137207e-05,-0.0001286342740058,0,0,0,0,0,105212,105204
hotdog,162,integer_pd,-0.0289382934570312,-9.85264778137207e-05,-0.0001286342740058,0,0,0,0,0,105212,105204
hotdog,162,opacity_prune,-0.0289382934570312,-9.85264778137207e-05,-0.0001286342740058,0,0,0,0,0,105212,105204
hotdog,162,no_guard,-0.0289382934570312,-9.85264778137207e-05,-0.0001286342740058,0,0,0,0,0,105212,105212
hotdog,163,wide_control,-0.0118522644042968,-4.32729721069336e-05,-0.0001934543251991,0,0,0,0,0,106344,106344
hotdog,163,eigen_floor,-0.0268440246582031,-9.554624557495116e-05,-9.88394021987915e-05,0,0,0,0,0,106344,106350
hotdog,163,integer_pd,-0.0268440246582031,-9.554624557495116e-05,-9.88394021987915e-05,0,0,0,0,0,106344,106350
hotdog,163,opacity_prune,-0.0268440246582031,-9.554624557495116e-05,-9.88394021987915e-05,0,0,0,0,0,106344,106350
hotdog,163,no_guard,-0.0268440246582031,-9.554624557495116e-05,-9.88394021987915e-05,0,0,0,0,0,106344,106344
hotdog,164,wide_control,-0.0110931396484375,-4.506111145019531e-05,-0.0002535134553909,0,0,0,0,0,106784,106784
hotdog,164,eigen_floor,-0.0220794677734375,-8.302927017211914e-05,-0.000191256403923,0,0,0,0,0,106784,106788
hotdog,164,integer_pd,-0.0220794677734375,-8.302927017211914e-05,-0.000191256403923,0,0,0,0,0,106784,106788
hotdog,164,opacity_prune,-0.0220794677734375,-8.302927017211914e-05,-0.000191256403923,0,0,0,0,0,106784,106788
hotdog,164,no_guard,-0.0220794677734375,-8.302927017211914e-05,-0.000191256403923,0,0,0,0,0,106784,106784
hotdog,165,wide_control,-0.011993408203125,-4.565715789794922e-05,-0.0002442598342895,0,0,0,0,0,107677,107677
hotdog,165,eigen_floor,-0.037139892578125,-9.864568710327148e-05,-0.0001130402088165,0,0,0,0,0,107677,107685
hotdog,165,integer_pd,-0.037139892578125,-9.864568710327148e-05,-0.0001130402088165,0,0,0,0,0,107677,107685
hotdog,165,opacity_prune,-0.037139892578125,-9.864568710327148e-05,-0.0001130402088165,0,0,0,0,0,107677,107685
hotdog,165,no_guard,-0.037139892578125,-9.864568710327148e-05,-0.0001130402088165,0,0,0,0,0,107677,107677
hotdog,166,wide_control,-0.0099067687988281,-3.612041473388672e-05,-0.0002022087574005,0,0,0,0,0,107977,107977
hotdog,166,eigen_floor,-0.0213356018066406,-8.219480514526367e-05,-0.0001634284853935,0,0,0,0,0,107977,107980
hotdog,166,integer_pd,-0.0213356018066406,-8.219480514526367e-05,-0.0001634284853935,0,0,0,0,0,107977,107980
hotdog,166,opacity_prune,-0.0213356018066406,-8.219480514526367e-05,-0.0001634284853935,0,0,0,0,0,107977,107980
hotdog,166,no_guard,-0.0213356018066406,-8.219480514526367e-05,-0.0001634284853935,0,0,0,0,0,107977,107977
hotdog,167,wide_control,-0.0118331909179687,-5.626678466796875e-05,-0.0002390667796134,0,0,0,0,0,108641,108641
hotdog,167,eigen_floor,-0.0401268005371093,-0.0001050233840942,-4.795193672180176e-05,0,0,0,0,0,108641,108645
hotdog,167,integer_pd,-0.0401268005371093,-0.0001050233840942,-4.795193672180176e-05,0,0,0,0,0,108641,108645
hotdog,167,opacity_prune,-0.0401268005371093,-0.0001050233840942,-4.795193672180176e-05,0,0,0,0,0,108641,108645
hotdog,167,no_guard,-0.0401268005371093,-0.0001050233840942,-4.795193672180176e-05,0,0,0,0,0,108641,108641
hotdog,168,wide_control,-0.0117568969726562,-5.1915645599365234e-05,-0.0002289116382598,0,0,0,0,0,108507,108507
hotdog,168,eigen_floor,-0.0317306518554687,-0.0001065731048583,-0.0001473575830459,0,0,0,0,0,108507,108505
hotdog,168,integer_pd,-0.0317306518554687,-0.0001065731048583,-0.0001473575830459,0,0,0,0,0,108507,108505
hotdog,168,opacity_prune,-0.0317306518554687,-0.0001065731048583,-0.0001473575830459,0,0,0,0,0,108507,108505
hotdog,168,no_guard,-0.0317306518554687,-0.0001065731048583,-0.0001473575830459,0,0,0,0,0,108507,108507
hotdog,169,wide_control,-0.0174179077148437,-6.145238876342773e-05,-0.000164657831192,0,0,0,0,0,109238,109238
hotdog,169,eigen_floor,-0.0390815734863281,-0.0001043677330017,-0.0001973025500774,0,0,0,0,0,109238,109229
hotdog,169,integer_pd,-0.0390815734863281,-0.0001043677330017,-0.0001973025500774,0,0,0,0,0,109238,109229
hotdog,169,opacity_prune,-0.0390815734863281,-0.0001043677330017,-0.0001973025500774,0,0,0,0,0,109238,109229
hotdog,169,no_guard,-0.0390815734863281,-0.0001042485237121,-0.000197410583496,0,0,0,0,0,109238,109238
hotdog,170,wide_control,-0.0098800659179687,-4.398822784423828e-05,-0.0002004094421863,0,0,0,0,0,109231,109231
hotdog,170,eigen_floor,-0.0430068969726562,-0.0001174211502075,-0.0001897625625133,0,0,0,0,0,109231,109213
hotdog,170,integer_pd,-0.0430068969726562,-0.0001174211502075,-0.0001897625625133,0,0,0,0,0,109231,109213
hotdog,170,opacity_prune,-0.0430068969726562,-0.0001174211502075,-0.0001897625625133,0,0,0,0,0,109231,109213
hotdog,170,no_guard,-0.0430068969726562,-0.0001174211502075,-0.0001897625625133,0,0,0,0,0,109231,109231
hotdog,171,wide_control,-0.0187835693359375,-5.930662155151367e-05,-0.0002627708017826,0,0,0,0,0,109218,109218
hotdog,171,eigen_floor,-0.0480117797851562,-0.0001207590103149,-0.0001747980713844,0,0,0,0,0,109218,109234
hotdog,171,integer_pd,-0.0480117797851562,-0.0001207590103149,-0.0001747980713844,0,0,0,0,0,109218,109234
hotdog,171,opacity_prune,-0.0480117797851562,-0.0001207590103149,-0.0001747980713844,0,0,0,0,0,109218,109234
hotdog,171,no_guard,-0.0480117797851562,-0.0001207590103149,-0.0001748539507389,0,0,0,0,0,109218,109218
hotdog,172,wide_control,-0.0138130187988281,-5.7697296142578125e-05,-0.0002534016966819,0,0,0,0,0,109306,109306
hotdog,172,eigen_floor,-0.0324172973632812,-0.0001047253608703,-0.0001846775412559,0,0,0,0,0,109306,109302
hotdog,172,integer_pd,-0.0324172973632812,-0.0001047253608703,-0.0001846775412559,0,0,0,0,0,109306,109302
hotdog,172,opacity_prune,-0.0324172973632812,-0.0001047253608703,-0.0001846775412559,0,0,0,0,0,109306,109302
hotdog,172,no_guard,-0.0324172973632812,-0.0001047253608703,-0.0001846775412559,0,0,0,0,0,109306,109306
hotdog,173,wide_control,-0.0117568969726562,-3.761053085327149e-05,-0.0002568885684013,0,0,0,0,0,108875,108875
hotdog,173,eigen_floor,-0.0398635864257812,-0.0001161098480224,-0.0002289377152919,0,0,0,0,0,108875,108873
hotdog,173,integer_pd,-0.0398635864257812,-0.0001161098480224,-0.0002289377152919,0,0,0,0,0,108875,108873
hotdog,173,opacity_prune,-0.0398635864257812,-0.0001161098480224,-0.0002289377152919,0,0,0,0,0,108875,108873
hotdog,173,no_guard,-0.0398635864257812,-0.0001161098480224,-0.0002289377152919,0,0,0,0,0,108875,108875
hotdog,174,wide_control,-0.0084381103515625,-5.042552947998047e-05,-0.000200368463993,0,0,0,0,0,109110,109110
hotdog,174,eigen_floor,-0.0320701599121093,-0.000106930732727,-0.0001561939716339,0,0,0,0,0,109110,109110
hotdog,174,integer_pd,-0.0320701599121093,-0.000106930732727,-0.0001561939716339,0,0,0,0,0,109110,109110
hotdog,174,opacity_prune,-0.0320701599121093,-0.000106930732727,-0.0001561939716339,0,0,0,0,0,109110,109110
hotdog,174,no_guard,-0.0320701599121093,-0.000106930732727,-0.0001561939716339,0,0,0,0,0,109110,109110
hotdog,175,wide_control,-0.0072517395019531,-3.916025161743164e-05,-0.0002014897763729,0,0,0,0,0,109098,109098
hotdog,175,eigen_floor,-0.0317420959472656,-0.0001133680343627,-0.0001303479075431,0,0,0,0,0,109098,109102
hotdog,175,integer_pd,-0.0317420959472656,-0.0001133680343627,-0.0001303479075431,0,0,0,0,0,109098,109102
hotdog,175,opacity_prune,-0.0317420959472656,-0.0001133680343627,-0.0001303479075431,0,0,0,0,0,109098,109102
hotdog,175,no_guard,-0.0317420959472656,-0.0001133680343627,-0.0001303479075431,0,0,0,0,0,109098,109098
hotdog,176,wide_control,-0.0063667297363281,-4.482269287109375e-05,-0.0001846812665462,0,0,0,0,0,108671,108671
hotdog,176,eigen_floor,-0.0149192810058593,-0.0001007318496704,-7.758289575576782e-05,0,0,0,0,0,108671,108682
hotdog,176,integer_pd,-0.0149192810058593,-0.0001007318496704,-7.758289575576782e-05,0,0,0,0,0,108671,108682
hotdog,176,opacity_prune,-0.0149192810058593,-0.0001007318496704,-7.758289575576782e-05,0,0,0,0,0,108671,108682
hotdog,176,no_guard,-0.0149192810058593,-0.0001007318496704,-7.758289575576782e-05,0,0,0,0,0,108671,108671
hotdog,177,wide_control,-0.0050125122070312,-4.112720489501953e-05,-0.0002073943614959,0,0,0,0,0,108354,108354
hotdog,177,eigen_floor,-0.0316123962402343,-0.0001174211502075,-8.210912346839905e-05,0,0,0,0,0,108354,108357
hotdog,177,integer_pd,-0.0316123962402343,-0.0001174211502075,-8.210912346839905e-05,0,0,0,0,0,108354,108357
hotdog,177,opacity_prune,-0.0316123962402343,-0.0001174211502075,-8.210912346839905e-05,0,0,0,0,0,108354,108357
hotdog,177,no_guard,-0.0316123962402343,-0.0001174211502075,-8.210912346839905e-05,0,0,0,0,0,108354,108354
hotdog,178,wide_control,-0.0060310363769531,-4.458427429199219e-05,-0.0001919232308864,0,0,0,0,0,108332,108332
hotdog,178,eigen_floor,-0.0309600830078125,-0.0001175999641418,-7.64504075050354e-05,0,0,0,0,0,108332,108345
hotdog,178,integer_pd,-0.0309600830078125,-0.0001175999641418,-7.64504075050354e-05,0,0,0,0,0,108332,108345
hotdog,178,opacity_prune,-0.0309600830078125,-0.0001175999641418,-7.64504075050354e-05,0,0,0,0,0,108332,108345
hotdog,178,no_guard,-0.0309600830078125,-0.0001175999641418,-7.64504075050354e-05,0,0,0,0,0,108332,108332
hotdog,179,wide_control,-0.011077880859375,-5.459785461425781e-05,-9.271875023841858e-05,0,0,0,0,0,108231,108231
hotdog,179,eigen_floor,-0.0296173095703125,-0.0001187920570373,-5.4605305194854736e-05,0,0,0,0,0,108231,108227
hotdog,179,integer_pd,-0.0296173095703125,-0.0001187920570373,-5.4605305194854736e-05,0,0,0,0,0,108231,108227
hotdog,179,opacity_prune,-0.0296173095703125,-0.0001187920570373,-5.4605305194854736e-05,0,0,0,0,0,108231,108227
hotdog,179,no_guard,-0.0296173095703125,-0.0001187920570373,-5.4582953453063965e-05,0,0,0,0,0,108231,108231
hotdog,180,wide_control,-0.0083274841308593,-5.525350570678711e-05,-0.0002253726124763,0,0,0,0,0,107829,107829
hotdog,180,eigen_floor,-0.026458740234375,-0.0001159310340881,-0.0001745894551277,0,0,0,0,0,107829,107822
hotdog,180,integer_pd,-0.026458740234375,-0.0001159310340881,-0.0001745894551277,0,0,0,0,0,107829,107822
hotdog,180,opacity_prune,-0.026458740234375,-0.0001159310340881,-0.0001745894551277,0,0,0,0,0,107829,107822
hotdog,180,no_guard,-0.026458740234375,-0.0001159310340881,-0.0001745894551277,0,0,0,0,0,107829,107829
hotdog,181,wide_control,-0.0072174072265625,-4.106760025024414e-05,-0.0001585930585861,0,0,0,0,0,107671,107671
hotdog,181,eigen_floor,-0.0312576293945312,-9.85860824584961e-05,-7.700547575950623e-05,0,0,0,0,0,107671,107669
hotdog,181,integer_pd,-0.0312576293945312,-9.85860824584961e-05,-7.700547575950623e-05,0,0,0,0,0,107671,107669
hotdog,181,opacity_prune,-0.0312576293945312,-9.85860824584961e-05,-7.700547575950623e-05,0,0,0,0,0,107671,107669
hotdog,181,no_guard,-0.0312576293945312,-9.85860824584961e-05,-7.700175046920776e-05,0,0,0,0,0,107671,107671
hotdog,182,wide_control,-0.0048141479492187,-4.214048385620117e-05,-0.0001924633979797,0,0,0,0,0,107461,107461
hotdog,182,eigen_floor,-0.0243682861328125,-0.0001272559165954,-0.0001237653195858,0,0,0,0,0,107461,107458
hotdog,182,integer_pd,-0.0243682861328125,-0.0001272559165954,-0.0001237653195858,0,0,0,0,0,107461,107458
hotdog,182,opacity_prune,-0.0243682861328125,-0.0001272559165954,-0.0001237653195858,0,0,0,0,0,107461,107458
hotdog,182,no_guard,-0.0243682861328125,-0.0001272559165954,-0.0001237653195858,0,0,0,0,0,107461,107461
hotdog,183,wide_control,-0.0027389526367187,-3.49879264831543e-05,-0.0002304837107658,0,0,0,0,0,107070,107070
hotdog,183,eigen_floor,-0.0247764587402343,-0.0001137256622314,-3.1363219022750854e-05,0,0,0,0,0,107070,107079
hotdog,183,integer_pd,-0.0247764587402343,-0.0001137256622314,-3.1363219022750854e-05,0,0,0,0,0,107070,107079
hotdog,183,opacity_prune,-0.0247764587402343,-0.0001137256622314,-3.1363219022750854e-05,0,0,0,0,0,107070,107079
hotdog,183,no_guard,-0.0247764587402343,-0.0001137256622314,-3.1363219022750854e-05,0,0,0,0,0,107070,107070
hotdog,184,wide_control,-0.0047416687011718,-4.094839096069336e-05,-0.0002017654478549,0,0,0,0,0,106888,106888
hotdog,184,eigen_floor,-0.0191802978515625,-8.845329284667969e-05,-7.371604442596436e-05,0,0,0,0,0,106888,106889
hotdog,184,integer_pd,-0.0191802978515625,-8.845329284667969e-05,-7.371604442596436e-05,0,0,0,0,0,106888,106889
hotdog,184,opacity_prune,-0.0191802978515625,-8.845329284667969e-05,-7.371604442596436e-05,0,0,0,0,0,106888,106889
hotdog,184,no_guard,-0.0191726684570312,-8.83936882019043e-05,-7.37607479095459e-05,0,0,0,0,0,106888,106888
hotdog,185,wide_control,-0.0034599304199218,-3.2961368560791016e-05,-0.0001594200730323,0,0,0,0,0,106549,106549
hotdog,185,eigen_floor,-0.027099609375,-0.0001097321510314,-6.078928709030152e-05,0,0,0,0,0,106549,106542
hotdog,185,integer_pd,-0.027099609375,-0.0001097321510314,-6.078928709030152e-05,0,0,0,0,0,106549,106542
hotdog,185,opacity_prune,-0.027099609375,-0.0001097321510314,-6.078928709030152e-05,0,0,0,0,0,106549,106542
hotdog,185,no_guard,-0.027099609375,-0.0001097321510314,-6.078928709030152e-05,0,0,0,0,0,106549,106549
hotdog,186,wide_control,-0.0068283081054687,-4.684925079345703e-05,-0.0002321936190128,0,0,0,0,0,105831,105831
hotdog,186,eigen_floor,-0.0288047790527343,-9.244680404663086e-05,-6.238743662834167e-05,0,0,0,0,0,105831,105844
hotdog,186,integer_pd,-0.0288047790527343,-9.244680404663086e-05,-6.238743662834167e-05,0,0,0,0,0,105831,105844
hotdog,186,opacity_prune,-0.0288047790527343,-9.244680404663086e-05,-6.238743662834167e-05,0,0,0,0,0,105831,105844
hotdog,186,no_guard,-0.0288047790527343,-9.244680404663086e-05,-6.238743662834167e-05,0,0,0,0,0,105831,105831
hotdog,187,wide_control,-0.003814697265625,-2.789497375488281e-05,-0.0001839138567447,0,0,0,0,0,105338,105338
hotdog,187,eigen_floor,-0.0244903564453125,-9.745359420776369e-05,-8.023157715797424e-05,0,0,0,0,0,105338,105337
hotdog,187,integer_pd,-0.0244903564453125,-9.745359420776369e-05,-8.023157715797424e-05,0,0,0,0,0,105338,105337
hotdog,187,opacity_prune,-0.0244903564453125,-9.745359420776369e-05,-8.023157715797424e-05,0,0,0,0,0,105338,105337
hotdog,187,no_guard,-0.0244903564453125,-9.745359420776369e-05,-8.023157715797424e-05,0,0,0,0,0,105338,105338
hotdog,188,wide_control,-0.005584716796875,-4.351139068603516e-05,-0.0001860857009887,0,0,0,0,0,104772,104772
hotdog,188,eigen_floor,-0.0196342468261718,-0.0001147389411926,-3.728270530700684e-05,0,0,0,0,0,104772,104765
hotdog,188,integer_pd,-0.0196342468261718,-0.0001147389411926,-3.728270530700684e-05,0,0,0,0,0,104772,104765
hotdog,188,opacity_prune,-0.0196342468261718,-0.0001147389411926,-3.728270530700684e-05,0,0,0,0,0,104772,104765
hotdog,188,no_guard,-0.0196342468261718,-0.0001147389411926,-3.728270530700684e-05,0,0,0,0,0,104772,104772
hotdog,189,wide_control,-0.0030326843261718,-3.409385681152344e-05,-0.0001581162214279,0,0,0,0,0,104487,104487
hotdog,189,eigen_floor,-0.020782470703125,-9.41157341003418e-05,-7.45430588722229e-06,0,0,0,0,0,104487,104488
hotdog,189,integer_pd,-0.020782470703125,-9.41157341003418e-05,-7.45430588722229e-06,0,0,0,0,0,104487,104488
hotdog,189,opacity_prune,-0.020782470703125,-9.41157341003418e-05,-7.45430588722229e-06,0,0,0,0,0,104487,104488
hotdog,189,no_guard,-0.020782470703125,-9.41157341003418e-05,-7.45430588722229e-06,0,0,0,0,0,104487,104487
hotdog,190,wide_control,-0.0070037841796875,-5.131959915161133e-05,-0.0001472830772399,0,0,0,0,0,104149,104149
hotdog,190,eigen_floor,-0.0139846801757812,-7.236003875732422e-05,-0.0001675933599472,0,0,0,0,0,104149,104145
hotdog,190,integer_pd,-0.0139846801757812,-7.236003875732422e-05,-0.0001675933599472,0,0,0,0,0,104149,104145
hotdog,190,opacity_prune,-0.0139846801757812,-7.236003875732422e-05,-0.0001675933599472,0,0,0,0,0,104149,104145
hotdog,190,no_guard,-0.0139846801757812,-7.236003875732422e-05,-0.0001675933599472,0,0,0,0,0,104149,104149
hotdog,191,wide_control,-0.0043182373046875,-4.32729721069336e-05,-0.0001455135643482,0,0,0,0,0,103823,103823
hotdog,191,eigen_floor,-0.0257949829101562,-0.0001124143600463,-5.438178777694702e-05,0,0,0,0,0,103823,103825
hotdog,191,integer_pd,-0.0257949829101562,-0.0001124143600463,-5.438178777694702e-05,0,0,0,0,0,103823,103825
hotdog,191,opacity_prune,-0.0257949829101562,-0.0001124143600463,-5.438178777694702e-05,0,0,0,0,0,103823,103825
hotdog,191,no_guard,-0.0257949829101562,-0.0001124143600463,-5.438178777694702e-05,0,0,0,0,0,103823,103823
hotdog,192,wide_control,-0.0043258666992187,-5.412101745605469e-05,-8.139759302139282e-05,0,0,0,0,0,103441,103441
hotdog,192,eigen_floor,-0.023468017578125,-0.0001119375228881,-8.471682667732239e-05,0,0,0,0,0,103441,103444
hotdog,192,integer_pd,-0.023468017578125,-0.0001119375228881,-8.471682667732239e-05,0,0,0,0,0,103441,103444
hotdog,192,opacity_prune,-0.023468017578125,-0.0001119375228881,-8.471682667732239e-05,0,0,0,0,0,103441,103444
hotdog,192,no_guard,-0.023468017578125,-0.0001119375228881,-8.471682667732239e-05,0,0,0,0,0,103441,103441
hotdog,193,wide_control,-0.0027923583984375,-3.898143768310547e-05,-0.0001310929656028,0,0,0,0,0,102716,102716
hotdog,193,eigen_floor,-0.0155181884765625,-8.791685104370117e-05,6.571412086486816e-06,0,0,0,0,0,102716,102719
hotdog,193,integer_pd,-0.0155181884765625,-8.791685104370117e-05,6.571412086486816e-06,0,0,0,0,0,102716,102719
hotdog,193,opacity_prune,-0.0155181884765625,-8.791685104370117e-05,6.571412086486816e-06,0,0,0,0,0,102716,102719
hotdog,193,no_guard,-0.0155181884765625,-8.791685104370117e-05,6.571412086486816e-06,0,0,0,0,0,102716,102716
hotdog,194,wide_control,-0.0024909973144531,-3.743171691894531e-05,-0.0001554079353809,0,0,0,0,0,101836,101836
hotdog,194,eigen_floor,-0.0150260925292968,-8.362531661987305e-05,-6.669014692306519e-05,0,0,0,0,0,101836,101847
hotdog,194,integer_pd,-0.0150260925292968,-8.362531661987305e-05,-6.669014692306519e-05,0,0,0,0,0,101836,101847
hotdog,194,opacity_prune,-0.0150260925292968,-8.362531661987305e-05,-6.669014692306519e-05,0,0,0,0,0,101836,101847
hotdog,194,no_guard,-0.0150260925292968,-8.362531661987305e-05,-6.669014692306519e-05,0,0,0,0,0,101836,101836
hotdog,195,wide_control,-0.0022315979003906,-3.975629806518555e-05,-0.0001332387328147,0,0,0,0,0,100706,100706
hotdog,195,eigen_floor,-0.007080078125,-8.96453857421875e-05,-0.0001256763935089,0,0,0,0,0,100706,100707
hotdog,195,integer_pd,-0.007080078125,-8.96453857421875e-05,-0.0001256763935089,0,0,0,0,0,100706,100707
hotdog,195,opacity_prune,-0.007080078125,-8.96453857421875e-05,-0.0001256763935089,0,0,0,0,0,100706,100707
hotdog,195,no_guard,-0.007080078125,-8.96453857421875e-05,-0.0001256763935089,0,0,0,0,0,100706,100706
hotdog,196,wide_control,-0.0014572143554687,-3.850460052490234e-05,-0.000117003917694,0,0,0,0,0,100440,100440
hotdog,196,eigen_floor,-0.0160789489746093,-8.916854858398438e-05,-0.0001138895750045,0,0,0,0,0,100440,100440
hotdog,196,integer_pd,-0.0160789489746093,-8.916854858398438e-05,-0.0001138895750045,0,0,0,0,0,100440,100440
hotdog,196,opacity_prune,-0.0160789489746093,-8.916854858398438e-05,-0.0001138895750045,0,0,0,0,0,100440,100440
hotdog,196,no_guard,-0.0160789489746093,-8.916854858398438e-05,-0.0001138895750045,0,0,0,0,0,100440,100440
hotdog,197,wide_control,-0.0019340515136718,-4.976987838745117e-05,-2.530217170715332e-05,0,0,0,0,0,100314,100314
hotdog,197,eigen_floor,-0.0260734558105468,-0.0001022219657897,2.868473529815674e-07,0,0,0,0,0,100314,100314
hotdog,197,integer_pd,-0.0260734558105468,-0.0001022219657897,2.868473529815674e-07,0,0,0,0,0,100314,100314
hotdog,197,opacity_prune,-0.0260734558105468,-0.0001022219657897,2.868473529815674e-07,0,0,0,0,0,100314,100314
hotdog,197,no_guard,-0.0260734558105468,-0.0001022219657897,2.868473529815674e-07,0,0,0,0,0,100314,100314
hotdog,198,wide_control,-0.0034904479980468,-5.137920379638672e-05,-0.0001083649694919,0,0,0,0,0,99690,99690
hotdog,198,eigen_floor,-0.0171356201171875,-9.304285049438477e-05,6.828084588050842e-05,0,0,0,0,0,99690,99690
hotdog,198,integer_pd,-0.0171356201171875,-9.304285049438477e-05,6.828084588050842e-05,0,0,0,0,0,99690,99690
hotdog,198,opacity_prune,-0.0171356201171875,-9.304285049438477e-05,6.828084588050842e-05,0,0,0,0,0,99690,99690
hotdog,198,no_guard,-0.0171356201171875,-9.304285049438477e-05,6.828084588050842e-05,0,0,0,0,0,99690,99690
hotdog,199,wide_control,-0.0030288696289062,-5.805492401123047e-05,-6.871670484542847e-05,0,0,0,0,0,100161,100161
hotdog,199,eigen_floor,-0.0164794921875,-9.167194366455078e-05,7.545948028564453e-05,0,0,0,0,0,100161,100171
hotdog,199,integer_pd,-0.0164794921875,-9.167194366455078e-05,7.545948028564453e-05,0,0,0,0,0,100161,100171
hotdog,199,opacity_prune,-0.0164794921875,-9.167194366455078e-05,7.545948028564453e-05,0,0,0,0,0,100161,100171
hotdog,199,no_guard,-0.0164794921875,-9.167194366455078e-05,7.545948028564453e-05,0,0,0,0,0,100161,100161
lego,1,wide_control,0.0023727416992187,1.0073184967041016e-05,9.347498416900636e-05,0,0,0,0,0,109103,109103
lego,1,eigen_floor,-0.00286865234375,-0.0001119375228881,3.5509467124938965e-05,0,0,0,0,0,109103,109100
lego,1,integer_pd,-0.00286865234375,-0.0001119375228881,3.5509467124938965e-05,0,0,0,0,0,109103,109100
lego,1,opacity_prune,-0.00286865234375,-0.0001119375228881,3.5509467124938965e-05,0,0,0,0,0,109103,109100
lego,1,no_guard,-0.00286865234375,-0.0001119375228881,3.5531818866729736e-05,0,0,0,0,0,109103,109103
lego,2,wide_control,0.0014724731445312,2.026557922363281e-05,-5.514174699783325e-05,0,0,0,0,0,109532,109532
lego,2,eigen_floor,-0.0024089813232421,-8.52346420288086e-05,-4.626810550689697e-05,0,0,0,0,0,109532,109528
lego,2,integer_pd,-0.0024089813232421,-8.52346420288086e-05,-4.626810550689697e-05,0,0,0,0,0,109532,109528
lego,2,opacity_prune,-0.0024089813232421,-8.52346420288086e-05,-4.626810550689697e-05,0,0,0,0,0,109532,109528
lego,2,no_guard,-0.0024089813232421,-8.52346420288086e-05,-4.626810550689697e-05,0,0,0,0,0,109532,109532
lego,3,wide_control,0.0002822875976562,1.4066696166992188e-05,-4.425644874572754e-06,0,0,0,0,0,110871,110871
lego,3,eigen_floor,-0.0050296783447265,-0.0001052021980285,7.369369268417358e-05,0,0,0,0,0,110871,110875
lego,3,integer_pd,-0.0050296783447265,-0.0001052021980285,7.369369268417358e-05,0,0,0,0,0,110871,110875
lego,3,opacity_prune,-0.0050296783447265,-0.0001052021980285,7.369369268417358e-05,0,0,0,0,0,110871,110875
lego,3,no_guard,-0.0050296783447265,-0.0001052021980285,7.369369268417358e-05,0,0,0,0,0,110871,110871
lego,4,wide_control,-0.0001239776611328,7.510185241699219e-06,7.078051567077637e-07,0,0,0,0,0,111545,111545
lego,4,eigen_floor,-0.0007362365722656,-5.4776668548583984e-05,-7.987022399902344e-06,0,0,0,0,0,111545,111545
lego,4,integer_pd,-0.0007362365722656,-5.4776668548583984e-05,-7.987022399902344e-06,0,0,0,0,0,111545,111545
lego,4,opacity_prune,-0.0007362365722656,-5.4776668548583984e-05,-7.987022399902344e-06,0,0,0,0,0,111545,111545
lego,4,no_guard,-0.0007362365722656,-5.4776668548583984e-05,-7.987022399902344e-06,0,0,0,0,0,111545,111545
lego,5,wide_control,-0.0024642944335937,6.020069122314453e-06,2.3715198040008545e-05,0,0,0,0,0,113077,113077
lego,5,eigen_floor,-0.0079517364501953,-8.094310760498047e-05,3.79607081413269e-05,0,0,0,0,0,113077,113077
lego,5,integer_pd,-0.0079517364501953,-8.094310760498047e-05,3.79607081413269e-05,0,0,0,0,0,113077,113077
lego,5,opacity_prune,-0.0079517364501953,-8.094310760498047e-05,3.79607081413269e-05,0,0,0,0,0,113077,113077
lego,5,no_guard,-0.0079517364501953,-8.094310760498047e-05,3.79607081413269e-05,0,0,0,0,0,113077,113077
lego,6,wide_control,0.0011749267578125,6.377696990966797e-06,-5.556643009185791e-05,0,0,0,0,0,114151,114151
lego,6,eigen_floor,-0.0037345886230468,-6.157159805297852e-05,-5.250424146652222e-05,0,0,0,0,0,114151,114148
lego,6,integer_pd,-0.0037345886230468,-6.157159805297852e-05,-5.250424146652222e-05,0,0,0,0,0,114151,114148
lego,6,opacity_prune,-0.0037345886230468,-6.157159805297852e-05,-5.250424146652222e-05,0,0,0,0,0,114151,114148
lego,6,no_guard,-0.0037345886230468,-6.157159805297852e-05,-5.250424146652222e-05,0,0,0,0,0,114151,114151
lego,7,wide_control,0.0017547607421875,1.7881393432617188e-06,-2.9668211936950684e-05,0,0,0,0,0,114674,114674
lego,7,eigen_floor,-0.0002651214599609,-3.337860107421875e-05,1.4156103134155271e-06,0,0,0,0,0,114674,114679
lego,7,integer_pd,-0.0002651214599609,-3.337860107421875e-05,1.4156103134155271e-06,0,0,0,0,0,114674,114679
lego,7,opacity_prune,-0.0002651214599609,-3.337860107421875e-05,1.4156103134155271e-06,0,0,0,0,0,114674,114679
lego,7,no_guard,-0.0002651214599609,-3.337860107421875e-05,1.4156103134155271e-06,0,0,0,0,0,114674,114674
lego,8,wide_control,0.0021400451660156,1.7642974853515625e-05,-8.869171142578125e-05,0,0,0,0,0,115949,115949
lego,8,eigen_floor,-0.0019950866699218,-0.0001097917556762,-1.5273690223693848e-05,0,0,0,0,0,115949,115946
lego,8,integer_pd,-0.0019950866699218,-0.0001097917556762,-1.5273690223693848e-05,0,0,0,0,0,115949,115946
lego,8,opacity_prune,-0.0019950866699218,-0.0001097917556762,-1.5273690223693848e-05,0,0,0,0,0,115949,115946
lego,8,no_guard,-0.0019950866699218,-0.0001097917556762,-1.5273690223693848e-05,0,0,0,0,0,115949,115949
lego,9,wide_control,0.0012645721435546,1.5497207641601562e-06,-3.890693187713623e-05,0,0,0,0,0,116188,116188
lego,9,eigen_floor,-0.0042839050292968,-0.0001066923141479,5.338340997695923e-05,0,0,0,0,0,116188,116194
lego,9,integer_pd,-0.0042839050292968,-0.0001066923141479,5.338340997695923e-05,0,0,0,0,0,116188,116194
lego,9,opacity_prune,-0.0042839050292968,-0.0001066923141479,5.338340997695923e-05,0,0,0,0,0,116188,116194
lego,9,no_guard,-0.0042839050292968,-0.0001066923141479,5.338340997695923e-05,0,0,0,0,0,116188,116188
lego,10,wide_control,0.0004501342773437,-1.1444091796875e-05,-7.437914609909058e-05,0,0,0,0,0,117267,117267
lego,10,eigen_floor,-0.0027275085449218,-5.7220458984375e-05,4.651397466659546e-05,0,0,0,0,0,117267,117262
lego,10,integer_pd,-0.0027275085449218,-5.7220458984375e-05,4.651397466659546e-05,0,0,0,0,0,117267,117262
lego,10,opacity_prune,-0.0027275085449218,-5.7220458984375e-05,4.651397466659546e-05,0,0,0,0,0,117267,117262
lego,10,no_guard,-0.0027275085449218,-5.7220458984375e-05,4.651397466659546e-05,0,0,0,0,0,117267,117267
lego,11,wide_control,6.4849853515625e-05,-2.09808349609375e-05,-5.924701690673828e-05,0,0,0,0,0,117218,117218
lego,11,eigen_floor,-0.0039443969726562,-0.0001157522201538,5.580484867095947e-05,0,0,0,0,0,117218,117217
lego,11,integer_pd,-0.0039443969726562,-0.0001157522201538,5.580484867095947e-05,0,0,0,0,0,117218,117217
lego,11,opacity_prune,-0.0039443969726562,-0.0001157522201538,5.580484867095947e-05,0,0,0,0,0,117218,117217
lego,11,no_guard,-0.0039443969726562,-0.0001157522201538,5.580484867095947e-05,0,0,0,0,0,117218,117218
lego,12,wide_control,-0.0005722045898437,-2.8431415557861328e-05,-6.83218240737915e-05,0,0,0,0,0,117217,117217
lego,12,eigen_floor,-0.0043354034423828,-0.0001057386398315,-3.591179847717285e-06,0,0,0,0,0,117217,117219
lego,12,integer_pd,-0.0043354034423828,-0.0001057386398315,-3.591179847717285e-06,0,0,0,0,0,117217,117219
lego,12,opacity_prune,-0.0043354034423828,-0.0001057386398315,-3.591179847717285e-06,0,0,0,0,0,117217,117219
lego,12,no_guard,-0.0043354034423828,-0.0001057386398315,-3.553926944732666e-06,0,0,0,0,0,117217,117217
lego,13,wide_control,-0.0013961791992187,-3.415346145629883e-05,-8.095800876617432e-05,0,0,0,0,0,117528,117528
lego,13,eigen_floor,-0.0092601776123046,-0.0001412630081176,8.287280797958374e-05,0,0,0,0,0,117528,117525
lego,13,integer_pd,-0.0092601776123046,-0.0001412630081176,8.287280797958374e-05,0,0,0,0,0,117528,117525
lego,13,opacity_prune,-0.0092601776123046,-0.0001412630081176,8.287280797958374e-05,0,0,0,0,0,117528,117525
lego,13,no_guard,-0.0092601776123046,-0.0001412630081176,8.287280797958374e-05,0,0,0,0,0,117528,117528
lego,14,wide_control,-0.0031948089599609,-3.123283386230469e-05,-1.3258308172225952e-05,0,0,0,0,0,117352,117352
lego,14,eigen_floor,-0.0125236511230468,-0.0001044273376464,1.9323080778121948e-05,0,0,0,0,0,117352,117354
lego,14,integer_pd,-0.0125236511230468,-0.0001044273376464,1.9323080778121948e-05,0,0,0,0,0,117352,117354
lego,14,opacity_prune,-0.0125236511230468,-0.0001044273376464,1.9323080778121948e-05,0,0,0,0,0,117352,117354
lego,14,no_guard,-0.0125236511230468,-0.0001044273376464,1.9323080778121948e-05,0,0,0,0,0,117352,117352
lego,15,wide_control,-0.0003280639648437,-2.1338462829589844e-05,-7.589906454086304e-05,0,0,0,0,0,117163,117163
lego,15,eigen_floor,-0.0193557739257812,-0.0001084804534912,-1.023709774017334e-05,0,0,0,0,0,117163,117161
lego,15,integer_pd,-0.0193557739257812,-0.0001084804534912,-1.023709774017334e-05,0,0,0,0,0,117163,117161
lego,15,opacity_prune,-0.0193557739257812,-0.0001084804534912,-1.023709774017334e-05,0,0,0,0,0,117163,117161
lego,15,no_guard,-0.0193557739257812,-0.0001084804534912,-1.023709774017334e-05,0,0,0,0,0,117163,117163
lego,16,wide_control,0.0015983581542968,-2.1159648895263672e-05,-7.155537605285645e-05,0,0,0,0,0,116984,116984
lego,16,eigen_floor,-0.0285263061523437,-0.0001337528228759,-8.14199447631836e-05,0,0,0,0,0,116984,116983
lego,16,integer_pd,-0.0285263061523437,-0.0001337528228759,-8.14199447631836e-05,0,0,0,0,0,116984,116983
lego,16,opacity_prune,-0.0285263061523437,-0.0001337528228759,-8.14199447631836e-05,0,0,0,0,0,116984,116983
lego,16,no_guard,-0.0285263061523437,-0.0001337528228759,-8.14199447631836e-05,0,0,0,0,0,116984,116984
lego,17,wide_control,0.0030784606933593,-2.181529998779297e-05,-1.082196831703186e-05,0,0,0,0,0,116109,116109
lego,17,eigen_floor,-0.0186195373535156,-0.0001239776611328,1.804158091545105e-05,0,0,0,0,0,116109,116104
lego,17,integer_pd,-0.0186195373535156,-0.0001239776611328,1.804158091545105e-05,0,0,0,0,0,116109,116104
lego,17,opacity_prune,-0.0186195373535156,-0.0001239776611328,1.804158091545105e-05,0,0,0,0,0,116109,116104
lego,17,no_guard,-0.0186195373535156,-0.0001239776611328,1.804158091545105e-05,0,0,0,0,0,116109,116109
lego,18,wide_control,0.0070838928222656,-1.6927719116210938e-05,-7.777661085128784e-05,0,0,0,0,0,115741,115741
lego,18,eigen_floor,-0.0209083557128906,-0.0001114010810852,-2.902001142501831e-05,0,0,0,0,0,115741,115742
lego,18,integer_pd,-0.0209083557128906,-0.0001114010810852,-2.902001142501831e-05,0,0,0,0,0,115741,115742
lego,18,opacity_prune,-0.0209083557128906,-0.0001114010810852,-2.902001142501831e-05,0,0,0,0,0,115741,115742
lego,18,no_guard,-0.0209083557128906,-0.0001113414764404,-2.9005110263824463e-05,0,0,0,0,0,115741,115741
lego,19,wide_control,0.0034027099609375,-5.543231964111328e-06,-2.8081238269805908e-05,0,0,0,0,0,114670,114670
lego,19,eigen_floor,-0.0116729736328125,-0.0001026988029479,-3.867596387863159e-05,0,0,0,0,0,114670,114673
lego,19,integer_pd,-0.0116729736328125,-0.0001026988029479,-3.867596387863159e-05,0,0,0,0,0,114670,114673
lego,19,opacity_prune,-0.0116729736328125,-0.0001026988029479,-3.867596387863159e-05,0,0,0,0,0,114670,114673
lego,19,no_guard,-0.0116729736328125,-0.0001026988029479,-3.867596387863159e-05,0,0,0,0,0,114670,114670
lego,20,wide_control,0.0063018798828125,-7.152557373046875e-07,-0.0001401677727699,0,0,0,0,0,114063,114063
lego,20,eigen_floor,-0.01239013671875,-9.822845458984376e-05,-4.51020896434784e-05,0,0,0,0,0,114063,114057
lego,20,integer_pd,-0.01239013671875,-9.822845458984376e-05,-4.51020896434784e-05,0,0,0,0,0,114063,114057
lego,20,opacity_prune,-0.01239013671875,-9.822845458984376e-05,-4.51020896434784e-05,0,0,0,0,0,114063,114057
lego,20,no_guard,-0.01239013671875,-9.822845458984376e-05,-4.51020896434784e-05,0,0,0,0,0,114063,114063
lego,21,wide_control,0.0026092529296875,-5.543231964111328e-06,-6.876513361930847e-05,0,0,0,0,0,112827,112827
lego,21,eigen_floor,-0.0117721557617187,-0.0001247525215148,-7.580965757369995e-06,0,0,0,0,0,112827,112825
lego,21,integer_pd,-0.0117721557617187,-0.0001247525215148,-7.580965757369995e-06,0,0,0,0,0,112827,112825
lego,21,opacity_prune,-0.0117721557617187,-0.0001247525215148,-7.580965757369995e-06,0,0,0,0,0,112827,112825
lego,21,no_guard,-0.0117721557617187,-0.0001247525215148,-7.580965757369995e-06,0,0,0,0,0,112827,112827
lego,22,wide_control,0.0030746459960937,-8.940696716308594e-06,-4.0743499994277954e-05,0,0,0,0,0,113080,113080
lego,22,eigen_floor,-0.0125312805175781,-0.000104546546936,-1.1917203664779665e-05,0,0,0,0,0,113080,113078
lego,22,integer_pd,-0.0125312805175781,-0.000104546546936,-1.1917203664779665e-05,0,0,0,0,0,113080,113078
lego,22,opacity_prune,-0.0125312805175781,-0.000104546546936,-1.1917203664779665e-05,0,0,0,0,0,113080,113078
lego,22,no_guard,-0.0125312805175781,-0.000104546546936,-1.1917203664779665e-05,0,0,0,0,0,113080,113080
lego,23,wide_control,0.0017166137695312,-1.049041748046875e-05,-7.086992263793945e-05,0,0,0,0,0,111370,111370
lego,23,eigen_floor,-0.014251708984375,-0.0001300573348999,-1.140311360359192e-05,0,0,0,0,0,111370,111368
lego,23,integer_pd,-0.014251708984375,-0.0001300573348999,-1.140311360359192e-05,0,0,0,0,0,111370,111368
lego,23,opacity_prune,-0.014251708984375,-0.0001300573348999,-1.140311360359192e-05,0,0,0,0,0,111370,111368
lego,23,no_guard,-0.014251708984375,-0.0001300573348999,-1.140311360359192e-05,0,0,0,0,0,111370,111370
lego,24,wide_control,0.00042724609375,-1.1980533599853516e-05,-0.0001076981425285,0,0,0,0,0,111286,111286
lego,24,eigen_floor,-0.0205001831054687,-0.0001212358474731,-2.5015324354171756e-05,0,0,0,0,0,111286,111291
lego,24,integer_pd,-0.0205001831054687,-0.0001212358474731,-2.5015324354171756e-05,0,0,0,0,0,111286,111291
lego,24,opacity_prune,-0.0205001831054687,-0.0001212358474731,-2.5015324354171756e-05,0,0,0,0,0,111286,111291
lego,24,no_guard,-0.0205001831054687,-0.0001212358474731,-2.5015324354171756e-05,0,0,0,0,0,111286,111286
lego,25,wide_control,0.0013008117675781,4.887580871582031e-06,-0.0001286268234252,0,0,0,0,0,111116,111116
lego,25,eigen_floor,-0.0130653381347656,-9.375810623168944e-05,-1.580268144607544e-05,0,0,0,0,0,111116,111121
lego,25,integer_pd,-0.0130653381347656,-9.375810623168944e-05,-1.580268144607544e-05,0,0,0,0,0,111116,111121
lego,25,opacity_prune,-0.0130653381347656,-9.375810623168944e-05,-1.580268144607544e-05,0,0,0,0,0,111116,111121
lego,25,no_guard,-0.0130653381347656,-9.375810623168944e-05,-1.580268144607544e-05,0,0,0,0,0,111116,111116
lego,26,wide_control,-0.0016403198242187,-7.212162017822266e-06,-8.089840412139893e-05,0,0,0,0,0,110186,110186
lego,26,eigen_floor,-0.0125236511230468,-0.000102937221527,-2.650916576385498e-05,0,0,0,0,0,110186,110181
lego,26,integer_pd,-0.0125236511230468,-0.000102937221527,-2.650916576385498e-05,0,0,0,0,0,110186,110181
lego,26,opacity_prune,-0.0125236511230468,-0.000102937221527,-2.650916576385498e-05,0,0,0,0,0,110186,110181
lego,26,no_guard,-0.0125236511230468,-0.000102937221527,-2.650916576385498e-05,0,0,0,0,0,110186,110186
lego,27,wide_control,-0.0010757446289062,-8.046627044677734e-06,-6.520003080368042e-05,0,0,0,0,0,110439,110439
lego,27,eigen_floor,-0.0207633972167968,-0.0001401901245117,-1.9088387489318848e-05,0,0,0,0,0,110439,110440
lego,27,integer_pd,-0.0207633972167968,-0.0001401901245117,-1.9088387489318848e-05,0,0,0,0,0,110439,110440
lego,27,opacity_prune,-0.0207633972167968,-0.0001401901245117,-1.9088387489318848e-05,0,0,0,0,0,110439,110440
lego,27,no_guard,-0.0207633972167968,-0.0001401901245117,-1.9088387489318848e-05,0,0,0,0,0,110439,110439
lego,28,wide_control,0.0017356872558593,-1.33514404296875e-05,-0.0001222044229507,0,0,0,0,0,110917,110917
lego,28,eigen_floor,-0.0276260375976562,-0.0001894831657409,8.934363722801208e-05,0,0,0,0,0,110917,110920
lego,28,integer_pd,-0.0276260375976562,-0.0001894831657409,8.934363722801208e-05,0,0,0,0,0,110917,110920
lego,28,opacity_prune,-0.0276260375976562,-0.0001894831657409,8.934363722801208e-05,0,0,0,0,0,110917,110920
lego,28,no_guard,-0.0276260375976562,-0.0001894831657409,8.934363722801208e-05,0,0,0,0,0,110917,110917
lego,29,wide_control,0.0008049011230468,-1.913309097290039e-05,-7.491186261177063e-05,0,0,0,0,0,110515,110515
lego,29,eigen_floor,-0.0179824829101562,-9.930133819580078e-05,6.718188524246216e-05,0,0,0,0,0,110515,110509
lego,29,integer_pd,-0.0179824829101562,-9.930133819580078e-05,6.718188524246216e-05,0,0,0,0,0,110515,110509
lego,29,opacity_prune,-0.0179824829101562,-9.930133819580078e-05,6.718188524246216e-05,0,0,0,0,0,110515,110509
lego,29,no_guard,-0.0179824829101562,-9.930133819580078e-05,6.718188524246216e-05,0,0,0,0,0,110515,110515
lego,30,wide_control,0.0028133392333984,-9.238719940185549e-06,-6.393715739250183e-05,0,0,0,0,0,111175,111175
lego,30,eigen_floor,-0.0141754150390625,-0.0001157522201538,8.925795555114746e-06,0,0,0,0,0,111175,111182
lego,30,integer_pd,-0.0141754150390625,-0.0001157522201538,8.925795555114746e-06,0,0,0,0,0,111175,111182
lego,30,opacity_prune,-0.0141754150390625,-0.0001157522201538,8.925795555114746e-06,0,0,0,0,0,111175,111182
lego,30,no_guard,-0.0141754150390625,-0.0001157522201538,8.925795555114746e-06,0,0,0,0,0,111175,111175
lego,31,wide_control,-0.0002021789550781,-2.944469451904297e-05,-8.714944124221802e-05,0,0,0,0,0,111690,111690
lego,31,eigen_floor,-0.0091400146484375,-0.0001091957092285,2.8736889362335205e-05,0,0,0,0,0,111690,111693
lego,31,integer_pd,-0.0091400146484375,-0.0001091957092285,2.8736889362335205e-05,0,0,0,0,0,111690,111693
lego,31,opacity_prune,-0.0091400146484375,-0.0001091957092285,2.8736889362335205e-05,0,0,0,0,0,111690,111693
lego,31,no_guard,-0.0091400146484375,-0.0001091957092285,2.8736889362335205e-05,0,0,0,0,0,111690,111690
lego,32,wide_control,0.0011348724365234,-1.537799835205078e-05,-9.809434413909912e-05,0,0,0,0,0,111287,111287
lego,32,eigen_floor,-0.0130290985107421,-0.0001158118247985,-8.231773972511292e-05,0,0,0,0,0,111287,111289
lego,32,integer_pd,-0.0130290985107421,-0.0001158118247985,-8.231773972511292e-05,0,0,0,0,0,111287,111289
lego,32,opacity_prune,-0.0130290985107421,-0.0001158118247985,-8.231773972511292e-05,0,0,0,0,0,111287,111289
lego,32,no_guard,-0.0130290985107421,-0.0001158118247985,-8.231773972511292e-05,0,0,0,0,0,111287,111287
lego,33,wide_control,0.0011215209960937,-1.347064971923828e-05,-9.581446647644044e-05,0,0,0,0,0,111097,111097
lego,33,eigen_floor,-0.0152359008789062,-0.0001341104507446,7.724761962890625e-05,0,0,0,0,0,111097,111104
lego,33,integer_pd,-0.0152359008789062,-0.0001341104507446,7.724761962890625e-05,0,0,0,0,0,111097,111104
lego,33,opacity_prune,-0.0152359008789062,-0.0001341104507446,7.724761962890625e-05,0,0,0,0,0,111097,111104
lego,33,no_guard,-0.0152359008789062,-0.0001341104507446,7.724761962890625e-05,0,0,0,0,0,111097,111097
lego,34,wide_control,-0.0018577575683593,-3.707408905029297e-05,-6.202980875968933e-05,0,0,0,0,0,111372,111372
lego,34,eigen_floor,-0.0197677612304687,-0.0001222491264343,1.3295561075210571e-05,0,0,0,0,0,111372,111376
lego,34,integer_pd,-0.0197677612304687,-0.0001222491264343,1.3295561075210571e-05,0,0,0,0,0,111372,111376
lego,34,opacity_prune,-0.0197677612304687,-0.0001222491264343,1.3295561075210571e-05,0,0,0,0,0,111372,111376
lego,34,no_guard,-0.0197677612304687,-0.0001222491264343,1.3284385204315186e-05,0,0,0,0,0,111372,111372
lego,35,wide_control,0.0007228851318359,-3.993511199951172e-06,-6.979703903198242e-05,0,0,0,0,0,111365,111365
lego,35,eigen_floor,-0.0226154327392578,-0.0001544952392578,-3.983080387115479e-05,0,0,0,0,0,111365,111365
lego,35,integer_pd,-0.0226154327392578,-0.0001544952392578,-3.983080387115479e-05,0,0,0,0,0,111365,111365
lego,35,opacity_prune,-0.0226154327392578,-0.0001544952392578,-3.983080387115479e-05,0,0,0,0,0,111365,111365
lego,35,no_guard,-0.0226154327392578,-0.0001544952392578,-3.983080387115479e-05,0,0,0,0,0,111365,111365
lego,36,wide_control,0.0008506774902343,-2.0384788513183597e-05,-0.000123031437397,0,0,0,0,0,110876,110876
lego,36,eigen_floor,-0.0160484313964843,-0.0001393556594848,1.366063952445984e-05,0,0,0,0,0,110876,110882
lego,36,integer_pd,-0.0160484313964843,-0.0001393556594848,1.366063952445984e-05,0,0,0,0,0,110876,110882
lego,36,opacity_prune,-0.0160484313964843,-0.0001393556594848,1.366063952445984e-05,0,0,0,0,0,110876,110882
lego,36,no_guard,-0.0160484313964843,-0.0001393556594848,1.366063952445984e-05,0,0,0,0,0,110876,110876
lego,37,wide_control,0.0002059936523437,-3.731250762939453e-05,-0.000112410634756,0,0,0,0,0,110500,110500
lego,37,eigen_floor,-0.0141029357910156,-0.0001319646835327,0.0001003928482532,0,0,0,0,0,110500,110502
lego,37,integer_pd,-0.0141029357910156,-0.0001319646835327,0.0001003928482532,0,0,0,0,0,110500,110502
lego,37,opacity_prune,-0.0141029357910156,-0.0001319646835327,0.0001003928482532,0,0,0,0,0,110500,110502
lego,37,no_guard,-0.0141029357910156,-0.0001319646835327,0.0001003928482532,0,0,0,0,0,110500,110500
lego,38,wide_control,0.0009536743164062,-3.0875205993652344e-05,-6.380677223205566e-05,0,0,0,0,0,109742,109742
lego,38,eigen_floor,-0.0086746215820312,-0.0001118183135986,-0.00014378875494,0,0,0,0,0,109742,109736
lego,38,integer_pd,-0.0086746215820312,-0.0001118183135986,-0.00014378875494,0,0,0,0,0,109742,109736
lego,38,opacity_prune,-0.0086746215820312,-0.0001118183135986,-0.00014378875494,0,0,0,0,0,109742,109736
lego,38,no_guard,-0.0086746215820312,-0.0001118183135986,-0.00014378875494,0,0,0,0,0,109742,109742
lego,39,wide_control,-0.0014152526855468,-6.109476089477539e-05,2.028420567512512e-05,0,0,0,0,0,108712,108712
lego,39,eigen_floor,-0.0249252319335937,-0.0001533031463623,3.266334533691406e-05,0,0,0,0,0,108712,108710
lego,39,integer_pd,-0.0249252319335937,-0.0001533031463623,3.266334533691406e-05,0,0,0,0,0,108712,108710
lego,39,opacity_prune,-0.0249252319335937,-0.0001533031463623,3.266334533691406e-05,0,0,0,0,0,108712,108710
lego,39,no_guard,-0.0249252319335937,-0.0001533031463623,3.266334533691406e-05,0,0,0,0,0,108712,108712
lego,40,wide_control,0.0010566711425781,-3.206729888916016e-05,-9.521469473838806e-05,0,0,0,0,0,107852,107852
lego,40,eigen_floor,-0.0294723510742187,-0.0001359581947326,6.22384250164032e-05,0,0,0,0,0,107852,107852
lego,40,integer_pd,-0.0294723510742187,-0.0001359581947326,6.22384250164032e-05,0,0,0,0,0,107852,107852
lego,40,opacity_prune,-0.0294723510742187,-0.0001359581947326,6.22384250164032e-05,0,0,0,0,0,107852,107852
lego,40,no_guard,-0.0294723510742187,-0.0001359581947326,6.22384250164032e-05,0,0,0,0,0,107852,107852
lego,41,wide_control,0.0039901733398437,-2.086162567138672e-05,-4.4833868741989136e-05,0,0,0,0,0,107612,107612
lego,41,eigen_floor,-0.0110092163085937,-0.0001026391983032,-6.467103958129883e-05,0,0,0,0,0,107612,107613
lego,41,integer_pd,-0.0110092163085937,-0.0001026391983032,-6.467103958129883e-05,0,0,0,0,0,107612,107613
lego,41,opacity_prune,-0.0110092163085937,-0.0001026391983032,-6.467103958129883e-05,0,0,0,0,0,107612,107613
lego,41,no_guard,-0.0110092163085937,-0.0001026391983032,-6.64740800857544e-05,0,0,0,0,0,107612,107612
lego,42,wide_control,0.0040855407714843,-2.193450927734375e-05,-3.853067755699158e-05,0,0,0,0,0,106738,106738
lego,42,eigen_floor,-0.0203437805175781,-9.98377799987793e-05,4.2572617530822754e-05,0,0,0,0,0,106738,106735
lego,42,integer_pd,-0.0203437805175781,-9.98377799987793e-05,4.2572617530822754e-05,0,0,0,0,0,106738,106735
lego,42,opacity_prune,-0.0203437805175781,-9.98377799987793e-05,4.2572617530822754e-05,0,0,0,0,0,106738,106735
lego,42,no_guard,-0.0203437805175781,-9.98377799987793e-05,4.2572617530822754e-05,0,0,0,0,0,106738,106738
lego,43,wide_control,0.0029373168945312,2.086162567138672e-06,-6.357207894325256e-05,0,0,0,0,0,105592,105592
lego,43,eigen_floor,-0.0123748779296875,-8.970499038696289e-05,1.763179898262024e-05,0,0,0,0,0,105592,105594
lego,43,integer_pd,-0.0123748779296875,-8.970499038696289e-05,1.763179898262024e-05,0,0,0,0,0,105592,105594
lego,43,opacity_prune,-0.0123748779296875,-8.970499038696289e-05,1.763179898262024e-05,0,0,0,0,0,105592,105594
lego,43,no_guard,-0.0123748779296875,-8.970499038696289e-05,1.763179898262024e-05,0,0,0,0,0,105592,105592
lego,44,wide_control,0.0004768371582031,-1.0669231414794922e-05,-6.711110472679138e-05,0,0,0,0,0,104328,104328
lego,44,eigen_floor,-0.0102043151855468,-0.0001114606857299,6.754323840141296e-05,0,0,0,0,0,104328,104328
lego,44,integer_pd,-0.0102043151855468,-0.0001114606857299,6.754323840141296e-05,0,0,0,0,0,104328,104328
lego,44,opacity_prune,-0.0102043151855468,-0.0001114606857299,6.754323840141296e-05,0,0,0,0,0,104328,104328
lego,44,no_guard,-0.0102043151855468,-0.0001114606857299,6.754323840141296e-05,0,0,0,0,0,104328,104328
lego,45,wide_control,-0.00030517578125,-2.3603439331054688e-05,-6.946548819541931e-05,0,0,0,0,0,103278,103278
lego,45,eigen_floor,-0.0075893402099609,-0.0001055002212524,9.080767631530762e-05,0,0,0,0,0,103278,103279
lego,45,integer_pd,-0.0075893402099609,-0.0001055002212524,9.080767631530762e-05,0,0,0,0,0,103278,103279
lego,45,opacity_prune,-0.0075893402099609,-0.0001055002212524,9.080767631530762e-05,0,0,0,0,0,103278,103279
lego,45,no_guard,-0.0075893402099609,-0.0001055002212524,9.080767631530762e-05,0,0,0,0,0,103278,103278
lego,46,wide_control,0.0003433227539062,-1.2278556823730469e-05,1.7546117305755615e-06,0,0,0,0,0,101767,101767
lego,46,eigen_floor,-0.006326675415039,-0.0001060366630554,-1.54152512550354e-05,0,0,0,0,0,101767,101767
lego,46,integer_pd,-0.006326675415039,-0.0001060366630554,-1.54152512550354e-05,0,0,0,0,0,101767,101767
lego,46,opacity_prune,-0.006326675415039,-0.0001060366630554,-1.54152512550354e-05,0,0,0,0,0,101767,101767
lego,46,no_guard,-0.006326675415039,-0.0001060366630554,-1.54152512550354e-05,0,0,0,0,0,101767,101767
lego,47,wide_control,0.0028152465820312,8.285045623779297e-06,-4.960969090461731e-05,0,0,0,0,0,99960,99960
lego,47,eigen_floor,-0.0016593933105468,-8.130073547363281e-05,-2.2143125534057617e-05,0,0,0,0,0,99960,99964
lego,47,integer_pd,-0.0016593933105468,-8.130073547363281e-05,-2.2143125534057617e-05,0,0,0,0,0,99960,99964
lego,47,opacity_prune,-0.0016593933105468,-8.130073547363281e-05,-2.2143125534057617e-05,0,0,0,0,0,99960,99964
lego,47,no_guard,-0.0016593933105468,-8.130073547363281e-05,-2.2143125534057617e-05,0,0,0,0,0,99960,99960
lego,48,wide_control,0.000579833984375,-2.3186206817626957e-05,5.204230546951294e-06,0,0,0,0,0,98695,98695
lego,48,eigen_floor,-0.0051612854003906,-0.0001046061515808,-2.9362738132476807e-05,0,0,0,0,0,98695,98697
lego,48,integer_pd,-0.0051612854003906,-0.0001046061515808,-2.9362738132476807e-05,0,0,0,0,0,98695,98697
lego,48,opacity_prune,-0.0051612854003906,-0.0001046061515808,-2.9362738132476807e-05,0,0,0,0,0,98695,98697
lego,48,no_guard,-0.0051612854003906,-0.0001046061515808,-2.9362738132476807e-05,0,0,0,0,0,98695,98695
lego,49,wide_control,0.0002021789550781,-1.8894672393798828e-05,3.518909215927124e-05,0,0,0,0,0,97243,97243
lego,49,eigen_floor,-0.0151939392089843,-0.0001037120819091,3.7301331758499146e-05,0,0,0,0,0,97243,97254
lego,49,integer_pd,-0.0151939392089843,-0.0001037120819091,3.7301331758499146e-05,0,0,0,0,0,97243,97254
lego,49,opacity_prune,-0.0151939392089843,-0.0001037120819091,3.7301331758499146e-05,0,0,0,0,0,97243,97254
lego,49,no_guard,-0.0151939392089843,-0.0001037120819091,3.7301331758499146e-05,0,0,0,0,0,97243,97243
lego,50,wide_control,0.0002326965332031,-1.0371208190917969e-05,-6.239861249923706e-05,0,0,0,0,0,98066,98066
lego,50,eigen_floor,-0.0089225769042968,-0.0001039505004882,1.1730939149856567e-05,0,0,0,0,0,98066,98069
lego,50,integer_pd,-0.0089225769042968,-0.0001039505004882,1.1730939149856567e-05,0,0,0,0,0,98066,98069
lego,50,opacity_prune,-0.0089225769042968,-0.0001039505004882,1.1730939149856567e-05,0,0,0,0,0,98066,98069
lego,50,no_guard,-0.0089225769042968,-0.0001039505004882,1.1745840311050417e-05,0,0,0,0,0,98066,98066
lego,51,wide_control,0.0031929016113281,-2.3543834686279297e-05,-3.6232173442840576e-05,0,0,0,0,0,97569,97569
lego,51,eigen_floor,-0.0162887573242187,-0.0001226663589477,-4.338473081588745e-05,0,0,0,0,0,97569,97564
lego,51,integer_pd,-0.0162887573242187,-0.0001226663589477,-4.338473081588745e-05,0,0,0,0,0,97569,97564
lego,51,opacity_prune,-0.0162887573242187,-0.0001226663589477,-4.338473081588745e-05,0,0,0,0,0,97569,97564
lego,51,no_guard,-0.0162887573242187,-0.0001226663589477,-4.338473081588745e-05,0,0,0,0,0,97569,97569
lego,52,wide_control,0.0039253234863281,-2.4557113647460938e-05,-5.035847425460816e-05,0,0,0,0,0,96873,96873
lego,52,eigen_floor,-0.0094146728515625,-9.375810623168944e-05,9.2972069978714e-05,0,0,0,0,0,96873,96872
lego,52,integer_pd,-0.0094146728515625,-9.375810623168944e-05,9.2972069978714e-05,0,0,0,0,0,96873,96872
lego,52,opacity_prune,-0.0094146728515625,-9.375810623168944e-05,9.2972069978714e-05,0,0,0,0,0,96873,96872
lego,52,no_guard,-0.0094146728515625,-9.375810623168944e-05,9.2972069978714e-05,0,0,0,0,0,96873,96873
lego,53,wide_control,0.0023040771484375,-3.027915954589844e-05,6.233528256416321e-05,0,0,0,0,0,98884,98884
lego,53,eigen_floor,-0.0121040344238281,-9.864568710327148e-05,-4.439800977706909e-05,0,0,0,0,0,98884,98881
lego,53,integer_pd,-0.0121040344238281,-9.864568710327148e-05,-4.439800977706909e-05,0,0,0,0,0,98884,98881
lego,53,opacity_prune,-0.0121040344238281,-9.864568710327148e-05,-4.439800977706909e-05,0,0,0,0,0,98884,98881
lego,53,no_guard,-0.0121040344238281,-9.864568710327148e-05,-4.439800977706909e-05,0,0,0,0,0,98884,98884
lego,54,wide_control,0.001983642578125,-2.4139881134033203e-05,-2.2817403078079224e-05,0,0,0,0,0,99725,99725
lego,54,eigen_floor,-0.0163764953613281,-0.0001003146171569,-9.677931666374208e-05,0,0,0,0,0,99725,99722
lego,54,integer_pd,-0.0163764953613281,-0.0001003146171569,-9.677931666374208e-05,0,0,0,0,0,99725,99722
lego,54,opacity_prune,-0.0163764953613281,-0.0001003146171569,-9.677931666374208e-05,0,0,0,0,0,99725,99722
lego,54,no_guard,-0.0163764953613281,-0.0001003146171569,-9.677931666374208e-05,0,0,0,0,0,99725,99725
lego,55,wide_control,0.0039939880371093,-1.5079975128173828e-05,-2.960488200187683e-05,0,0,0,0,0,100187,100187
lego,55,eigen_floor,-0.0192985534667968,-9.733438491821288e-05,5.4702162742614746e-05,0,0,0,0,0,100187,100189
lego,55,integer_pd,-0.0192985534667968,-9.733438491821288e-05,5.4702162742614746e-05,0,0,0,0,0,100187,100189
lego,55,opacity_prune,-0.0192985534667968,-9.733438491821288e-05,5.4702162742614746e-05,0,0,0,0,0,100187,100189
lego,55,no_guard,-0.0192985534667968,-9.733438491821288e-05,5.4702162742614746e-05,0,0,0,0,0,100187,100187
lego,56,wide_control,0.0013961791992187,-3.248453140258789e-05,-8.547306060791016e-05,0,0,0,0,0,100751,100751
lego,56,eigen_floor,-0.0133247375488281,-0.0001095533370971,1.537799835205078e-05,0,0,0,0,0,100751,100751
lego,56,integer_pd,-0.0133247375488281,-0.0001095533370971,1.537799835205078e-05,0,0,0,0,0,100751,100751
lego,56,opacity_prune,-0.0133247375488281,-0.0001095533370971,1.537799835205078e-05,0,0,0,0,0,100751,100751
lego,56,no_guard,-0.0133247375488281,-0.0001095533370971,1.537799835205078e-05,0,0,0,0,0,100751,100751
lego,57,wide_control,0.0027236938476562,-1.7762184143066406e-05,-6.27562403678894e-05,0,0,0,0,0,101647,101647
lego,57,eigen_floor,-0.0217971801757812,-0.000133454799652,-6.122887134552002e-05,0,0,0,0,0,101647,101648
lego,57,integer_pd,-0.0217971801757812,-0.000133454799652,-6.122887134552002e-05,0,0,0,0,0,101647,101648
lego,57,opacity_prune,-0.0217971801757812,-0.000133454799652,-6.122887134552002e-05,0,0,0,0,0,101647,101648
lego,57,no_guard,-0.0217971801757812,-0.000133454799652,-6.122887134552002e-05,0,0,0,0,0,101647,101647
lego,58,wide_control,0.0045280456542968,-6.67572021484375e-06,-0.0001290254294872,0,0,0,0,0,102560,102560
lego,58,eigen_floor,-0.0167274475097656,-0.0001130700111389,-8.296966552734375e-05,0,0,0,0,0,102560,102559
lego,58,integer_pd,-0.0167274475097656,-0.0001130700111389,-8.296966552734375e-05,0,0,0,0,0,102560,102559
lego,58,opacity_prune,-0.0167274475097656,-0.0001130700111389,-8.296966552734375e-05,0,0,0,0,0,102560,102559
lego,58,no_guard,-0.0167274475097656,-0.0001130700111389,-8.296966552734375e-05,0,0,0,0,0,102560,102560
lego,59,wide_control,0.0032997131347656,-7.450580596923828e-06,-7.997080683708191e-05,0,0,0,0,0,102699,102699
lego,59,eigen_floor,-0.0163841247558593,-0.0001322031021118,-2.965331077575684e-06,0,0,0,0,0,102699,102706
lego,59,integer_pd,-0.0163841247558593,-0.0001322031021118,-2.965331077575684e-06,0,0,0,0,0,102699,102706
lego,59,opacity_prune,-0.0163841247558593,-0.0001322031021118,-2.965331077575684e-06,0,0,0,0,0,102699,102706
lego,59,no_guard,-0.0163841247558593,-0.0001322031021118,-2.965331077575684e-06,0,0,0,0,0,102699,102699
lego,60,wide_control,0.0028572082519531,-2.4199485778808597e-05,-1.944601535797119e-05,0,0,0,0,0,103276,103276
lego,60,eigen_floor,-0.0120849609375,-0.0001195669174194,-0.0001068525016307,0,0,0,0,0,103276,103279
lego,60,integer_pd,-0.0120849609375,-0.0001195669174194,-0.0001068525016307,0,0,0,0,0,103276,103279
lego,60,opacity_prune,-0.0120849609375,-0.0001195669174194,-0.0001068525016307,0,0,0,0,0,103276,103279
lego,60,no_guard,-0.0120849609375,-0.0001195669174194,-0.0001068525016307,0,0,0,0,0,103276,103276
lego,61,wide_control,0.0044975280761718,-1.4126300811767578e-05,-0.0001103393733501,0,0,0,0,0,102987,102987
lego,61,eigen_floor,-0.0059852600097656,-8.344650268554688e-05,-5.226954817771912e-05,0,0,0,0,0,102987,102990
lego,61,integer_pd,-0.0059852600097656,-8.344650268554688e-05,-5.226954817771912e-05,0,0,0,0,0,102987,102990
lego,61,opacity_prune,-0.0059852600097656,-8.344650268554688e-05,-5.226954817771912e-05,0,0,0,0,0,102987,102990
lego,61,no_guard,-0.0059852600097656,-8.344650268554688e-05,-5.226954817771912e-05,0,0,0,0,0,102987,102987
lego,62,wide_control,0.010040283203125,3.457069396972656e-06,-0.0001190267503261,0,0,0,0,0,103678,103678
lego,62,eigen_floor,-0.008148193359375,-9.495019912719728e-05,-0.0001265481114387,0,0,0,0,0,103678,103680
lego,62,integer_pd,-0.008148193359375,-9.495019912719728e-05,-0.0001265481114387,0,0,0,0,0,103678,103680
lego,62,opacity_prune,-0.008148193359375,-9.495019912719728e-05,-0.0001265481114387,0,0,0,0,0,103678,103680
lego,62,no_guard,-0.008148193359375,-9.495019912719728e-05,-0.0001265481114387,0,0,0,0,0,103678,103678
lego,63,wide_control,0.0079231262207031,2.86102294921875e-06,-0.0001340620219707,0,0,0,0,0,103773,103773
lego,63,eigen_floor,-0.0143165588378906,-0.0001148581504821,9.220093488693236e-06,0,0,0,0,0,103773,103771
lego,63,integer_pd,-0.0143165588378906,-0.0001148581504821,9.220093488693236e-06,0,0,0,0,0,103773,103771
lego,63,opacity_prune,-0.0143165588378906,-0.0001148581504821,9.220093488693236e-06,0,0,0,0,0,103773,103771
lego,63,no_guard,-0.0143165588378906,-0.0001148581504821,9.220093488693236e-06,0,0,0,0,0,103773,103773
lego,64,wide_control,0.0082511901855468,5.960464477539064e-08,-0.0001457557082176,0,0,0,0,0,104011,104011
lego,64,eigen_floor,-0.009490966796875,-8.64863395690918e-05,-5.584582686424256e-05,0,0,0,0,0,104011,104015
lego,64,integer_pd,-0.009490966796875,-8.64863395690918e-05,-5.584582686424256e-05,0,0,0,0,0,104011,104015
lego,64,opacity_prune,-0.009490966796875,-8.64863395690918e-05,-5.584582686424256e-05,0,0,0,0,0,104011,104015
lego,64,no_guard,-0.009490966796875,-8.64863395690918e-05,-5.584582686424256e-05,0,0,0,0,0,104011,104011
lego,65,wide_control,0.0077629089355468,-5.364418029785156e-07,-9.489059448242188e-05,0,0,0,0,0,103872,103872
lego,65,eigen_floor,-0.0146713256835937,-9.21487808227539e-05,-0.0001013316214084,0,0,0,0,0,103872,103873
lego,65,integer_pd,-0.0146713256835937,-9.21487808227539e-05,-0.0001013316214084,0,0,0,0,0,103872,103873
lego,65,opacity_prune,-0.0146713256835937,-9.21487808227539e-05,-0.0001013316214084,0,0,0,0,0,103872,103873
lego,65,no_guard,-0.0146713256835937,-9.21487808227539e-05,-0.0001013316214084,0,0,0,0,0,103872,103872
lego,66,wide_control,0.00958251953125,1.1265277862548828e-05,-0.0001351274549961,0,0,0,0,0,103586,103586
lego,66,eigen_floor,-0.0106353759765625,-8.606910705566406e-05,-8.490309119224548e-05,0,0,0,0,0,103586,103592
lego,66,integer_pd,-0.0106353759765625,-8.606910705566406e-05,-8.490309119224548e-05,0,0,0,0,0,103586,103592
lego,66,opacity_prune,-0.0106353759765625,-8.606910705566406e-05,-8.490309119224548e-05,0,0,0,0,0,103586,103592
lego,66,no_guard,-0.0106353759765625,-8.606910705566406e-05,-8.490309119224548e-05,0,0,0,0,0,103586,103586
lego,67,wide_control,0.0120162963867187,1.901388168334961e-05,-0.0001363232731819,0,0,0,0,0,103020,103020
lego,67,eigen_floor,-0.0081825256347656,-0.000105857849121,-9.534507989883424e-05,0,0,0,0,0,103020,103027
lego,67,integer_pd,-0.0081825256347656,-0.000105857849121,-9.534507989883424e-05,0,0,0,0,0,103020,103027
lego,67,opacity_prune,-0.0081825256347656,-0.000105857849121,-9.534507989883424e-05,0,0,0,0,0,103020,103027
lego,67,no_guard,-0.0081825256347656,-0.000105857849121,-9.534507989883424e-05,0,0,0,0,0,103020,103020
lego,68,wide_control,0.0108718872070312,8.046627044677734e-06,-0.0001195967197418,0,0,0,0,0,101981,101981
lego,68,eigen_floor,-0.0040779113769531,-8.058547973632812e-05,-0.0001475811004638,0,0,0,0,0,101981,101987
lego,68,integer_pd,-0.0040779113769531,-8.058547973632812e-05,-0.0001475811004638,0,0,0,0,0,101981,101987
lego,68,opacity_prune,-0.0040779113769531,-8.058547973632812e-05,-0.0001475811004638,0,0,0,0,0,101981,101987
lego,68,no_guard,-0.0040779113769531,-8.058547973632812e-05,-0.0001475811004638,0,0,0,0,0,101981,101981
lego,69,wide_control,0.0157241821289062,2.753734588623047e-05,-0.0001573599874973,0,0,0,0,0,101768,101768
lego,69,eigen_floor,-0.0005645751953125,-6.788969039916992e-05,2.2899359464645382e-05,0,0,0,0,0,101768,101765
lego,69,integer_pd,-0.0005645751953125,-6.788969039916992e-05,2.2899359464645382e-05,0,0,0,0,0,101768,101765
lego,69,opacity_prune,-0.0005645751953125,-6.788969039916992e-05,2.2899359464645382e-05,0,0,0,0,0,101768,101765
lego,69,no_guard,-0.0005645751953125,-6.788969039916992e-05,2.2899359464645382e-05,0,0,0,0,0,101768,101768
lego,70,wide_control,0.0164833068847656,2.5153160095214844e-05,-0.0001474358141422,0,0,0,0,0,101426,101426
lego,70,eigen_floor,-0.0004463195800781,-6.526708602905273e-05,-5.504116415977478e-05,0,0,0,0,0,101426,101426
lego,70,integer_pd,-0.0004463195800781,-6.526708602905273e-05,-5.504116415977478e-05,0,0,0,0,0,101426,101426
lego,70,opacity_prune,-0.0004463195800781,-6.526708602905273e-05,-5.504116415977478e-05,0,0,0,0,0,101426,101426
lego,70,no_guard,-0.0004463195800781,-6.526708602905273e-05,-5.504116415977478e-05,0,0,0,0,0,101426,101426
lego,71,wide_control,0.0156288146972656,3.2961368560791016e-05,-0.0001518689095973,0,0,0,0,0,101112,101112
lego,71,eigen_floor,-0.0016250610351562,-7.88569450378418e-05,4.871562123298645e-05,0,0,0,0,0,101112,101109
lego,71,integer_pd,-0.0016250610351562,-7.88569450378418e-05,4.871562123298645e-05,0,0,0,0,0,101112,101109
lego,71,opacity_prune,-0.0016250610351562,-7.88569450378418e-05,4.871562123298645e-05,0,0,0,0,0,101112,101109
lego,71,no_guard,-0.0016250610351562,-7.88569450378418e-05,4.871562123298645e-05,0,0,0,0,0,101112,101112
lego,72,wide_control,0.0163726806640625,5.14984130859375e-05,-0.0002273507416248,0,0,0,0,0,100446,100446
lego,72,eigen_floor,0.0070400238037109,-4.5180320739746094e-05,-0.0001546628773212,0,0,0,0,0,100446,100446
lego,72,integer_pd,0.0070400238037109,-4.5180320739746094e-05,-0.0001546628773212,0,0,0,0,0,100446,100446
lego,72,opacity_prune,0.0070400238037109,-4.5180320739746094e-05,-0.0001546628773212,0,0,0,0,0,100446,100446
lego,72,no_guard,0.0070400238037109,-4.5180320739746094e-05,-0.0001546628773212,0,0,0,0,0,100446,100446
lego,73,wide_control,0.0136318206787109,4.07099723815918e-05,-0.0001575201749801,0,0,0,0,0,101321,101321
lego,73,eigen_floor,-0.0011615753173828,-6.318092346191406e-05,-8.837133646011353e-05,0,0,0,0,0,101321,101316
lego,73,integer_pd,-0.0011615753173828,-6.318092346191406e-05,-8.837133646011353e-05,0,0,0,0,0,101321,101316
lego,73,opacity_prune,-0.0011615753173828,-6.318092346191406e-05,-8.837133646011353e-05,0,0,0,0,0,101321,101316
lego,73,no_guard,-0.0011615753173828,-6.318092346191406e-05,-8.837133646011353e-05,0,0,0,0,0,101321,101321
lego,74,wide_control,0.0122928619384765,3.713369369506836e-05,-0.0001930855214595,0,0,0,0,0,99362,99362
lego,74,eigen_floor,0.0003089904785156,-4.00543212890625e-05,-8.685141801834106e-05,0,0,0,0,0,99362,99353
lego,74,integer_pd,0.0003089904785156,-4.00543212890625e-05,-8.685141801834106e-05,0,0,0,0,0,99362,99353
lego,74,opacity_prune,0.0003089904785156,-4.00543212890625e-05,-8.685141801834106e-05,0,0,0,0,0,99362,99353
lego,74,no_guard,0.0003089904785156,-4.00543212890625e-05,-8.685141801834106e-05,0,0,0,0,0,99362,99362
lego,75,wide_control,0.0095119476318359,2.3543834686279297e-05,-0.0001930482685565,0,0,0,0,0,98976,98976
lego,75,eigen_floor,0.0073776245117187,-4.637241363525391e-05,-0.0002792552113533,0,0,0,0,0,98976,98970
lego,75,integer_pd,0.0073776245117187,-4.637241363525391e-05,-0.0002792552113533,0,0,0,0,0,98976,98970
lego,75,opacity_prune,0.0073776245117187,-4.637241363525391e-05,-0.0002792552113533,0,0,0,0,0,98976,98970
lego,75,no_guard,0.0073776245117187,-4.637241363525391e-05,-0.0002792552113533,0,0,0,0,0,98976,98976
lego,76,wide_control,0.0111274719238281,3.141164779663086e-05,-0.000188872218132,0,0,0,0,0,99633,99633
lego,76,eigen_floor,-0.00335693359375,-8.028745651245117e-05,-7.965415716171265e-05,0,0,0,0,0,99633,99632
lego,76,integer_pd,-0.00335693359375,-8.028745651245117e-05,-7.965415716171265e-05,0,0,0,0,0,99633,99632
lego,76,opacity_prune,-0.00335693359375,-8.028745651245117e-05,-7.965415716171265e-05,0,0,0,0,0,99633,99632
lego,76,no_guard,-0.00335693359375,-8.028745651245117e-05,-7.965415716171265e-05,0,0,0,0,0,99633,99633
lego,77,wide_control,0.0115261077880859,3.427267074584961e-05,-0.0002023093402385,0,0,0,0,0,99546,99546
lego,77,eigen_floor,0.0025920867919921,-2.5212764739990234e-05,-7.745996117591858e-05,0,0,0,0,0,99546,99540
lego,77,integer_pd,0.0025920867919921,-2.5212764739990234e-05,-7.745996117591858e-05,0,0,0,0,0,99546,99540
lego,77,opacity_prune,0.0025920867919921,-2.5212764739990234e-05,-7.745996117591858e-05,0,0,0,0,0,99546,99540
lego,77,no_guard,0.0025920867919921,-2.5212764739990234e-05,-7.745996117591858e-05,0,0,0,0,0,99546,99546
lego,78,wide_control,0.0117950439453125,3.9458274841308594e-05,-0.000144600868225,0,0,0,0,0,98819,98819
lego,78,eigen_floor,-0.00396728515625,-7.724761962890625e-05,-4.673749208450317e-05,0,0,0,0,0,98819,98821
lego,78,integer_pd,-0.00396728515625,-7.724761962890625e-05,-4.673749208450317e-05,0,0,0,0,0,98819,98821
lego,78,opacity_prune,-0.00396728515625,-7.724761962890625e-05,-4.673749208450317e-05,0,0,0,0,0,98819,98821
lego,78,no_guard,-0.00396728515625,-7.724761962890625e-05,-4.673749208450317e-05,0,0,0,0,0,98819,98819
lego,79,wide_control,0.0115928649902343,3.141164779663086e-05,-0.0001722797751426,0,0,0,0,0,99683,99683
lego,79,eigen_floor,-0.0024318695068359,-8.565187454223633e-05,-9.547173976898192e-05,0,0,0,0,0,99683,99685
lego,79,integer_pd,-0.0024318695068359,-8.565187454223633e-05,-9.547173976898192e-05,0,0,0,0,0,99683,99685
lego,79,opacity_prune,-0.0024318695068359,-8.565187454223633e-05,-9.547173976898192e-05,0,0,0,0,0,99683,99685
lego,79,no_guard,-0.0024318695068359,-8.565187454223633e-05,-9.547173976898192e-05,0,0,0,0,0,99683,99683
lego,80,wide_control,0.0103569030761718,3.701448440551758e-05,-0.0001051574945449,0,0,0,0,0,100202,100202
lego,80,eigen_floor,-0.0038070678710937,-6.306171417236328e-05,-7.040053606033325e-05,0,0,0,0,0,100202,100205
lego,80,integer_pd,-0.0038070678710937,-6.306171417236328e-05,-7.040053606033325e-05,0,0,0,0,0,100202,100205
lego,80,opacity_prune,-0.0038070678710937,-6.306171417236328e-05,-7.040053606033325e-05,0,0,0,0,0,100202,100205
lego,80,no_guard,-0.0038070678710937,-6.306171417236328e-05,-7.040053606033325e-05,0,0,0,0,0,100202,100202
lego,81,wide_control,0.0057621002197265,3.814697265625e-06,-5.88148832321167e-05,0,0,0,0,0,100296,100296
lego,81,eigen_floor,-0.0007266998291015,-6.371736526489258e-05,-8.22991132736206e-05,0,0,0,0,0,100296,100294
lego,81,integer_pd,-0.0007266998291015,-6.371736526489258e-05,-8.22991132736206e-05,0,0,0,0,0,100296,100294
lego,81,opacity_prune,-0.0007266998291015,-6.371736526489258e-05,-8.22991132736206e-05,0,0,0,0,0,100296,100294
lego,81,no_guard,-0.0007266998291015,-6.371736526489258e-05,-8.22991132736206e-05,0,0,0,0,0,100296,100296
lego,82,wide_control,0.0073585510253906,3.248453140258789e-05,-6.520003080368042e-05,0,0,0,0,0,100147,100147
lego,82,eigen_floor,0.0030841827392578,-1.9431114196777344e-05,-4.2743980884552e-05,0,0,0,0,0,100147,100147
lego,82,integer_pd,0.0030841827392578,-1.9431114196777344e-05,-4.2743980884552e-05,0,0,0,0,0,100147,100147
lego,82,opacity_prune,0.0030841827392578,-1.9431114196777344e-05,-4.2743980884552e-05,0,0,0,0,0,100147,100147
lego,82,no_guard,0.0030841827392578,-1.9431114196777344e-05,-4.2743980884552e-05,0,0,0,0,0,100147,100147
lego,83,wide_control,0.0063972473144531,1.6748905181884766e-05,-0.0001070201396942,0,0,0,0,0,100626,100626
lego,83,eigen_floor,-0.00604248046875,-8.493661880493164e-05,3.7848949432373047e-06,0,0,0,0,0,100626,100628
lego,83,integer_pd,-0.00604248046875,-8.493661880493164e-05,3.7848949432373047e-06,0,0,0,0,0,100626,100628
lego,83,opacity_prune,-0.00604248046875,-8.493661880493164e-05,3.7848949432373047e-06,0,0,0,0,0,100626,100628
lego,83,no_guard,-0.00604248046875,-8.493661880493164e-05,3.7848949432373047e-06,0,0,0,0,0,100626,100626
lego,84,wide_control,0.0054683685302734,2.1457672119140625e-05,-8.155405521392822e-05,0,0,0,0,0,100336,100336
lego,84,eigen_floor,-0.009744644165039,-0.0001035928726196,1.96695327758789e-06,0,0,0,0,0,100336,100326
lego,84,integer_pd,-0.009744644165039,-0.0001035928726196,1.96695327758789e-06,0,0,0,0,0,100336,100326
lego,84,opacity_prune,-0.009744644165039,-0.0001035928726196,1.96695327758789e-06,0,0,0,0,0,100336,100326
lego,84,no_guard,-0.009744644165039,-0.0001035928726196,1.96695327758789e-06,0,0,0,0,0,100336,100336
lego,85,wide_control,0.0029335021972656,-8.940696716308594e-07,-3.425776958465576e-05,0,0,0,0,0,100868,100868
lego,85,eigen_floor,-0.0011711120605468,-6.252527236938477e-05,-7.133930921554565e-05,0,0,0,0,0,100868,100870
lego,85,integer_pd,-0.0011711120605468,-6.252527236938477e-05,-7.133930921554565e-05,0,0,0,0,0,100868,100870
lego,85,opacity_prune,-0.0011711120605468,-6.252527236938477e-05,-7.133930921554565e-05,0,0,0,0,0,100868,100870
lego,85,no_guard,-0.0011711120605468,-6.252527236938477e-05,-7.133930921554565e-05,0,0,0,0,0,100868,100868
lego,86,wide_control,0.0037117004394531,6.9141387939453125e-06,-9.829550981521606e-05,0,0,0,0,0,100812,100812
lego,86,eigen_floor,-0.0020484924316406,-6.663799285888672e-05,-9.682029485702516e-05,0,0,0,0,0,100812,100810
lego,86,integer_pd,-0.0020484924316406,-6.663799285888672e-05,-9.682029485702516e-05,0,0,0,0,0,100812,100810
lego,86,opacity_prune,-0.0020484924316406,-6.663799285888672e-05,-9.682029485702516e-05,0,0,0,0,0,100812,100810
lego,86,no_guard,-0.0020484924316406,-6.663799285888672e-05,-9.682029485702516e-05,0,0,0,0,0,100812,100812
lego,87,wide_control,0.0056381225585937,5.841255187988281e-06,-7.136911153793335e-05,0,0,0,0,0,101056,101056
lego,87,eigen_floor,-0.0035057067871093,-8.505582809448242e-05,1.6413629055023193e-05,0,0,0,0,0,101056,101054
lego,87,integer_pd,-0.0035057067871093,-8.505582809448242e-05,1.6413629055023193e-05,0,0,0,0,0,101056,101054
lego,87,opacity_prune,-0.0035057067871093,-8.505582809448242e-05,1.6413629055023193e-05,0,0,0,0,0,101056,101054
lego,87,no_guard,-0.0035057067871093,-8.505582809448242e-05,1.6413629055023193e-05,0,0,0,0,0,101056,101056
lego,88,wide_control,0.0052433013916015,1.806020736694336e-05,-0.0001256912946701,0,0,0,0,0,100706,100706
lego,88,eigen_floor,-0.0048885345458984,-3.546476364135742e-05,3.917515277862549e-05,0,0,0,0,0,100706,100707
lego,88,integer_pd,-0.0048885345458984,-3.546476364135742e-05,3.917515277862549e-05,0,0,0,0,0,100706,100707
lego,88,opacity_prune,-0.0048885345458984,-3.546476364135742e-05,3.917515277862549e-05,0,0,0,0,0,100706,100707
lego,88,no_guard,-0.0048885345458984,-3.546476364135742e-05,3.917515277862549e-05,0,0,0,0,0,100706,100706
lego,89,wide_control,0.0032577514648437,8.463859558105469e-06,-4.190951585769653e-05,0,0,0,0,0,99918,99918
lego,89,eigen_floor,-0.004861831665039,-6.16908073425293e-05,1.846253871917725e-05,0,0,0,0,0,99918,99921
lego,89,integer_pd,-0.004861831665039,-6.16908073425293e-05,1.846253871917725e-05,0,0,0,0,0,99918,99921
lego,89,opacity_prune,-0.004861831665039,-6.16908073425293e-05,1.846253871917725e-05,0,0,0,0,0,99918,99921
lego,89,no_guard,-0.004861831665039,-6.16908073425293e-05,1.846253871917725e-05,0,0,0,0,0,99918,99918
lego,90,wide_control,0.0033168792724609,1.239776611328125e-05,-5.46872615814209e-05,0,0,0,0,0,99276,99276
lego,90,eigen_floor,0.0011959075927734,-5.429983139038086e-05,2.060830593109131e-05,0,0,0,0,0,99276,99276
lego,90,integer_pd,0.0011959075927734,-5.429983139038086e-05,2.060830593109131e-05,0,0,0,0,0,99276,99276
lego,90,opacity_prune,0.0011959075927734,-5.429983139038086e-05,2.060830593109131e-05,0,0,0,0,0,99276,99276
lego,90,no_guard,0.0011959075927734,-5.429983139038086e-05,2.060830593109131e-05,0,0,0,0,0,99276,99276
lego,91,wide_control,0.0034694671630859,-8.344650268554688e-06,-7.263198494911194e-05,0,0,0,0,0,98573,98573
lego,91,eigen_floor,-0.0060291290283203,-6.443262100219727e-05,6.396323442459106e-05,0,0,0,0,0,98573,98573
lego,91,integer_pd,-0.0060291290283203,-6.443262100219727e-05,6.396323442459106e-05,0,0,0,0,0,98573,98573
lego,91,opacity_prune,-0.0060291290283203,-6.443262100219727e-05,6.396323442459106e-05,0,0,0,0,0,98573,98573
lego,91,no_guard,-0.0060291290283203,-6.443262100219727e-05,6.396323442459106e-05,0,0,0,0,0,98573,98573
lego,92,wide_control,0.0036239624023437,1.156330108642578e-05,-7.503107190132141e-05,0,0,0,0,0,97352,97352
lego,92,eigen_floor,-0.0032844543457031,-9.119510650634766e-05,-4.808977246284485e-05,0,0,0,0,0,97352,97360
lego,92,integer_pd,-0.0032844543457031,-9.119510650634766e-05,-4.808977246284485e-05,0,0,0,0,0,97352,97360
lego,92,opacity_prune,-0.0032844543457031,-9.119510650634766e-05,-4.808977246284485e-05,0,0,0,0,0,97352,97360
lego,92,no_guard,-0.0032844543457031,-9.119510650634766e-05,-4.808977246284485e-05,0,0,0,0,0,97352,97352
lego,93,wide_control,0.0027999877929687,8.940696716308594e-07,-0.0001037865877151,0,0,0,0,0,95997,95997
lego,93,eigen_floor,-0.00823974609375,-9.322166442871094e-05,0.0001235865056514,0,0,0,0,0,95997,95994
lego,93,integer_pd,-0.00823974609375,-9.322166442871094e-05,0.0001235865056514,0,0,0,0,0,95997,95994
lego,93,opacity_prune,-0.00823974609375,-9.322166442871094e-05,0.0001235865056514,0,0,0,0,0,95997,95994
lego,93,no_guard,-0.00823974609375,-9.322166442871094e-05,0.0001235865056514,0,0,0,0,0,95997,95997
lego,94,wide_control,0.0047149658203125,1.6689300537109375e-06,-8.317455649375916e-05,0,0,0,0,0,95298,95298
lego,94,eigen_floor,-0.0046749114990234,-5.59687614440918e-05,-7.4729323387146e-05,0,0,0,0,0,95298,95296
lego,94,integer_pd,-0.0046749114990234,-5.59687614440918e-05,-7.4729323387146e-05,0,0,0,0,0,95298,95296
lego,94,opacity_prune,-0.0046749114990234,-5.59687614440918e-05,-7.4729323387146e-05,0,0,0,0,0,95298,95296
lego,94,no_guard,-0.0046749114990234,-5.59687614440918e-05,-7.4729323387146e-05,0,0,0,0,0,95298,95298
lego,95,wide_control,0.0074424743652343,2.384185791015625e-07,-0.0001145936548709,0,0,0,0,0,94211,94211
lego,95,eigen_floor,-0.0070419311523437,-8.875131607055664e-05,6.407499313354492e-07,0,0,0,0,0,94211,94212
lego,95,integer_pd,-0.0070419311523437,-8.875131607055664e-05,6.407499313354492e-07,0,0,0,0,0,94211,94212
lego,95,opacity_prune,-0.0070419311523437,-8.875131607055664e-05,6.407499313354492e-07,0,0,0,0,0,94211,94212
lego,95,no_guard,-0.0070419311523437,-8.875131607055664e-05,6.407499313354492e-07,0,0,0,0,0,94211,94211
lego,96,wide_control,0.0097885131835937,-1.3768672943115234e-05,-0.0001492239534854,0,0,0,0,0,92988,92988
lego,96,eigen_floor,-0.001251220703125,-2.431869506835937e-05,-0.0001262985169887,0,0,0,0,0,92988,92990
lego,96,integer_pd,-0.001251220703125,-2.431869506835937e-05,-0.0001262985169887,0,0,0,0,0,92988,92990
lego,96,opacity_prune,-0.001251220703125,-2.431869506835937e-05,-0.0001262985169887,0,0,0,0,0,92988,92990
lego,96,no_guard,-0.001251220703125,-2.431869506835937e-05,-0.0001262985169887,0,0,0,0,0,92988,92988
lego,97,wide_control,0.0164794921875,1.0669231414794922e-05,-6.303191184997559e-05,0,0,0,0,0,91736,91736
lego,97,eigen_floor,0.0020561218261718,-4.7266483306884766e-05,-3.133714199066162e-05,0,0,0,0,0,91736,91734
lego,97,integer_pd,0.0020561218261718,-4.7266483306884766e-05,-3.133714199066162e-05,0,0,0,0,0,91736,91734
lego,97,opacity_prune,0.0020561218261718,-4.7266483306884766e-05,-3.133714199066162e-05,0,0,0,0,0,91736,91734
lego,97,no_guard,0.0020561218261718,-4.7266483306884766e-05,-3.133714199066162e-05,0,0,0,0,0,91736,91736
lego,98,wide_control,0.0230903625488281,3.612041473388672e-05,-0.0001321583986282,0,0,0,0,0,90530,90530
lego,98,eigen_floor,0.0091056823730468,-5.322694778442383e-05,-0.0001203343272209,0,0,0,0,0,90530,90528
lego,98,integer_pd,0.0091056823730468,-5.322694778442383e-05,-0.0001203343272209,0,0,0,0,0,90530,90528
lego,98,opacity_prune,0.0091056823730468,-5.322694778442383e-05,-0.0001203343272209,0,0,0,0,0,90530,90528
lego,98,no_guard,0.0091056823730468,-5.322694778442383e-05,-0.0001203343272209,0,0,0,0,0,90530,90530
lego,99,wide_control,0.0197219848632812,2.962350845336914e-05,-0.0001208633184432,0,0,0,0,0,90918,90918
lego,99,eigen_floor,0.0103607177734375,-3.9458274841308594e-05,-7.900968194007874e-05,0,0,0,0,0,90918,90919
lego,99,integer_pd,0.0103607177734375,-3.9458274841308594e-05,-7.900968194007874e-05,0,0,0,0,0,90918,90919
lego,99,opacity_prune,0.0103607177734375,-3.9458274841308594e-05,-7.900968194007874e-05,0,0,0,0,0,90918,90919
lego,99,no_guard,0.0103607177734375,-3.9458274841308594e-05,-7.900968194007874e-05,0,0,0,0,0,90918,90918
lego,100,wide_control,0.0175323486328125,2.920627593994141e-05,-9.55834984779358e-05,0,0,0,0,0,90509,90509
lego,100,eigen_floor,0.0057449340820312,-3.248453140258789e-05,-7.674098014831543e-05,0,0,0,0,0,90509,90510
lego,100,integer_pd,0.0057449340820312,-3.248453140258789e-05,-7.674098014831543e-05,0,0,0,0,0,90509,90510
lego,100,opacity_prune,0.0057449340820312,-3.248453140258789e-05,-7.674098014831543e-05,0,0,0,0,0,90509,90510
lego,100,no_guard,0.0057449340820312,-3.248453140258789e-05,-7.674098014831543e-05,0,0,0,0,0,90509,90509
lego,101,wide_control,0.0234146118164062,2.574920654296875e-05,-0.0001255311071872,0,0,0,0,0,91061,91061
lego,101,eigen_floor,0.0143699645996093,-4.887580871582031e-05,-0.000141192227602,0,0,0,0,0,91061,91060
lego,101,integer_pd,0.0143699645996093,-4.887580871582031e-05,-0.000141192227602,0,0,0,0,0,91061,91060
lego,101,opacity_prune,0.0143699645996093,-4.887580871582031e-05,-0.000141192227602,0,0,0,0,0,91061,91060
lego,101,no_guard,0.0143699645996093,-4.887580871582031e-05,-0.000141192227602,0,0,0,0,0,91061,91061
lego,102,wide_control,0.0221786499023437,2.0325183868408203e-05,-9.695068001747131e-05,0,0,0,0,0,90880,90880
lego,102,eigen_floor,0.0118827819824218,-3.629922866821289e-05,-8.106976747512817e-05,0,0,0,0,0,90880,90879
lego,102,integer_pd,0.0118827819824218,-3.629922866821289e-05,-8.106976747512817e-05,0,0,0,0,0,90880,90879
lego,102,opacity_prune,0.0118827819824218,-3.629922866821289e-05,-8.106976747512817e-05,0,0,0,0,0,90880,90879
lego,102,no_guard,0.0118827819824218,-3.629922866821289e-05,-8.106976747512817e-05,0,0,0,0,0,90880,90880
lego,103,wide_control,0.0185813903808593,1.323223114013672e-05,-4.953145980834961e-05,0,0,0,0,0,92410,92410
lego,103,eigen_floor,8.392333984375e-05,-8.958578109741211e-05,-2.70158052444458e-05,0,0,0,0,0,92410,92408
lego,103,integer_pd,8.392333984375e-05,-8.958578109741211e-05,-2.70158052444458e-05,0,0,0,0,0,92410,92408
lego,103,opacity_prune,8.392333984375e-05,-8.958578109741211e-05,-2.70158052444458e-05,0,0,0,0,0,92410,92408
lego,103,no_guard,8.392333984375e-05,-8.958578109741211e-05,-2.70158052444458e-05,0,0,0,0,0,92410,92410
lego,104,wide_control,0.0123939514160156,-4.827976226806641e-06,-1.5910714864730835e-05,0,0,0,0,0,93837,93837
lego,104,eigen_floor,0.0001335144042968,-8.618831634521484e-05,-2.87964940071106e-05,0,0,0,0,0,93837,93835
lego,104,integer_pd,0.0001335144042968,-8.618831634521484e-05,-2.87964940071106e-05,0,0,0,0,0,93837,93835
lego,104,opacity_prune,0.0001335144042968,-8.618831634521484e-05,-2.87964940071106e-05,0,0,0,0,0,93837,93835
lego,104,no_guard,0.0001335144042968,-8.618831634521484e-05,-2.87964940071106e-05,0,0,0,0,0,93837,93837
lego,105,wide_control,0.0070152282714843,-2.3245811462402344e-05,-9.039044380187988e-05,0,0,0,0,0,95079,95079
lego,105,eigen_floor,-0.0099449157714843,-0.0001254677772521,5.754083395004273e-05,0,0,0,0,0,95079,95082
lego,105,integer_pd,-0.0099449157714843,-0.0001254677772521,5.754083395004273e-05,0,0,0,0,0,95079,95082
lego,105,opacity_prune,-0.0099449157714843,-0.0001254677772521,5.754083395004273e-05,0,0,0,0,0,95079,95082
lego,105,no_guard,-0.0099449157714843,-0.0001254677772521,5.754083395004273e-05,0,0,0,0,0,95079,95079
lego,106,wide_control,0.0086135864257812,-1.1801719665527344e-05,-8.577108383178711e-05,0,0,0,0,0,96194,96194
lego,106,eigen_floor,0.0003623962402343,-7.31348991394043e-05,-5.076080560684204e-05,0,0,0,0,0,96194,96196
lego,106,integer_pd,0.0003623962402343,-7.31348991394043e-05,-5.076080560684204e-05,0,0,0,0,0,96194,96196
lego,106,opacity_prune,0.0003623962402343,-7.31348991394043e-05,-5.076080560684204e-05,0,0,0,0,0,96194,96196
lego,106,no_guard,0.0003623962402343,-7.31348991394043e-05,-5.076080560684204e-05,0,0,0,0,0,96194,96194
lego,107,wide_control,0.0068206787109375,-8.761882781982422e-06,-0.000167790800333,0,0,0,0,0,96708,96708
lego,107,eigen_floor,-0.00347900390625,-0.0001139044761657,-0.0001381523907184,0,0,0,0,0,96708,96711
lego,107,integer_pd,-0.00347900390625,-0.0001139044761657,-0.0001381523907184,0,0,0,0,0,96708,96711
lego,107,opacity_prune,-0.00347900390625,-0.0001139044761657,-0.0001381523907184,0,0,0,0,0,96708,96711
lego,107,no_guard,-0.00347900390625,-0.0001139044761657,-0.0001381523907184,0,0,0,0,0,96708,96708
lego,108,wide_control,0.0082664489746093,-1.3530254364013672e-05,-0.000129722058773,0,0,0,0,0,98020,98020
lego,108,eigen_floor,0.0029716491699218,-0.0001114010810852,-6.245821714401245e-05,0,0,0,0,0,98020,98020
lego,108,integer_pd,0.0029716491699218,-0.0001114010810852,-6.245821714401245e-05,0,0,0,0,0,98020,98020
lego,108,opacity_prune,0.0029716491699218,-0.0001114010810852,-6.245821714401245e-05,0,0,0,0,0,98020,98020
lego,108,no_guard,0.0029716491699218,-0.0001114010810852,-6.245821714401245e-05,0,0,0,0,0,98020,98020
lego,109,wide_control,0.0089035034179687,-2.4020671844482425e-05,0.0001089312136173,0,0,0,0,0,99263,99263
lego,109,eigen_floor,-0.0037460327148437,-6.80088996887207e-05,-2.38269567489624e-05,0,0,0,0,0,99263,99263
lego,109,integer_pd,-0.0037460327148437,-6.80088996887207e-05,-2.38269567489624e-05,0,0,0,0,0,99263,99263
lego,109,opacity_prune,-0.0037460327148437,-6.80088996887207e-05,-2.38269567489624e-05,0,0,0,0,0,99263,99263
lego,109,no_guard,-0.0037460327148437,-6.80088996887207e-05,-2.38269567489624e-05,0,0,0,0,0,99263,99263
lego,110,wide_control,0.0115699768066406,-1.0967254638671877e-05,-0.0001138560473918,0,0,0,0,0,99571,99571
lego,110,eigen_floor,-0.0095863342285156,-0.0001153945922851,-2.831593155860901e-05,0,0,0,0,0,99571,99574
lego,110,integer_pd,-0.0095863342285156,-0.0001153945922851,-2.831593155860901e-05,0,0,0,0,0,99571,99574
lego,110,opacity_prune,-0.0095863342285156,-0.0001153945922851,-2.831593155860901e-05,0,0,0,0,0,99571,99574
lego,110,no_guard,-0.0095863342285156,-0.0001153945922851,-2.831593155860901e-05,0,0,0,0,0,99571,99571
lego,111,wide_control,0.0111656188964843,-1.5735626220703125e-05,-0.0001143924891948,0,0,0,0,0,100711,100711
lego,111,eigen_floor,-0.0143623352050781,-0.0001484155654907,-4.36343252658844e-05,0,0,0,0,0,100711,100705
lego,111,integer_pd,-0.0143623352050781,-0.0001484155654907,-4.36343252658844e-05,0,0,0,0,0,100711,100705
lego,111,opacity_prune,-0.0143623352050781,-0.0001484155654907,-4.36343252658844e-05,0,0,0,0,0,100711,100705
lego,111,no_guard,-0.0143623352050781,-0.0001484155654907,-4.36343252658844e-05,0,0,0,0,0,100711,100711
lego,112,wide_control,0.0157432556152343,-1.9371509552001957e-05,6.6533684730529785e-06,0,0,0,0,0,101467,101467
lego,112,eigen_floor,-0.00848388671875,-0.0001055598258972,-2.2254884243011475e-05,0,0,0,0,0,101467,101464
lego,112,integer_pd,-0.00848388671875,-0.0001055598258972,-2.2254884243011475e-05,0,0,0,0,0,101467,101464
lego,112,opacity_prune,-0.00848388671875,-0.0001055598258972,-2.2254884243011475e-05,0,0,0,0,0,101467,101464
lego,112,no_guard,-0.00848388671875,-0.0001055598258972,-2.2254884243011475e-05,0,0,0,0,0,101467,101467
lego,113,wide_control,0.0150680541992187,-1.6391277313232422e-05,-0.0001210905611515,0,0,0,0,0,101789,101789
lego,113,eigen_floor,-0.009796142578125,-0.0001076459884643,-0.000106394290924,0,0,0,0,0,101789,101790
lego,113,integer_pd,-0.009796142578125,-0.0001076459884643,-0.000106394290924,0,0,0,0,0,101789,101790
lego,113,opacity_prune,-0.009796142578125,-0.0001076459884643,-0.000106394290924,0,0,0,0,0,101789,101790
lego,113,no_guard,-0.009796142578125,-0.0001076459884643,-0.000106394290924,0,0,0,0,0,101789,101789
lego,114,wide_control,0.0137748718261718,-7.271766662597656e-06,-7.351860404014587e-05,0,0,0,0,0,101798,101798
lego,114,eigen_floor,0.0017509460449218,-8.445978164672852e-05,0.0001034699380397,0,0,0,0,0,101798,101795
lego,114,integer_pd,0.0017509460449218,-8.445978164672852e-05,0.0001034699380397,0,0,0,0,0,101798,101795
lego,114,opacity_prune,0.0017509460449218,-8.445978164672852e-05,0.0001034699380397,0,0,0,0,0,101798,101795
lego,114,no_guard,0.0017509460449218,-8.445978164672852e-05,0.0001034699380397,0,0,0,0,0,101798,101798
lego,115,wide_control,0.0116119384765625,-1.055002212524414e-05,1.3705343008041382e-05,0,0,0,0,0,101420,101420
lego,115,eigen_floor,0.0019607543945312,-8.285045623779297e-05,9.611621499061584e-05,0,0,0,0,0,101420,101423
lego,115,integer_pd,0.0019607543945312,-8.285045623779297e-05,9.611621499061584e-05,0,0,0,0,0,101420,101423
lego,115,opacity_prune,0.0019607543945312,-8.285045623779297e-05,9.611621499061584e-05,0,0,0,0,0,101420,101423
lego,115,no_guard,0.0019607543945312,-8.285045623779297e-05,9.611621499061584e-05,0,0,0,0,0,101420,101420
lego,116,wide_control,0.0115089416503906,-4.947185516357422e-06,-7.713586091995239e-05,0,0,0,0,0,101309,101309
lego,116,eigen_floor,-0.0045585632324218,-8.678436279296875e-05,2.927333116531372e-05,0,0,0,0,0,101309,101308
lego,116,integer_pd,-0.0045585632324218,-8.678436279296875e-05,2.927333116531372e-05,0,0,0,0,0,101309,101308
lego,116,opacity_prune,-0.0045585632324218,-8.678436279296875e-05,2.927333116531372e-05,0,0,0,0,0,101309,101308
lego,116,no_guard,-0.0045585632324218,-8.678436279296875e-05,2.927333116531372e-05,0,0,0,0,0,101309,101309
lego,117,wide_control,0.0113983154296875,-4.887580871582031e-06,-5.8360397815704346e-05,0,0,0,0,0,101379,101379
lego,117,eigen_floor,-0.0074100494384765,-8.416175842285156e-05,2.4184584617614743e-05,0,0,0,0,0,101379,101384
lego,117,integer_pd,-0.0074100494384765,-8.416175842285156e-05,2.4184584617614743e-05,0,0,0,0,0,101379,101384
lego,117,opacity_prune,-0.0074100494384765,-8.416175842285156e-05,2.4184584617614743e-05,0,0,0,0,0,101379,101384
lego,117,no_guard,-0.0074100494384765,-8.416175842285156e-05,2.4203211069107056e-05,0,0,0,0,0,101379,101379
lego,118,wide_control,0.0126514434814453,-1.8417835235595703e-05,-0.0001193471252918,0,0,0,0,0,100505,100505
lego,118,eigen_floor,0.0020332336425781,-9.85860824584961e-05,3.983825445175171e-05,0,0,0,0,0,100505,100507
lego,118,integer_pd,0.0020332336425781,-9.85860824584961e-05,3.983825445175171e-05,0,0,0,0,0,100505,100507
lego,118,opacity_prune,0.0020332336425781,-9.85860824584961e-05,3.983825445175171e-05,0,0,0,0,0,100505,100507
lego,118,no_guard,0.0020332336425781,-9.85860824584961e-05,3.983825445175171e-05,0,0,0,0,0,100505,100505
lego,119,wide_control,0.0143489837646484,-4.0531158447265625e-06,-0.0001115836203098,0,0,0,0,0,100568,100568
lego,119,eigen_floor,0.0050621032714843,-6.371736526489258e-05,3.876537084579468e-05,0,0,0,0,0,100568,100574
lego,119,integer_pd,0.0050621032714843,-6.371736526489258e-05,3.876537084579468e-05,0,0,0,0,0,100568,100574
lego,119,opacity_prune,0.0050621032714843,-6.371736526489258e-05,3.876537084579468e-05,0,0,0,0,0,100568,100574
lego,119,no_guard,0.0050621032714843,-6.371736526489258e-05,3.876537084579468e-05,0,0,0,0,0,100568,100568
lego,120,wide_control,0.0162181854248046,5.304813385009766e-06,-0.0001659393310546,0,0,0,0,0,100502,100502
lego,120,eigen_floor,-0.0027923583984375,-0.000112235546112,-3.882870078086853e-05,0,0,0,0,0,100502,100491
lego,120,integer_pd,-0.0027923583984375,-0.000112235546112,-3.882870078086853e-05,0,0,0,0,0,100502,100491
lego,120,opacity_prune,-0.0027923583984375,-0.000112235546112,-3.882870078086853e-05,0,0,0,0,0,100502,100491
lego,120,no_guard,-0.0027923583984375,-0.000112235546112,-3.882870078086853e-05,0,0,0,0,0,100502,100502
lego,121,wide_control,0.0189971923828125,2.646446228027344e-05,-0.0001050643622875,0,0,0,0,0,100361,100361
lego,121,eigen_floor,-0.001007080078125,-9.41157341003418e-05,1.7683953046798706e-05,0,0,0,0,0,100361,100359
lego,121,integer_pd,-0.001007080078125,-9.41157341003418e-05,1.7683953046798706e-05,0,0,0,0,0,100361,100359
lego,121,opacity_prune,-0.001007080078125,-9.41157341003418e-05,1.7683953046798706e-05,0,0,0,0,0,100361,100359
lego,121,no_guard,-0.001007080078125,-9.41157341003418e-05,1.7683953046798706e-05,0,0,0,0,0,100361,100361
lego,122,wide_control,0.0193729400634765,3.141164779663086e-05,-9.390339255332948e-05,0,0,0,0,0,99284,99284
lego,122,eigen_floor,0.0009670257568359,-7.611513137817383e-05,-5.5577605962753296e-05,0,0,0,0,0,99284,99284
lego,122,integer_pd,0.0009670257568359,-7.611513137817383e-05,-5.5577605962753296e-05,0,0,0,0,0,99284,99284
lego,122,opacity_prune,0.0009670257568359,-7.611513137817383e-05,-5.5577605962753296e-05,0,0,0,0,0,99284,99284
lego,122,no_guard,0.0009670257568359,-7.611513137817383e-05,-5.5577605962753296e-05,0,0,0,0,0,99284,99284
lego,123,wide_control,0.0181217193603515,1.7404556274414062e-05,-0.000146921724081,0,0,0,0,0,99534,99534
lego,123,eigen_floor,-0.0017013549804687,-7.873773574829102e-05,-2.162531018257141e-05,0,0,0,0,0,99534,99536
lego,123,integer_pd,-0.0017013549804687,-7.873773574829102e-05,-2.162531018257141e-05,0,0,0,0,0,99534,99536
lego,123,opacity_prune,-0.0017013549804687,-7.873773574829102e-05,-2.162531018257141e-05,0,0,0,0,0,99534,99536
lego,123,no_guard,-0.0017013549804687,-7.873773574829102e-05,-2.162531018257141e-05,0,0,0,0,0,99534,99534
lego,124,wide_control,0.0220050811767578,3.844499588012695e-05,-0.0001424737274646,0,0,0,0,0,99522,99522
lego,124,eigen_floor,0.0027618408203125,-7.081031799316406e-05,-0.0001474842429161,0,0,0,0,0,99522,99524
lego,124,integer_pd,0.0027618408203125,-7.081031799316406e-05,-0.0001474842429161,0,0,0,0,0,99522,99524
lego,124,opacity_prune,0.0027618408203125,-7.081031799316406e-05,-0.0001474842429161,0,0,0,0,0,99522,99524
lego,124,no_guard,0.0027618408203125,-7.081031799316406e-05,-0.0001474842429161,0,0,0,0,0,99522,99522
lego,125,wide_control,0.0245323181152343,4.6253204345703125e-05,-0.0001647509634494,0,0,0,0,0,99611,99611
lego,125,eigen_floor,0.0073413848876953,-5.155801773071289e-05,-0.0001277476549148,0,0,0,0,0,99611,99615
lego,125,integer_pd,0.0073413848876953,-5.155801773071289e-05,-0.0001277476549148,0,0,0,0,0,99611,99615
lego,125,opacity_prune,0.0073413848876953,-5.155801773071289e-05,-0.0001277476549148,0,0,0,0,0,99611,99615
lego,125,no_guard,0.0073413848876953,-5.155801773071289e-05,-0.0001277476549148,0,0,0,0,0,99611,99611
lego,126,wide_control,0.0246467590332031,3.314018249511719e-05,-0.000168964266777,0,0,0,0,0,99721,99721
lego,126,eigen_floor,0.0078048706054687,-5.2809715270996094e-05,-8.939206600189209e-05,0,0,0,0,0,99721,99712
lego,126,integer_pd,0.0078048706054687,-5.2809715270996094e-05,-8.939206600189209e-05,0,0,0,0,0,99721,99712
lego,126,opacity_prune,0.0078048706054687,-5.2809715270996094e-05,-8.939206600189209e-05,0,0,0,0,0,99721,99712
lego,126,no_guard,0.0078048706054687,-5.2809715270996094e-05,-8.939206600189209e-05,0,0,0,0,0,99721,99721
lego,127,wide_control,0.0237960815429687,3.415346145629883e-05,-0.0001667588949203,0,0,0,0,0,100305,100305
lego,127,eigen_floor,0.001108169555664,-7.981061935424805e-05,-6.771460175514221e-05,0,0,0,0,0,100305,100313
lego,127,integer_pd,0.001108169555664,-7.981061935424805e-05,-6.771460175514221e-05,0,0,0,0,0,100305,100313
lego,127,opacity_prune,0.001108169555664,-7.981061935424805e-05,-6.771460175514221e-05,0,0,0,0,0,100305,100313
lego,127,no_guard,0.001108169555664,-7.981061935424805e-05,-6.771460175514221e-05,0,0,0,0,0,100305,100305
lego,128,wide_control,0.0232372283935546,2.7060508728027344e-05,-0.0001567788422107,0,0,0,0,0,100366,100366
lego,128,eigen_floor,0.00213623046875,-6.729364395141602e-05,-0.0001072511076927,0,0,0,0,0,100366,100365
lego,128,integer_pd,0.00213623046875,-6.729364395141602e-05,-0.0001072511076927,0,0,0,0,0,100366,100365
lego,128,opacity_prune,0.00213623046875,-6.729364395141602e-05,-0.0001072511076927,0,0,0,0,0,100366,100365
lego,128,no_guard,0.00213623046875,-6.729364395141602e-05,-0.0001072511076927,0,0,0,0,0,100366,100366
lego,129,wide_control,0.019439697265625,1.8715858459472656e-05,-7.71544873714447e-05,0,0,0,0,0,100326,100326
lego,129,eigen_floor,-0.0057373046875,-0.0001013278961181,-8.928030729293823e-05,0,0,0,0,0,100326,100317
lego,129,integer_pd,-0.0057373046875,-0.0001013278961181,-8.928030729293823e-05,0,0,0,0,0,100326,100317
lego,129,opacity_prune,-0.0057373046875,-0.0001013278961181,-8.928030729293823e-05,0,0,0,0,0,100326,100317
lego,129,no_guard,-0.0057373046875,-0.0001013278961181,-8.928030729293823e-05,0,0,0,0,0,100326,100326
lego,130,wide_control,0.0131988525390625,-6.556510925292969e-07,-0.0001237839460372,0,0,0,0,0,100916,100916
lego,130,eigen_floor,0.0027046203613281,-8.469820022583008e-05,-0.0001249611377716,0,0,0,0,0,100916,100919
lego,130,integer_pd,0.0027046203613281,-8.469820022583008e-05,-0.0001249611377716,0,0,0,0,0,100916,100919
lego,130,opacity_prune,0.0027046203613281,-8.469820022583008e-05,-0.0001249611377716,0,0,0,0,0,100916,100919
lego,130,no_guard,0.0027046203613281,-8.469820022583008e-05,-0.0001249611377716,0,0,0,0,0,100916,100916
lego,131,wide_control,0.0118408203125,-1.4901161193847656e-05,-5.374103784561157e-05,0,0,0,0,0,100853,100853
lego,131,eigen_floor,0.0009574890136718,-0.0001046657562255,4.0706247091293335e-05,0,0,0,0,0,100853,100849
lego,131,integer_pd,0.0009574890136718,-0.0001046657562255,4.0706247091293335e-05,0,0,0,0,0,100853,100849
lego,131,opacity_prune,0.0009574890136718,-0.0001046657562255,4.0706247091293335e-05,0,0,0,0,0,100853,100849
lego,131,no_guard,0.0009574890136718,-0.0001046657562255,4.0706247091293335e-05,0,0,0,0,0,100853,100853
lego,132,wide_control,0.006134033203125,-2.491474151611328e-05,-6.853416562080383e-05,0,0,0,0,0,100989,100989
lego,132,eigen_floor,-0.0111160278320312,-0.0001128911972045,-5.360692739486694e-05,0,0,0,0,0,100989,100987
lego,132,integer_pd,-0.0111160278320312,-0.0001128911972045,-5.360692739486694e-05,0,0,0,0,0,100989,100987
lego,132,opacity_prune,-0.0111160278320312,-0.0001128911972045,-5.360692739486694e-05,0,0,0,0,0,100989,100987
lego,132,no_guard,-0.0111160278320312,-0.0001128911972045,-5.360692739486694e-05,0,0,0,0,0,100989,100989
lego,133,wide_control,0.0060920715332031,-1.245737075805664e-05,-0.0001201853156089,0,0,0,0,0,101305,101305
lego,133,eigen_floor,-0.0110893249511718,-0.0001299381256103,1.940131187438965e-05,0,0,0,0,0,101305,101303
lego,133,integer_pd,-0.0110893249511718,-0.0001299381256103,1.940131187438965e-05,0,0,0,0,0,101305,101303
lego,133,opacity_prune,-0.0110893249511718,-0.0001299381256103,1.940131187438965e-05,0,0,0,0,0,101305,101303
lego,133,no_guard,-0.0110893249511718,-0.0001299381256103,1.940131187438965e-05,0,0,0,0,0,101305,101305
lego,134,wide_control,0.0054550170898437,-2.09808349609375e-05,-8.532404899597168e-05,0,0,0,0,0,101596,101596
lego,134,eigen_floor,-0.0154495239257812,-0.0001116394996643,-1.341104507446289e-06,0,0,0,0,0,101596,101600
lego,134,integer_pd,-0.0154495239257812,-0.0001116394996643,-1.341104507446289e-06,0,0,0,0,0,101596,101600
lego,134,opacity_prune,-0.0154495239257812,-0.0001116394996643,-1.341104507446289e-06,0,0,0,0,0,101596,101600
lego,134,no_guard,-0.0154495239257812,-0.0001116394996643,-1.341104507446289e-06,0,0,0,0,0,101596,101596
lego,135,wide_control,0.004974365234375,-2.288818359375e-05,-0.0001512430608272,0,0,0,0,0,101843,101843
lego,135,eigen_floor,-0.021392822265625,-0.0001318454742431,9.529292583465576e-06,0,0,0,0,0,101843,101844
lego,135,integer_pd,-0.021392822265625,-0.0001318454742431,9.529292583465576e-06,0,0,0,0,0,101843,101844
lego,135,opacity_prune,-0.021392822265625,-0.0001318454742431,9.529292583465576e-06,0,0,0,0,0,101843,101844
lego,135,no_guard,-0.021392822265625,-0.0001318454742431,9.529292583465576e-06,0,0,0,0,0,101843,101843
lego,136,wide_control,0.0040168762207031,-1.3530254364013672e-05,-0.0001077204942703,0,0,0,0,0,102256,102256
lego,136,eigen_floor,-0.0148048400878906,-0.0001212358474731,-7.227808237075806e-05,0,0,0,0,0,102256,102256
lego,136,integer_pd,-0.0148048400878906,-0.0001212358474731,-7.227808237075806e-05,0,0,0,0,0,102256,102256
lego,136,opacity_prune,-0.0148048400878906,-0.0001212358474731,-7.227808237075806e-05,0,0,0,0,0,102256,102256
lego,136,no_guard,-0.0148048400878906,-0.0001212358474731,-7.227808237075806e-05,0,0,0,0,0,102256,102256
lego,137,wide_control,0.0059165954589843,-1.156330108642578e-05,-6.985291838645935e-05,0,0,0,0,0,102596,102596
lego,137,eigen_floor,-0.0172386169433593,-0.0001200437545776,-5.552545189857483e-05,0,0,0,0,0,102596,102594
lego,137,integer_pd,-0.0172386169433593,-0.0001200437545776,-5.552545189857483e-05,0,0,0,0,0,102596,102594
lego,137,opacity_prune,-0.0172386169433593,-0.0001200437545776,-5.552545189857483e-05,0,0,0,0,0,102596,102594
lego,137,no_guard,-0.0172386169433593,-0.0001200437545776,-5.552545189857483e-05,0,0,0,0,0,102596,102596
lego,138,wide_control,0.0033302307128906,-2.7179718017578125e-05,-0.0001066774129867,0,0,0,0,0,102007,102007
lego,138,eigen_floor,-0.0086746215820312,-0.0001235604286193,-4.173070192337036e-05,0,0,0,0,0,102007,102009
lego,138,integer_pd,-0.0086746215820312,-0.0001235604286193,-4.173070192337036e-05,0,0,0,0,0,102007,102009
lego,138,opacity_prune,-0.0086746215820312,-0.0001235604286193,-4.173070192337036e-05,0,0,0,0,0,102007,102009
lego,138,no_guard,-0.0086746215820312,-0.0001235604286193,-4.175305366516113e-05,0,0,0,0,0,102007,102007
lego,139,wide_control,0.0037384033203125,-1.519918441772461e-05,-9.883567690849304e-05,0,0,0,0,0,101653,101653
lego,139,eigen_floor,-0.011148452758789,-9.769201278686523e-05,2.1263957023620605e-05,0,0,0,0,0,101653,101644
lego,139,integer_pd,-0.011148452758789,-9.769201278686523e-05,2.1263957023620605e-05,0,0,0,0,0,101653,101644
lego,139,opacity_prune,-0.011148452758789,-9.769201278686523e-05,2.1263957023620605e-05,0,0,0,0,0,101653,101644
lego,139,no_guard,-0.011148452758789,-9.769201278686523e-05,2.1263957023620605e-05,0,0,0,0,0,101653,101653
lego,140,wide_control,-0.0006217956542968,-2.7418136596679688e-05,-0.0001656711101531,0,0,0,0,0,101592,101592
lego,140,eigen_floor,-0.017190933227539,-0.0001329779624938,-1.1362135410308838e-05,0,0,0,0,0,101592,101595
lego,140,integer_pd,-0.017190933227539,-0.0001329779624938,-1.1362135410308838e-05,0,0,0,0,0,101592,101595
lego,140,opacity_prune,-0.017190933227539,-0.0001329779624938,-1.1362135410308838e-05,0,0,0,0,0,101592,101595
lego,140,no_guard,-0.017190933227539,-0.0001329779624938,-1.1362135410308838e-05,0,0,0,0,0,101592,101592
lego,141,wide_control,0.0016956329345703,-2.562999725341797e-05,-8.337199687957764e-05,0,0,0,0,0,101319,101319
lego,141,eigen_floor,-0.0098514556884765,-0.000112235546112,-8.519738912582397e-05,0,0,0,0,0,101319,101319
lego,141,integer_pd,-0.0098514556884765,-0.000112235546112,-8.519738912582397e-05,0,0,0,0,0,101319,101319
lego,141,opacity_prune,-0.0098514556884765,-0.000112235546112,-8.519738912582397e-05,0,0,0,0,0,101319,101319
lego,141,no_guard,-0.0098514556884765,-0.000112235546112,-8.519738912582397e-05,0,0,0,0,0,101319,101319
lego,142,wide_control,0.0032539367675781,-1.245737075805664e-05,2.279132604598999e-05,0,0,0,0,0,100946,100946
lego,142,eigen_floor,-0.0087356567382812,-7.897615432739258e-05,2.691522240638733e-05,0,0,0,0,0,100946,100953
lego,142,integer_pd,-0.0087356567382812,-7.897615432739258e-05,2.691522240638733e-05,0,0,0,0,0,100946,100953
lego,142,opacity_prune,-0.0087356567382812,-7.897615432739258e-05,2.691522240638733e-05,0,0,0,0,0,100946,100953
lego,142,no_guard,-0.0087356567382812,-7.897615432739258e-05,2.691522240638733e-05,0,0,0,0,0,100946,100946
lego,143,wide_control,0.0016136169433593,-1.519918441772461e-05,-5.414336919784546e-05,0,0,0,0,0,100728,100728
lego,143,eigen_floor,-0.017669677734375,-0.0001186728477478,2.7026981115341187e-05,0,0,0,0,0,100728,100724
lego,143,integer_pd,-0.017669677734375,-0.0001186728477478,2.7026981115341187e-05,0,0,0,0,0,100728,100724
lego,143,opacity_prune,-0.017669677734375,-0.0001186728477478,2.7026981115341187e-05,0,0,0,0,0,100728,100724
lego,143,no_guard,-0.017669677734375,-0.0001186728477478,2.7026981115341187e-05,0,0,0,0,0,100728,100728
lego,144,wide_control,0.0042610168457031,-2.3245811462402344e-06,-3.108382225036621e-05,0,0,0,0,0,99478,99478
lego,144,eigen_floor,-0.0088996887207031,-0.0001006126403808,2.3096799850463867e-05,0,0,0,0,0,99478,99482
lego,144,integer_pd,-0.0088996887207031,-0.0001006126403808,2.3096799850463867e-05,0,0,0,0,0,99478,99482
lego,144,opacity_prune,-0.0088996887207031,-0.0001006126403808,2.3096799850463867e-05,0,0,0,0,0,99478,99482
lego,144,no_guard,-0.0088996887207031,-0.0001006126403808,2.3096799850463867e-05,0,0,0,0,0,99478,99478
lego,145,wide_control,0.0009422302246093,-7.450580596923828e-06,-0.0001183860003948,0,0,0,0,0,99090,99090
lego,145,eigen_floor,-0.0062923431396484,-7.50422477722168e-05,0.000101950019598,0,0,0,0,0,99090,99091
lego,145,integer_pd,-0.0062923431396484,-7.50422477722168e-05,0.000101950019598,0,0,0,0,0,99090,99091
lego,145,opacity_prune,-0.0062923431396484,-7.50422477722168e-05,0.000101950019598,0,0,0,0,0,99090,99091
lego,145,no_guard,-0.0062923431396484,-7.50422477722168e-05,0.000101950019598,0,0,0,0,0,99090,99090
lego,146,wide_control,0.0007953643798828,-1.0132789611816406e-06,-4.1157007217407227e-05,0,0,0,0,0,98701,98701
lego,146,eigen_floor,-0.0022354125976562,-7.927417755126953e-05,-3.70219349861145e-05,0,0,0,0,0,98701,98696
lego,146,integer_pd,-0.0022354125976562,-7.927417755126953e-05,-3.70219349861145e-05,0,0,0,0,0,98701,98696
lego,146,opacity_prune,-0.0022354125976562,-7.927417755126953e-05,-3.70219349861145e-05,0,0,0,0,0,98701,98696
lego,146,no_guard,-0.0022354125976562,-7.927417755126953e-05,-3.70219349861145e-05,0,0,0,0,0,98701,98701
lego,147,wide_control,0.0032577514648437,3.457069396972656e-06,-2.19494104385376e-05,0,0,0,0,0,97593,97593
lego,147,eigen_floor,-0.0023441314697265,-6.091594696044922e-05,-5.256384611129761e-05,0,0,0,0,0,97593,97597
lego,147,integer_pd,-0.0023441314697265,-6.091594696044922e-05,-5.256384611129761e-05,0,0,0,0,0,97593,97597
lego,147,opacity_prune,-0.0023441314697265,-6.091594696044922e-05,-5.256384611129761e-05,0,0,0,0,0,97593,97597
lego,147,no_guard,-0.0023441314697265,-6.091594696044922e-05,-5.256384611129761e-05,0,0,0,0,0,97593,97593
lego,148,wide_control,-0.0002632141113281,-1.7702579498291016e-05,-6.76177442073822e-05,0,0,0,0,0,97359,97359
lego,148,eigen_floor,-0.0093421936035156,-0.0001105070114135,-2.5257468223571777e-06,0,0,0,0,0,97359,97363
lego,148,integer_pd,-0.0093421936035156,-0.0001105070114135,-2.5257468223571777e-06,0,0,0,0,0,97359,97363
lego,148,opacity_prune,-0.0093421936035156,-0.0001105070114135,-2.5257468223571777e-06,0,0,0,0,0,97359,97363
lego,148,no_guard,-0.0093421936035156,-0.0001105070114135,-2.5257468223571777e-06,0,0,0,0,0,97359,97359
lego,149,wide_control,0.0007553100585937,-2.276897430419922e-05,-4.748255014419556e-05,0,0,0,0,0,95724,95724
lego,149,eigen_floor,-0.0060920715332031,-0.0001150965690612,0.0001148656010627,0,0,0,0,0,95724,95727
lego,149,integer_pd,-0.0060920715332031,-0.0001150965690612,0.0001148656010627,0,0,0,0,0,95724,95727
lego,149,opacity_prune,-0.0060920715332031,-0.0001150965690612,0.0001148656010627,0,0,0,0,0,95724,95727
lego,149,no_guard,-0.0060920715332031,-0.0001150965690612,0.0001148656010627,0,0,0,0,0,95724,95724
lego,150,wide_control,0.0034141540527343,-7.152557373046875e-06,-4.6718865633010864e-05,0,0,0,0,0,97018,97018
lego,150,eigen_floor,-0.0167274475097656,-0.0001136660575866,2.491101622581482e-05,0,0,0,0,0,97018,97016
lego,150,integer_pd,-0.0167274475097656,-0.0001136660575866,2.491101622581482e-05,0,0,0,0,0,97018,97016
lego,150,opacity_prune,-0.0167274475097656,-0.0001136660575866,2.491101622581482e-05,0,0,0,0,0,97018,97016
lego,150,no_guard,-0.0167274475097656,-0.0001136660575866,2.491101622581482e-05,0,0,0,0,0,97018,97018
lego,151,wide_control,0.0030097961425781,-2.5331974029541016e-05,-3.199651837348938e-05,0,0,0,0,0,97567,97567
lego,151,eigen_floor,-0.0184211730957031,-0.0001237988471984,-4.1134655475616455e-05,0,0,0,0,0,97567,97565
lego,151,integer_pd,-0.0184211730957031,-0.0001237988471984,-4.1134655475616455e-05,0,0,0,0,0,97567,97565
lego,151,opacity_prune,-0.0184211730957031,-0.0001237988471984,-4.1134655475616455e-05,0,0,0,0,0,97567,97565
lego,151,no_guard,-0.0184211730957031,-0.0001237988471984,-4.1134655475616455e-05,0,0,0,0,0,97567,97567
lego,152,wide_control,0.0046577453613281,-2.312660217285156e-05,-5.028396844863892e-05,0,0,0,0,0,97880,97880
lego,152,eigen_floor,-0.0293922424316406,-0.0001608729362487,0.000156283378601,0,0,0,0,0,97880,97885
lego,152,integer_pd,-0.0293922424316406,-0.0001608729362487,0.000156283378601,0,0,0,0,0,97880,97885
lego,152,opacity_prune,-0.0293922424316406,-0.0001608729362487,0.000156283378601,0,0,0,0,0,97880,97885
lego,152,no_guard,-0.0293922424316406,-0.0001608729362487,0.000156283378601,0,0,0,0,0,97880,97880
lego,153,wide_control,0.0027084350585937,-2.682209014892578e-05,-5.40614128112793e-05,0,0,0,0,0,99853,99853
lego,153,eigen_floor,-0.0047416687011718,-7.718801498413086e-05,-5.9839338064193726e-05,0,0,0,0,0,99853,99852
lego,153,integer_pd,-0.0047416687011718,-7.718801498413086e-05,-5.9839338064193726e-05,0,0,0,0,0,99853,99852
lego,153,opacity_prune,-0.0047416687011718,-7.718801498413086e-05,-5.9839338064193726e-05,0,0,0,0,0,99853,99852
lego,153,no_guard,-0.0047416687011718,-7.718801498413086e-05,-5.9839338064193726e-05,0,0,0,0,0,99853,99853
lego,154,wide_control,0.0021629333496093,-4.0650367736816406e-05,-0.0001045130193233,0,0,0,0,0,101984,101984
lego,154,eigen_floor,-0.0192375183105468,-0.0001637935638427,5.156546831130981e-05,0,0,0,0,0,101984,101983
lego,154,integer_pd,-0.0192375183105468,-0.0001637935638427,5.156546831130981e-05,0,0,0,0,0,101984,101983
lego,154,opacity_prune,-0.0192375183105468,-0.0001637935638427,5.156546831130981e-05,0,0,0,0,0,101984,101983
lego,154,no_guard,-0.0192375183105468,-0.0001637935638427,5.156546831130981e-05,0,0,0,0,0,101984,101984
lego,155,wide_control,0.0010223388671875,-3.159046173095703e-05,-8.758530020713806e-05,0,0,0,0,0,102768,102768
lego,155,eigen_floor,-0.0103073120117187,-0.0001077651977539,6.951391696929932e-05,0,0,0,0,0,102768,102765
lego,155,integer_pd,-0.0103073120117187,-0.0001077651977539,6.951391696929932e-05,0,0,0,0,0,102768,102765
lego,155,opacity_prune,-0.0103073120117187,-0.0001077651977539,6.951391696929932e-05,0,0,0,0,0,102768,102765
lego,155,no_guard,-0.0103073120117187,-0.0001077651977539,6.951391696929932e-05,0,0,0,0,0,102768,102768
lego,156,wide_control,0.003631591796875,-2.8014183044433597e-05,-3.377348184585571e-05,0,0,0,0,0,104030,104030
lego,156,eigen_floor,-0.0152587890625,-0.0001060366630554,-1.1071562767028809e-05,0,0,0,0,0,104030,104028
lego,156,integer_pd,-0.0152587890625,-0.0001060366630554,-1.1071562767028809e-05,0,0,0,0,0,104030,104028
lego,156,opacity_prune,-0.0152587890625,-0.0001060366630554,-1.1071562767028809e-05,0,0,0,0,0,104030,104028
lego,156,no_guard,-0.0152587890625,-0.0001060366630554,-1.1071562767028809e-05,0,0,0,0,0,104030,104030
lego,157,wide_control,0.0061225891113281,-2.378225326538086e-05,-7.584691047668457e-05,0,0,0,0,0,105288,105288
lego,157,eigen_floor,-0.014312744140625,-0.0001455545425415,-9.003281593322754e-05,0,0,0,0,0,105288,105288
lego,157,integer_pd,-0.014312744140625,-0.0001455545425415,-9.003281593322754e-05,0,0,0,0,0,105288,105288
lego,157,opacity_prune,-0.014312744140625,-0.0001455545425415,-9.003281593322754e-05,0,0,0,0,0,105288,105288
lego,157,no_guard,-0.014312744140625,-0.0001455545425415,-9.003281593322754e-05,0,0,0,0,0,105288,105288
lego,158,wide_control,0.0057449340820312,-2.0802021026611328e-05,-5.35622239112854e-05,0,0,0,0,0,106457,106457
lego,158,eigen_floor,-0.0110588073730468,-0.0001159906387329,3.0606985092163086e-05,0,0,0,0,0,106457,106458
lego,158,integer_pd,-0.0110588073730468,-0.0001159906387329,3.0606985092163086e-05,0,0,0,0,0,106457,106458
lego,158,opacity_prune,-0.0110588073730468,-0.0001159906387329,3.0606985092163086e-05,0,0,0,0,0,106457,106458
lego,158,no_guard,-0.0110588073730468,-0.0001159906387329,3.0606985092163086e-05,0,0,0,0,0,106457,106457
lego,159,wide_control,0.0074310302734375,-1.1146068572998049e-05,-0.0001089908182621,0,0,0,0,0,107703,107703
lego,159,eigen_floor,-0.0096015930175781,-0.0001212954521179,2.1442770957946777e-05,0,0,0,0,0,107703,107699
lego,159,integer_pd,-0.0096015930175781,-0.0001212954521179,2.1442770957946777e-05,0,0,0,0,0,107703,107699
lego,159,opacity_prune,-0.0096015930175781,-0.0001212954521179,2.1442770957946777e-05,0,0,0,0,0,107703,107699
lego,159,no_guard,-0.0096015930175781,-0.0001212954521179,2.1442770957946777e-05,0,0,0,0,0,107703,107703
lego,160,wide_control,0.0073089599609375,-1.3649463653564451e-05,-9.942799806594849e-05,0,0,0,0,0,108015,108015
lego,160,eigen_floor,-0.0116081237792968,-0.0001236796379089,-6.381049752235413e-05,0,0,0,0,0,108015,108007
lego,160,integer_pd,-0.0116081237792968,-0.0001236796379089,-6.381049752235413e-05,0,0,0,0,0,108015,108007
lego,160,opacity_prune,-0.0116081237792968,-0.0001236796379089,-6.381049752235413e-05,0,0,0,0,0,108015,108007
lego,160,no_guard,-0.0116081237792968,-0.0001236796379089,-6.381049752235413e-05,0,0,0,0,0,108015,108015
lego,161,wide_control,0.0075302124023437,7.569789886474609e-06,-9.809806942939758e-05,0,0,0,0,0,109235,109235
lego,161,eigen_floor,-0.013519287109375,-0.0001351237297058,-7.76834785938263e-05,0,0,0,0,0,109235,109232
lego,161,integer_pd,-0.013519287109375,-0.0001351237297058,-7.76834785938263e-05,0,0,0,0,0,109235,109232
lego,161,opacity_prune,-0.013519287109375,-0.0001351237297058,-7.76834785938263e-05,0,0,0,0,0,109235,109232
lego,161,no_guard,-0.013519287109375,-0.0001351833343505,-7.766485214233398e-05,0,0,0,0,0,109235,109235
lego,162,wide_control,0.0075874328613281,-1.3649463653564451e-05,-7.439032196998596e-05,0,0,0,0,0,110024,110024
lego,162,eigen_floor,-0.0240859985351562,-0.0001591444015502,-2.2530555725097656e-05,0,0,0,0,0,110024,110023
lego,162,integer_pd,-0.0240859985351562,-0.0001591444015502,-2.2530555725097656e-05,0,0,0,0,0,110024,110023
lego,162,opacity_prune,-0.0240859985351562,-0.0001591444015502,-2.2530555725097656e-05,0,0,0,0,0,110024,110023
lego,162,no_guard,-0.0240859985351562,-0.0001591444015502,-2.2530555725097656e-05,0,0,0,0,0,110024,110024
lego,163,wide_control,0.0088768005371093,-1.0132789611816406e-06,-0.0001294426620006,0,0,0,0,0,110435,110435
lego,163,eigen_floor,-0.0187416076660156,-0.0001291036605834,-4.106760025024414e-05,0,0,0,0,0,110435,110432
lego,163,integer_pd,-0.0187416076660156,-0.0001291036605834,-4.106760025024414e-05,0,0,0,0,0,110435,110432
lego,163,opacity_prune,-0.0187416076660156,-0.0001291036605834,-4.106760025024414e-05,0,0,0,0,0,110435,110432
lego,163,no_guard,-0.0187416076660156,-0.0001291036605834,-4.106760025024414e-05,0,0,0,0,0,110435,110435
lego,164,wide_control,0.0069999694824218,-2.1457672119140625e-06,-8.411705493927002e-05,0,0,0,0,0,110897,110897
lego,164,eigen_floor,-0.0128364562988281,-0.0001165866851806,-5.901604890823364e-05,0,0,0,0,0,110897,110897
lego,164,integer_pd,-0.0128364562988281,-0.0001165866851806,-5.901604890823364e-05,0,0,0,0,0,110897,110897
lego,164,opacity_prune,-0.0128364562988281,-0.0001165866851806,-5.901604890823364e-05,0,0,0,0,0,110897,110897
lego,164,no_guard,-0.0128364562988281,-0.0001165866851806,-5.901604890823364e-05,0,0,0,0,0,110897,110897
lego,165,wide_control,0.0054092407226562,-1.7762184143066406e-05,-0.0001586526632308,0,0,0,0,0,111299,111299
lego,165,eigen_floor,-0.010528564453125,-0.0001166462898254,-0.0001008845865726,0,0,0,0,0,111299,111297
lego,165,integer_pd,-0.010528564453125,-0.0001166462898254,-0.0001008845865726,0,0,0,0,0,111299,111297
lego,165,opacity_prune,-0.010528564453125,-0.0001166462898254,-0.0001008845865726,0,0,0,0,0,111299,111297
lego,165,no_guard,-0.010528564453125,-0.0001166462898254,-0.0001008845865726,0,0,0,0,0,111299,111299
lego,166,wide_control,0.0039749145507812,-1.823902130126953e-05,-0.0001276433467864,0,0,0,0,0,111183,111183
lego,166,eigen_floor,-0.0223236083984375,-0.0001439452171325,-4.433095455169678e-05,0,0,0,0,0,111183,111180
lego,166,integer_pd,-0.0223236083984375,-0.0001439452171325,-4.433095455169678e-05,0,0,0,0,0,111183,111180
lego,166,opacity_prune,-0.0223236083984375,-0.0001439452171325,-4.433095455169678e-05,0,0,0,0,0,111183,111180
lego,166,no_guard,-0.0223236083984375,-0.0001439452171325,-4.433095455169678e-05,0,0,0,0,0,111183,111183
lego,167,wide_control,0.0049209594726562,-1.2516975402832031e-05,-9.652599692344666e-05,0,0,0,0,0,111603,111603
lego,167,eigen_floor,-0.0189094543457031,-0.0001423358917236,-5.900859832763672e-05,0,0,0,0,0,111603,111602
lego,167,integer_pd,-0.0189094543457031,-0.0001423358917236,-5.900859832763672e-05,0,0,0,0,0,111603,111602
lego,167,opacity_prune,-0.0189094543457031,-0.0001423358917236,-5.900859832763672e-05,0,0,0,0,0,111603,111602
lego,167,no_guard,-0.0189094543457031,-0.0001423358917236,-5.900859832763672e-05,0,0,0,0,0,111603,111603
lego,168,wide_control,0.0038795471191406,-1.1682510375976562e-05,-0.000120885670185,0,0,0,0,0,111763,111763
lego,168,eigen_floor,-0.0178184509277343,-0.0001392364501953,-7.949769496917725e-06,0,0,0,0,0,111763,111762
lego,168,integer_pd,-0.0178184509277343,-0.0001392364501953,-7.949769496917725e-06,0,0,0,0,0,111763,111762
lego,168,opacity_prune,-0.0178184509277343,-0.0001392364501953,-7.949769496917725e-06,0,0,0,0,0,111763,111762
lego,168,no_guard,-0.0178184509277343,-0.0001392364501953,-7.949769496917725e-06,0,0,0,0,0,111763,111763
lego,169,wide_control,0.0038871765136718,-2.3245811462402344e-06,-0.0001390390098094,0,0,0,0,0,111012,111012
lego,169,eigen_floor,-0.0189628601074218,-0.0001270771026611,-1.2088567018508913e-05,0,0,0,0,0,111012,111014
lego,169,integer_pd,-0.0189628601074218,-0.0001270771026611,-1.2088567018508913e-05,0,0,0,0,0,111012,111014
lego,169,opacity_prune,-0.0189628601074218,-0.0001270771026611,-1.2088567018508913e-05,0,0,0,0,0,111012,111014
lego,169,no_guard,-0.0189628601074218,-0.0001270771026611,-1.2088567018508913e-05,0,0,0,0,0,111012,111012
lego,170,wide_control,0.0045547485351562,2.80141830444336e-06,-0.0001428574323654,0,0,0,0,0,110838,110838
lego,170,eigen_floor,-0.0215568542480468,-0.0001524686813354,2.358108758926392e-05,0,0,0,0,0,110838,110839
lego,170,integer_pd,-0.0215568542480468,-0.0001524686813354,2.358108758926392e-05,0,0,0,0,0,110838,110839
lego,170,opacity_prune,-0.0215568542480468,-0.0001524686813354,2.358108758926392e-05,0,0,0,0,0,110838,110839
lego,170,no_guard,-0.0215568542480468,-0.0001524686813354,2.358108758926392e-05,0,0,0,0,0,110838,110838
lego,171,wide_control,0.0010833740234375,-2.473592758178711e-05,-0.000126376748085,0,0,0,0,0,110210,110210
lego,171,eigen_floor,-0.0108833312988281,-0.0001115202903747,-5.340576171875e-05,0,0,0,0,0,110210,110213
lego,171,integer_pd,-0.0108833312988281,-0.0001115202903747,-5.340576171875e-05,0,0,0,0,0,110210,110213
lego,171,opacity_prune,-0.0108833312988281,-0.0001115202903747,-5.340576171875e-05,0,0,0,0,0,110210,110213
lego,171,no_guard,-0.0108833312988281,-0.0001115202903747,-5.340203642845154e-05,0,0,0,0,0,110210,110210
lego,172,wide_control,0.0003299713134765,-1.7583370208740234e-05,-0.0001569874584674,0,0,0,0,0,110510,110510
lego,172,eigen_floor,-0.0186004638671875,-0.0001381635665893,0.0001014284789562,0,0,0,0,0,110510,110514
lego,172,integer_pd,-0.0186004638671875,-0.0001381635665893,0.0001014284789562,0,0,0,0,0,110510,110514
lego,172,opacity_prune,-0.0186004638671875,-0.0001381635665893,0.0001014284789562,0,0,0,0,0,110510,110514
lego,172,no_guard,-0.0186004638671875,-0.0001381635665893,0.0001014284789562,0,0,0,0,0,110510,110510
lego,173,wide_control,0.0014915466308593,-2.682209014892578e-06,-0.0001874081790447,0,0,0,0,0,110112,110112
lego,173,eigen_floor,-0.01922607421875,-0.0001439452171325,5.65648078918457e-05,0,0,0,0,0,110112,110113
lego,173,integer_pd,-0.01922607421875,-0.0001439452171325,5.65648078918457e-05,0,0,0,0,0,110112,110113
lego,173,opacity_prune,-0.01922607421875,-0.0001439452171325,5.65648078918457e-05,0,0,0,0,0,110112,110113
lego,173,no_guard,-0.01922607421875,-0.0001439452171325,5.659833550453186e-05,0,0,0,0,0,110112,110112
lego,174,wide_control,0.0018177032470703,5.0067901611328125e-06,-8.96453857421875e-05,0,0,0,0,0,109157,109157
lego,174,eigen_floor,-0.0103778839111328,-0.0001122951507568,-1.3381242752075195e-05,0,0,0,0,0,109157,109160
lego,174,integer_pd,-0.0103778839111328,-0.0001122951507568,-1.3381242752075195e-05,0,0,0,0,0,109157,109160
lego,174,opacity_prune,-0.0103778839111328,-0.0001122951507568,-1.3381242752075195e-05,0,0,0,0,0,109157,109160
lego,174,no_guard,-0.0103778839111328,-0.0001122951507568,-1.3381242752075195e-05,0,0,0,0,0,109157,109157
lego,175,wide_control,0.0030555725097656,-1.4901161193847656e-06,-0.0001291185617446,0,0,0,0,0,110598,110598
lego,175,eigen_floor,-0.0140590667724609,-0.000101625919342,-0.0002342239022254,0,0,0,0,0,110598,110595
lego,175,integer_pd,-0.0140590667724609,-0.000101625919342,-0.0002342239022254,0,0,0,0,0,110598,110595
lego,175,opacity_prune,-0.0140590667724609,-0.000101625919342,-0.0002342239022254,0,0,0,0,0,110598,110595
lego,175,no_guard,-0.0140590667724609,-0.000101625919342,-0.0002342239022254,0,0,0,0,0,110598,110598
lego,176,wide_control,0.0012016296386718,-1.52587890625e-05,-5.400925874710083e-05,0,0,0,0,0,110267,110267
lego,176,eigen_floor,-0.0067291259765625,-9.673833847045898e-05,-0.0001203566789627,0,0,0,0,0,110267,110270
lego,176,integer_pd,-0.0067291259765625,-9.673833847045898e-05,-0.0001203566789627,0,0,0,0,0,110267,110270
lego,176,opacity_prune,-0.0067291259765625,-9.673833847045898e-05,-0.0001203566789627,0,0,0,0,0,110267,110270
lego,176,no_guard,-0.0067291259765625,-9.673833847045898e-05,-0.0001203566789627,0,0,0,0,0,110267,110267
lego,177,wide_control,0.0037651062011718,-5.424022674560547e-06,-0.0001059658825397,0,0,0,0,0,110767,110767
lego,177,eigen_floor,-0.0163078308105468,-0.000133991241455,-2.4404376745224e-05,0,0,0,0,0,110767,110765
lego,177,integer_pd,-0.0163078308105468,-0.000133991241455,-2.4404376745224e-05,0,0,0,0,0,110767,110765
lego,177,opacity_prune,-0.0163078308105468,-0.000133991241455,-2.4404376745224e-05,0,0,0,0,0,110767,110765
lego,177,no_guard,-0.0163078308105468,-0.000133991241455,-2.4404376745224e-05,0,0,0,0,0,110767,110767
lego,178,wide_control,0.0037784576416015,-1.6748905181884766e-05,-2.8561800718307492e-05,0,0,0,0,0,112097,112097
lego,178,eigen_floor,-0.0104541778564453,-9.900331497192384e-05,-9.67457890510559e-06,0,0,0,0,0,112097,112103
lego,178,integer_pd,-0.0104541778564453,-9.900331497192384e-05,-9.67457890510559e-06,0,0,0,0,0,112097,112103
lego,178,opacity_prune,-0.0104541778564453,-9.900331497192384e-05,-9.67457890510559e-06,0,0,0,0,0,112097,112103
lego,178,no_guard,-0.0104541778564453,-9.900331497192384e-05,-9.67457890510559e-06,0,0,0,0,0,112097,112097
lego,179,wide_control,0.0072517395019531,-4.470348358154297e-06,-0.0001143924891948,0,0,0,0,0,112102,112102
lego,179,eigen_floor,-0.0175666809082031,-0.0001176595687866,6.502121686935425e-05,0,0,0,0,0,112102,112101
lego,179,integer_pd,-0.0175666809082031,-0.0001176595687866,6.502121686935425e-05,0,0,0,0,0,112102,112101
lego,179,opacity_prune,-0.0175666809082031,-0.0001176595687866,6.502121686935425e-05,0,0,0,0,0,112102,112101
lego,179,no_guard,-0.0175666809082031,-0.0001176595687866,6.502121686935425e-05,0,0,0,0,0,112102,112102
lego,180,wide_control,0.0078639984130859,3.039836883544922e-06,-7.396936416625977e-05,0,0,0,0,0,113482,113482
lego,180,eigen_floor,-0.0086383819580078,-0.0001020431518554,-1.8171966075897217e-05,0,0,0,0,0,113482,113480
lego,180,integer_pd,-0.0086383819580078,-0.0001020431518554,-1.8171966075897217e-05,0,0,0,0,0,113482,113480
lego,180,opacity_prune,-0.0086383819580078,-0.0001020431518554,-1.8171966075897217e-05,0,0,0,0,0,113482,113480
lego,180,no_guard,-0.0086383819580078,-0.0001020431518554,-1.8149614334106445e-05,0,0,0,0,0,113482,113482
lego,181,wide_control,0.0063400268554687,-1.925230026245117e-05,-3.476440906524658e-05,0,0,0,0,0,113777,113777
lego,181,eigen_floor,-0.0158653259277343,-0.0001210570335388,1.1898577213287354e-05,0,0,0,0,0,113777,113779
lego,181,integer_pd,-0.0158653259277343,-0.0001210570335388,1.1898577213287354e-05,0,0,0,0,0,113777,113779
lego,181,opacity_prune,-0.0158653259277343,-0.0001210570335388,1.1898577213287354e-05,0,0,0,0,0,113777,113779
lego,181,no_guard,-0.0158653259277343,-0.0001210570335388,1.1898577213287354e-05,0,0,0,0,0,113777,113777
lego,182,wide_control,0.0048255920410156,-3.0994415283203125e-05,-0.0001196041703224,0,0,0,0,0,114456,114456
lego,182,eigen_floor,-0.0114097595214843,-0.0001222491264343,4.14438545703888e-05,0,0,0,0,0,114456,114464
lego,182,integer_pd,-0.0114097595214843,-0.0001222491264343,4.14438545703888e-05,0,0,0,0,0,114456,114464
lego,182,opacity_prune,-0.0114097595214843,-0.0001222491264343,4.14438545703888e-05,0,0,0,0,0,114456,114464
lego,182,no_guard,-0.0114097595214843,-0.0001222491264343,4.14438545703888e-05,0,0,0,0,0,114456,114456
lego,183,wide_control,0.0023841857910156,-1.9669532775878903e-05,-7.57947564125061e-05,0,0,0,0,0,115158,115158
lego,183,eigen_floor,-0.0123405456542968,-0.0001100301742553,-5.113333463668823e-05,0,0,0,0,0,115158,115151
lego,183,integer_pd,-0.0123405456542968,-0.0001100301742553,-5.113333463668823e-05,0,0,0,0,0,115158,115151
lego,183,opacity_prune,-0.0123405456542968,-0.0001100301742553,-5.113333463668823e-05,0,0,0,0,0,115158,115151
lego,183,no_guard,-0.0123405456542968,-0.0001100301742553,-5.113333463668823e-05,0,0,0,0,0,115158,115158
lego,184,wide_control,0.0005912780761718,-3.600120544433594e-05,4.981458187103272e-05,0,0,0,0,0,115653,115653
lego,184,eigen_floor,-0.0118026733398437,-9.66191291809082e-05,-2.758204936981201e-05,0,0,0,0,0,115653,115647
lego,184,integer_pd,-0.0118026733398437,-9.66191291809082e-05,-2.758204936981201e-05,0,0,0,0,0,115653,115647
lego,184,opacity_prune,-0.0118026733398437,-9.66191291809082e-05,-2.758204936981201e-05,0,0,0,0,0,115653,115647
lego,184,no_guard,-0.0118026733398437,-9.66191291809082e-05,-2.758204936981201e-05,0,0,0,0,0,115653,115653
lego,185,wide_control,-0.0048904418945312,-4.26173210144043e-05,-7.103383541107178e-05,0,0,0,0,0,116416,116416
lego,185,eigen_floor,-0.018341064453125,-0.0001600980758666,4.32133674621582e-05,0,0,0,0,0,116416,116409
lego,185,integer_pd,-0.018341064453125,-0.0001600980758666,4.32133674621582e-05,0,0,0,0,0,116416,116409
lego,185,opacity_prune,-0.018341064453125,-0.0001600980758666,4.32133674621582e-05,0,0,0,0,0,116416,116409
lego,185,no_guard,-0.018341064453125,-0.0001600980758666,4.32133674621582e-05,0,0,0,0,0,116416,116416
lego,186,wide_control,-0.0023574829101562,-2.694129943847656e-05,-2.8893351554870605e-05,0,0,0,0,0,116517,116517
lego,186,eigen_floor,-0.0219078063964843,-0.0001653432846069,7.832050323486328e-05,0,0,0,0,0,116517,116522
lego,186,integer_pd,-0.0219078063964843,-0.0001653432846069,7.832050323486328e-05,0,0,0,0,0,116517,116522
lego,186,opacity_prune,-0.0219078063964843,-0.0001653432846069,7.832050323486328e-05,0,0,0,0,0,116517,116522
lego,186,no_guard,-0.0219078063964843,-0.0001653432846069,7.832050323486328e-05,0,0,0,0,0,116517,116517
lego,187,wide_control,-0.0011329650878906,-2.2232532501220703e-05,-0.0001033022999763,0,0,0,0,0,116604,116604
lego,187,eigen_floor,-0.0207557678222656,-0.000158667564392,3.023445606231689e-05,0,0,0,0,0,116604,116602
lego,187,integer_pd,-0.0207557678222656,-0.000158667564392,3.023445606231689e-05,0,0,0,0,0,116604,116602
lego,187,opacity_prune,-0.0207557678222656,-0.000158667564392,3.023445606231689e-05,0,0,0,0,0,116604,116602
lego,187,no_guard,-0.0207557678222656,-0.000158667564392,3.023445606231689e-05,0,0,0,0,0,116604,116604
lego,188,wide_control,-0.0032272338867187,-2.950429916381836e-05,-2.3156404495239254e-05,0,0,0,0,0,116304,116304
lego,188,eigen_floor,-0.0100479125976562,-9.691715240478516e-05,-6.167590618133545e-05,0,0,0,0,0,116304,116313
lego,188,integer_pd,-0.0100479125976562,-9.691715240478516e-05,-6.167590618133545e-05,0,0,0,0,0,116304,116313
lego,188,opacity_prune,-0.0100479125976562,-9.691715240478516e-05,-6.167590618133545e-05,0,0,0,0,0,116304,116313
lego,188,no_guard,-0.0100479125976562,-9.691715240478516e-05,-6.167590618133545e-05,0,0,0,0,0,116304,116304
lego,189,wide_control,-0.0009269714355468,-3.057718276977539e-05,-1.8183141946792603e-05,0,0,0,0,0,116324,116324
lego,189,eigen_floor,-0.0146026611328125,-0.0001246929168701,-2.3346394300460812e-05,0,0,0,0,0,116324,116322
lego,189,integer_pd,-0.0146026611328125,-0.0001246929168701,-2.3346394300460812e-05,0,0,0,0,0,116324,116322
lego,189,opacity_prune,-0.0146026611328125,-0.0001246929168701,-2.3346394300460812e-05,0,0,0,0,0,116324,116322
lego,189,no_guard,-0.0146026611328125,-0.0001246929168701,-2.3346394300460812e-05,0,0,0,0,0,116324,116324
lego,190,wide_control,-0.0052757263183593,-4.4286251068115234e-05,-4.050508141517639e-05,0,0,0,0,0,116401,116401
lego,190,eigen_floor,-0.01666259765625,-0.0001400113105773,2.639368176460266e-05,0,0,0,0,0,116401,116413
lego,190,integer_pd,-0.01666259765625,-0.0001400113105773,2.639368176460266e-05,0,0,0,0,0,116401,116413
lego,190,opacity_prune,-0.01666259765625,-0.0001400113105773,2.639368176460266e-05,0,0,0,0,0,116401,116413
lego,190,no_guard,-0.01666259765625,-0.0001400113105773,2.639368176460266e-05,0,0,0,0,0,116401,116401
lego,191,wide_control,-0.0011749267578125,-2.056360244750977e-05,-4.41819429397583e-05,0,0,0,0,0,115566,115566
lego,191,eigen_floor,-0.0243453979492187,-0.0001439452171325,6.00963830947876e-05,0,0,0,0,0,115566,115577
lego,191,integer_pd,-0.0243453979492187,-0.0001439452171325,6.00963830947876e-05,0,0,0,0,0,115566,115577
lego,191,opacity_prune,-0.0243453979492187,-0.0001439452171325,6.00963830947876e-05,0,0,0,0,0,115566,115577
lego,191,no_guard,-0.0243453979492187,-0.0001439452171325,6.008148193359375e-05,0,0,0,0,0,115566,115566
lego,192,wide_control,-0.0016708374023437,-1.913309097290039e-05,2.4411827325820923e-05,0,0,0,0,0,115135,115135
lego,192,eigen_floor,-0.0274429321289062,-0.0001583099365234,0.0001151151955127,0,0,0,0,0,115135,115138
lego,192,integer_pd,-0.0274429321289062,-0.0001583099365234,0.0001151151955127,0,0,0,0,0,115135,115138
lego,192,opacity_prune,-0.0274429321289062,-0.0001583099365234,0.0001151151955127,0,0,0,0,0,115135,115138
lego,192,no_guard,-0.0274429321289062,-0.0001583099365234,0.0001151151955127,0,0,0,0,0,115135,115135
lego,193,wide_control,-0.0012130737304687,-2.110004425048828e-05,-4.105642437934876e-05,0,0,0,0,0,114263,114263
lego,193,eigen_floor,-0.020721435546875,-9.334087371826172e-05,5.118921399116516e-05,0,0,0,0,0,114263,114260
lego,193,integer_pd,-0.020721435546875,-9.334087371826172e-05,5.118921399116516e-05,0,0,0,0,0,114263,114260
lego,193,opacity_prune,-0.020721435546875,-9.334087371826172e-05,5.118921399116516e-05,0,0,0,0,0,114263,114260
lego,193,no_guard,-0.020721435546875,-9.334087371826172e-05,5.118921399116516e-05,0,0,0,0,0,114263,114263
lego,194,wide_control,0.0006637573242187,-1.3113021850585938e-06,-4.009157419204712e-05,0,0,0,0,0,113918,113918
lego,194,eigen_floor,-0.0258026123046875,-0.0001221299171447,5.955994129180908e-05,0,0,0,0,0,113918,113920
lego,194,integer_pd,-0.0258026123046875,-0.0001221299171447,5.955994129180908e-05,0,0,0,0,0,113918,113920
lego,194,opacity_prune,-0.0258026123046875,-0.0001221299171447,5.955994129180908e-05,0,0,0,0,0,113918,113920
lego,194,no_guard,-0.0258026123046875,-0.0001221299171447,5.955994129180908e-05,0,0,0,0,0,113918,113918
lego,195,wide_control,0.0023193359375,-1.1086463928222656e-05,-6.677955389022827e-05,0,0,0,0,0,112418,112418
lego,195,eigen_floor,-0.0291709899902343,-0.0001119375228881,4.667788743972778e-05,0,0,0,0,0,112418,112416
lego,195,integer_pd,-0.0291709899902343,-0.0001119375228881,4.667788743972778e-05,0,0,0,0,0,112418,112416
lego,195,opacity_prune,-0.0291709899902343,-0.0001119375228881,4.667788743972778e-05,0,0,0,0,0,112418,112416
lego,195,no_guard,-0.0291709899902343,-0.0001119375228881,4.667788743972778e-05,0,0,0,0,0,112418,112418
lego,196,wide_control,0.0079612731933593,8.344650268554688e-07,-2.272054553031921e-05,0,0,0,0,0,111071,111071
lego,196,eigen_floor,-0.0235824584960937,-0.0001020431518554,-3.675371408462525e-05,0,0,0,0,0,111071,111076
lego,196,integer_pd,-0.0235824584960937,-0.0001020431518554,-3.675371408462525e-05,0,0,0,0,0,111071,111076
lego,196,opacity_prune,-0.0235824584960937,-0.0001020431518554,-3.675371408462525e-05,0,0,0,0,0,111071,111076
lego,196,no_guard,-0.0235824584960937,-0.0001020431518554,-3.675371408462525e-05,0,0,0,0,0,111071,111071
lego,197,wide_control,0.0085906982421875,-3.2186508178710938e-06,-2.229213714599609e-05,0,0,0,0,0,110534,110534
lego,197,eigen_floor,-0.0019111633300781,-7.891654968261719e-05,-6.638467311859131e-06,0,0,0,0,0,110534,110536
lego,197,integer_pd,-0.0019111633300781,-7.891654968261719e-05,-6.638467311859131e-06,0,0,0,0,0,110534,110536
lego,197,opacity_prune,-0.0019111633300781,-7.891654968261719e-05,-6.638467311859131e-06,0,0,0,0,0,110534,110536
lego,197,no_guard,-0.0019111633300781,-7.891654968261719e-05,-6.638467311859131e-06,0,0,0,0,0,110534,110534
lego,198,wide_control,0.00946044921875,-5.960464477539064e-08,6.776303052902222e-06,0,0,0,0,0,109320,109320
lego,198,eigen_floor,-0.0074195861816406,-8.249282836914062e-05,2.24970281124115e-05,0,0,0,0,0,109320,109326
lego,198,integer_pd,-0.0074195861816406,-8.249282836914062e-05,2.24970281124115e-05,0,0,0,0,0,109320,109326
lego,198,opacity_prune,-0.0074195861816406,-8.249282836914062e-05,2.24970281124115e-05,0,0,0,0,0,109320,109326
lego,198,no_guard,-0.0074195861816406,-8.249282836914062e-05,2.24970281124115e-05,0,0,0,0,0,109320,109320
lego,199,wide_control,0.0062141418457031,-2.1159648895263672e-05,4.91216778755188e-05,0,0,0,0,0,108647,108647
lego,199,eigen_floor,-0.0090789794921875,-8.809566497802734e-05,4.637613892555237e-05,0,0,0,0,0,108647,108646
lego,199,integer_pd,-0.0090789794921875,-8.809566497802734e-05,4.637613892555237e-05,0,0,0,0,0,108647,108646
lego,199,opacity_prune,-0.0090789794921875,-8.809566497802734e-05,4.637613892555237e-05,0,0,0,0,0,108647,108646
lego,199,no_guard,-0.0090789794921875,-8.809566497802734e-05,4.637613892555237e-05,0,0,0,0,0,108647,108647
playroom,1,wide_control,0.0125846862792968,-7.62939453125e-06,-0.0008988976478576,1145,0,0,1,1,327880,327880
playroom,1,eigen_floor,0.006591796875,8.022785186767578e-05,-0.0007665753364562,1145,1145,0,367,0,327880,327877
playroom,1,integer_pd,0.006591796875,8.022785186767578e-05,-0.0007665753364562,1145,367,0,367,0,327880,327877
playroom,1,opacity_prune,0.006591796875,8.022785186767578e-05,-0.0007665753364562,1145,0,1145,367,0,327880,327877
playroom,1,no_guard,0.0066642761230468,8.255243301391602e-05,-0.0007688999176025,1145,0,0,367,367,327880,327880
playroom,2,wide_control,0.0196189880371093,7.003545761108398e-05,-0.0008570998907089,629,0,0,0,0,518064,518064
playroom,2,eigen_floor,-0.0312061309814453,-0.0011219382286071,-0.0005831718444824,629,629,0,217,0,518064,516445
playroom,2,integer_pd,-0.2011890411376953,-0.0024780631065368,0.0020742565393447,629,217,0,217,0,518064,516925
playroom,2,opacity_prune,-0.0372276306152343,-0.0011792778968811,-0.0005654692649841,629,0,629,217,0,518064,516098
playroom,2,no_guard,-0.1619129180908203,-0.0023973584175109,0.0014528930187225,629,0,0,217,217,518064,518064
playroom,3,wide_control,0.0072288513183593,-0.0001936554908752,-0.0024536699056625,962,0,0,0,0,331555,331555
playroom,3,eigen_floor,0.0051116943359375,-0.0002380013465881,-0.0018685460090637,962,962,0,269,0,331555,331932
playroom,3,integer_pd,0.0155868530273437,-0.0002684593200683,-0.0019215941429138,962,269,0,269,0,331555,332240
playroom,3,opacity_prune,0.0131912231445312,-0.000234842300415,-0.0018706321716308,962,0,962,269,0,331555,331719
playroom,3,no_guard,0.01409912109375,-0.0002526044845581,-0.0019313544034957,962,0,0,269,269,331555,331555
playroom,4,wide_control,0.0463752746582031,-2.342462539672852e-05,-0.0014111399650573,855,0,0,0,0,372402,372402
playroom,4,eigen_floor,-0.1355094909667968,-0.0002883672714233,-0.0013184547424316,855,855,0,231,0,372402,372892
playroom,4,integer_pd,-0.1316108703613281,-0.0002857446670532,-0.0013058483600616,855,231,0,231,0,372402,373087
playroom,4,opacity_prune,0.0195503234863281,-0.0001111030578613,-0.0013618767261505,855,0,855,231,0,372402,372229
playroom,4,no_guard,0.0241889953613281,-7.963180541992188e-05,-0.0013848543167114,855,0,0,231,231,372402,372402
playroom,5,wide_control,-0.0112876892089843,-4.398822784423828e-05,-0.001705914735794,1046,0,0,0,0,305958,305958
playroom,5,eigen_floor,-0.0673255920410156,-2.7179718017578125e-05,-0.001416265964508,1046,1046,0,265,0,305958,306277
playroom,5,integer_pd,-0.0673255920410156,-2.7179718017578125e-05,-0.001416265964508,1046,265,0,265,0,305958,306277
playroom,5,opacity_prune,-0.0300102233886718,-7.569789886474609e-06,-0.0014021098613739,1046,0,1046,265,0,305958,305828
playroom,5,no_guard,-0.0286369323730468,-1.2695789337158205e-05,-0.0013924241065979,1046,0,0,265,265,305958,305958
playroom,6,wide_control,-0.0019416809082031,-0.0002475380897521,-0.0017435550689697,1279,0,0,0,0,455001,455001
playroom,6,eigen_floor,0.3034820556640625,0.0004470944404602,-0.0017258524894714,1279,1279,0,352,0,455001,451603
playroom,6,integer_pd,-1.1960086822509766,-0.00452321767807,-0.0009992122650146,1279,352,0,352,0,455001,457623
playroom,6,opacity_prune,0.4353065490722656,0.0004796981811523,-0.0016980171203613,1279,0,1279,352,0,455001,449897
playroom,6,no_guard,-10.874061584472656,-0.0607749223709106,0.059404045343399,1279,0,0,352,352,455001,455001
playroom,7,wide_control,0.0142383575439453,-7.575750350952148e-05,-0.0010731816291809,1362,0,0,3,3,259895,259895
playroom,7,eigen_floor,-0.006622314453125,-0.0004027485847473,-0.0009324550628662,1362,1362,0,431,0,259895,260128
playroom,7,integer_pd,-0.006622314453125,-0.0004027485847473,-0.0009324550628662,1362,431,0,431,0,259895,260128
playroom,7,opacity_prune,-0.003732681274414,-0.0005865693092346,-0.0008489787578582,1362,0,1362,431,0,259895,259520
playroom,7,no_guard,-0.0065822601318359,-0.0004020929336547,-0.0009311437606811,1362,0,0,431,431,259895,259895
playroom,8,wide_control,-0.008087158203125,-0.0002543926239013,-0.0007240772247314,1028,0,0,1,1,386735,386735
playroom,8,eigen_floor,-0.0136013031005859,-0.000361680984497,-0.0007051229476928,1028,1028,0,317,0,386735,386711
playroom,8,integer_pd,-0.0136013031005859,-0.000361680984497,-0.0007051229476928,1028,317,0,317,0,386735,386711
playroom,8,opacity_prune,-0.0136013031005859,-0.000361680984497,-0.0007051229476928,1028,0,1028,317,0,386735,386711
playroom,8,no_guard,-0.0133419036865234,-0.0003391504287719,-0.0007069110870361,1028,0,0,317,317,386735,386735
playroom,9,wide_control,-0.0035228729248046,-0.0001853704452514,-0.0011203289031982,1065,0,0,0,0,589445,589445
playroom,9,eigen_floor,-0.1383094787597656,-0.000888168811798,-0.0011033713817596,1065,1065,0,240,0,589445,587207
playroom,9,integer_pd,-0.2898445129394531,-0.0022575259208679,-0.0009221732616424,1065,240,0,240,0,589445,589671
playroom,9,opacity_prune,-0.0715141296386718,-0.0002684593200683,-0.0010344386100769,1065,0,1065,240,0,589445,585149
playroom,9,no_guard,-9.037320137023926,-0.0417340993881225,0.0484373271465301,1065,0,0,240,240,589445,589445
playroom,10,wide_control,0.0153884887695312,-0.0001071691513061,-0.0017563700675964,1342,0,0,0,0,266010,266010
playroom,10,eigen_floor,-0.0175399780273437,-0.0002505183219909,-0.0017727315425872,1342,1342,0,411,0,266010,266533
playroom,10,integer_pd,-0.8718605041503906,-0.0004169344902038,-0.0011065602302551,1342,411,0,411,0,266010,266986
playroom,10,opacity_prune,-0.0175399780273437,-0.0002505183219909,-0.0017727315425872,1342,0,1342,411,0,266010,266533
playroom,10,no_guard,-0.0266990661621093,-0.0002011060714721,-0.0017941892147064,1342,0,0,411,411,266010,266010
playroom,11,wide_control,0.0179519653320312,-0.000132143497467,-0.0012579262256622,1420,0,0,1,1,359933,359933
playroom,11,eigen_floor,0.0331916809082031,-0.0003153681755065,-0.0012713074684143,1420,1420,0,379,0,359933,359628
playroom,11,integer_pd,0.03265380859375,-0.0003169178962707,-0.0012702494859695,1420,379,0,379,0,359933,359669
playroom,11,opacity_prune,0.0331916809082031,-0.0003153681755065,-0.0012713074684143,1420,0,1420,379,0,359933,359628
playroom,11,no_guard,-0.0364952087402343,-0.0006709694862365,-0.0010463744401931,1420,0,0,379,379,359933,359933
playroom,12,wide_control,0.0162887573242187,-0.0002364516258239,-0.0009619891643524,1530,0,0,1,1,316596,316596
playroom,12,eigen_floor,0.0107040405273437,-0.0005204081535339,-0.0007574260234832,1530,1530,0,386,0,316596,316597
playroom,12,integer_pd,0.0107040405273437,-0.0005204081535339,-0.0007574260234832,1530,386,0,386,0,316596,316597
playroom,12,opacity_prune,0.0107040405273437,-0.0005204081535339,-0.0007574260234832,1530,0,1530,386,0,316596,316585
playroom,12,no_guard,0.0111541748046875,-0.0005182027816772,-0.0007492005825042,1530,0,0,386,386,316596,316596
playroom,13,wide_control,-0.0307731628417968,-0.0001598000526428,-0.0014867484569549,1211,0,0,0,0,399084,399084
playroom,13,eigen_floor,-0.1106109619140625,-0.0003572106361389,-0.0014064908027648,1211,1211,0,290,0,399084,399107
playroom,13,integer_pd,-0.1106109619140625,-0.0003572106361389,-0.0014064908027648,1211,290,0,290,0,399084,399107
playroom,13,opacity_prune,-0.1106109619140625,-0.0003572106361389,-0.0014064908027648,1211,0,1211,290,0,399084,399107
playroom,13,no_guard,-0.1066646575927734,-0.0003737807273864,-0.0014060884714126,1211,0,0,290,290,399084,399084
playroom,14,wide_control,0.0216579437255859,0.0002188682556152,-0.0010095834732055,1456,0,0,0,0,282604,282604
playroom,14,eigen_floor,-0.0314979553222656,-0.000339388847351,-0.0008376538753509,1456,1456,0,440,0,282604,283708
playroom,14,integer_pd,-0.2774372100830078,-0.0057123899459838,-0.0007635056972503,1456,440,0,440,0,282604,285733
playroom,14,opacity_prune,0.0043010711669921,0.0025773644447326,-0.0008209645748138,1456,0,1456,440,0,282604,282326
playroom,14,no_guard,-0.02484130859375,-0.0002931952476501,-0.0008377432823181,1456,0,0,440,440,282604,282604
playroom,15,wide_control,0.0062274932861328,-0.0002111196517944,-0.0016301870346069,1196,0,0,1,1,319799,319799
playroom,15,eigen_floor,0.0556697845458984,-0.0001824498176574,-0.0010765194892883,1196,1196,0,393,0,319799,320365
playroom,15,integer_pd,-0.2032318115234375,-0.0002830028533935,-0.0010926425457,1196,393,0,393,0,319799,322606
playroom,15,opacity_prune,0.0523548126220703,-0.0001933574676513,-0.0011197328567504,1196,0,1196,393,0,319799,319353
playroom,15,no_guard,-0.2341232299804687,-0.0004388689994812,-0.0008744001388549,1196,0,0,393,393,319799,319799
playroom,16,wide_control,0.0047893524169921,-0.0001835227012634,-0.0011967420578002,1210,0,0,0,0,429742,429742
playroom,16,eigen_floor,-0.0201740264892578,-0.0002724528312683,-0.0011367201805114,1210,1210,0,367,0,429742,429144
playroom,16,integer_pd,-0.0031909942626953,-5.662441253662109e-05,-0.0011002123355865,1210,367,0,367,0,429742,429896
playroom,16,opacity_prune,-0.0233821868896484,-0.0002664327621459,-0.0011493563652038,1210,0,1210,367,0,429742,428492
playroom,16,no_guard,-0.0108051300048828,-0.0002476572990417,-0.0010920464992523,1210,0,0,367,367,429742,429742
playroom,17,wide_control,0.0114822387695312,-0.0002799034118652,-0.0014833211898803,1282,0,0,0,0,400172,400172
playroom,17,eigen_floor,0.0063705444335937,-0.0003973245620727,-0.0013293623924255,1282,1282,0,386,0,400172,400326
playroom,17,integer_pd,0.0058326721191406,-0.0003787279129028,-0.0013251304626464,1282,386,0,386,0,400172,400432
playroom,17,opacity_prune,0.0063705444335937,-0.0003973245620727,-0.0013293623924255,1282,0,1282,386,0,400172,400326
playroom,17,no_guard,0.0045394897460937,-0.0004070997238159,-0.0013381242752075,1282,0,0,386,386,400172,400172
playroom,18,wide_control,-0.0172042846679687,-0.0002892017364501,-0.0015581399202346,1305,0,0,0,0,308896,308896
playroom,18,eigen_floor,-0.0660381317138671,-0.0003949999809265,-0.0013317614793777,1305,1305,0,405,0,308896,309004
playroom,18,integer_pd,-0.0660381317138671,-0.0003949999809265,-0.0013317614793777,1305,405,0,405,0,308896,309004
playroom,18,opacity_prune,-0.0660381317138671,-0.0003949999809265,-0.0013317614793777,1305,0,1305,405,0,308896,309004
playroom,18,no_guard,-0.0632305145263671,-0.0003952383995056,-0.0013315826654434,1305,0,0,405,405,308896,308896
playroom,19,wide_control,0.0024967193603515,-0.0001792311668395,-0.0006411075592041,1157,0,0,0,0,357942,357942
playroom,19,eigen_floor,-0.0477809906005859,-0.0031718611717224,0.0001289546489715,1157,1157,0,304,0,357942,351772
playroom,19,integer_pd,-0.0375175476074218,-0.0027267336845397,0.0001361072063446,1157,304,0,304,0,357942,352089
playroom,19,opacity_prune,-0.07940673828125,-0.0106520056724548,0.0003942549228668,1157,0,1157,304,0,357942,350889
playroom,19,no_guard,-0.0018463134765625,-0.0001068115234375,-0.0002572536468505,1157,0,0,304,304,357942,357942
playroom,20,wide_control,0.0344352722167968,-0.0001053810119628,-0.0013521909713745,1226,0,0,0,0,318997,318997
playroom,20,eigen_floor,0.0474758148193359,-0.0001237392425537,-0.001454472541809,1226,1226,0,334,0,318997,319341
playroom,20,integer_pd,0.0451812744140625,-0.0001376271247863,-0.0014495253562927,1226,334,0,334,0,318997,319662
playroom,20,opacity_prune,0.0474758148193359,-0.0001237392425537,-0.001454472541809,1226,0,1226,334,0,318997,319341
playroom,20,no_guard,0.04962158203125,-0.000123918056488,-0.0014639794826507,1226,0,0,334,334,318997,318997
playroom,21,wide_control,0.0202674865722656,-0.0005895495414733,-0.0014381110668182,1043,0,0,0,0,307659,307659
playroom,21,eigen_floor,0.003143310546875,-0.0016655325889587,-0.0014939904212951,1043,1043,0,328,0,307659,307887
playroom,21,integer_pd,0.005401611328125,-0.0015524625778198,-0.0014821588993072,1043,328,0,328,0,307659,308648
playroom,21,opacity_prune,-0.0013885498046875,-0.0028105974197387,-0.0015194118022918,1043,0,1043,328,0,307659,307454
playroom,21,no_guard,-0.1361808776855468,-0.0018747448921203,-0.0007247328758239,1043,0,0,328,328,307659,307659
playroom,22,wide_control,0.0048904418945312,-0.0003148913383483,-0.0012185275554656,1458,0,0,3,3,308858,308858
playroom,22,eigen_floor,-0.1404075622558593,-0.0008830428123474,-0.0009131729602813,1458,1458,0,427,0,308858,309300
playroom,22,integer_pd,-0.1404075622558593,-0.0008830428123474,-0.0009131729602813,1458,427,0,427,0,308858,309300
playroom,22,opacity_prune,-0.1404075622558593,-0.0008830428123474,-0.0009131729602813,1458,0,1458,427,0,308858,309300
playroom,22,no_guard,-0.1398086547851562,-0.0008825659751892,-0.0009060204029083,1458,0,0,427,427,308858,308858
playroom,23,wide_control,-0.0013809204101562,-0.0004006028175354,-0.0005917400121688,511,0,0,1,1,505849,505849
playroom,23,eigen_floor,0.0151519775390625,0.0001711249351501,-0.0004729628562927,511,511,0,169,0,505849,506274
playroom,23,integer_pd,0.0323314666748046,0.0004213452339172,-0.0005401968955993,511,169,0,169,0,505849,507055
playroom,23,opacity_prune,0.0126571655273437,7.402896881103516e-05,-0.0004477798938751,511,0,511,169,0,505849,506188
playroom,23,no_guard,0.0158309936523437,1.2159347534179688e-05,-0.0004772841930389,511,0,0,169,169,505849,505849
playroom,24,wide_control,-0.0229072570800781,-0.0003429651260375,-0.0008981227874755,531,0,0,0,0,506752,506752
playroom,24,eigen_floor,-0.0517539978027343,-0.0006461143493652,-0.0005693286657333,531,531,0,182,0,506752,505008
playroom,24,integer_pd,-0.0517539978027343,-0.0006461143493652,-0.0005693286657333,531,182,0,182,0,506752,505008
playroom,24,opacity_prune,-0.0544052124023437,-0.000693917274475,-0.0005560517311096,531,0,531,182,0,506752,504817
playroom,24,no_guard,-0.0410575866699218,-0.000354528427124,-0.0005986988544464,531,0,0,182,182,506752,506752
playroom,25,wide_control,0.0172576904296875,-0.0001993775367736,-0.0009848475456237,1053,0,0,1,1,330433,330433
playroom,25,eigen_floor,-0.0110549926757812,-0.0003096461296081,-0.0008927881717681,1053,1053,0,406,0,330433,330455
playroom,25,integer_pd,-0.0110549926757812,-0.0003096461296081,-0.0008927881717681,1053,406,0,406,0,330433,330455
playroom,25,opacity_prune,-0.0110549926757812,-0.0003096461296081,-0.0008927881717681,1053,0,1053,406,0,330433,330455
playroom,25,no_guard,-0.0110206604003906,-0.000309407711029,-0.0008920729160308,1053,0,0,406,406,330433,330433
playroom,26,wide_control,-0.0089645385742187,-0.0002881288528442,-0.0012629032135009,1111,0,0,0,0,379404,379404
playroom,26,eigen_floor,-0.0207901000976562,-0.0005179047584533,-0.0011757016181945,1111,1111,0,327,0,379404,379759
playroom,26,integer_pd,-0.0207901000976562,-0.0005179047584533,-0.0011757016181945,1111,327,0,327,0,379404,379759
playroom,26,opacity_prune,-0.020782470703125,-0.0005178451538085,-0.0011756420135498,1111,0,1111,327,0,379404,379755
playroom,26,no_guard,-0.0107574462890625,-0.0006082653999328,-0.0010622441768646,1111,0,0,327,327,379404,379404
playroom,27,wide_control,0.0186309814453125,-0.0001358389854431,-0.0012189745903015,1161,0,0,0,0,440326,440326
playroom,27,eigen_floor,0.0436553955078125,-0.0003015995025634,-0.0012328177690505,1161,1161,0,300,0,440326,439851
playroom,27,integer_pd,0.0436725616455078,-0.0003015995025634,-0.0012329220771789,1161,300,0,300,0,440326,439896
playroom,27,opacity_prune,0.04754638671875,-0.0005955696105957,-0.0012128800153732,1161,0,1161,300,0,440326,439058
playroom,27,no_guard,0.0436420440673828,-0.0003018975257873,-0.0012316107749938,1161,0,0,300,300,440326,440326
playroom,28,wide_control,0.0457496643066406,-8.940696716308594e-07,-0.0012179613113403,1306,0,0,0,0,281181,281181
playroom,28,eigen_floor,-0.0173454284667968,-0.0004932284355163,-0.001051127910614,1306,1306,0,371,0,281181,281540
playroom,28,integer_pd,-0.017242431640625,-0.0004708170890808,-0.001040756702423,1306,371,0,371,0,281181,282442
playroom,28,opacity_prune,-0.1122703552246093,-0.0002258419990539,-0.001040905714035,1306,0,1306,371,0,281181,278366
playroom,28,no_guard,-0.0400657653808593,-0.0003479123115539,-0.00101038813591,1306,0,0,371,371,281181,281181
truck,1,wide_control,-0.0208072662353515,-0.0002158284187316,-0.0008741617202758,313,0,0,0,0,568732,568732
truck,1,eigen_floor,-0.0975208282470703,-0.0008962750434875,-0.0005887597799301,313,313,0,81,0,568732,567376
truck,1,integer_pd,-0.0622329711914062,-0.0008469820022583,-0.0004477202892303,313,81,0,81,0,568732,568135
truck,1,opacity_prune,-0.288726806640625,-0.0018386244773864,-0.0009001046419143,313,0,313,81,0,568732,565394
truck,1,no_guard,-0.0503387451171875,-0.0009474754333496,-0.0007184445858001,313,0,0,81,81,568732,568732
truck,2,wide_control,-0.0133075714111328,-0.000177264213562,-0.0006797462701797,246,0,0,0,0,553100,553100
truck,2,eigen_floor,-0.0522480010986328,-0.0008112788200378,-0.0001197308301925,246,246,0,61,0,553100,552839
truck,2,integer_pd,-0.0537242889404296,-0.0006064176559448,-0.0001486986875534,246,61,0,61,0,553100,553572
truck,2,opacity_prune,-0.064004898071289,-0.001116394996643,-0.0002512633800506,246,0,246,61,0,553100,551484
truck,2,no_guard,-0.059579849243164,-0.0006195306777954,-0.0002682507038116,246,0,0,61,61,553100,553100
truck,3,wide_control,-0.0072135925292968,-0.0003630518913269,-0.0007362365722656,412,0,0,0,0,422878,422878
truck,3,eigen_floor,-0.7921161651611328,-0.0094191431999206,0.0027090013027191,412,412,0,87,0,422878,422812
truck,3,integer_pd,-0.9049625396728516,-0.0101457834243774,0.0029694736003875,412,87,0,87,0,422878,423846
truck,3,opacity_prune,-0.7495441436767578,-0.0084778666496276,0.0024200528860092,412,0,412,87,0,422878,420331
truck,3,no_guard,-0.8436298370361328,-0.0090799927711486,0.0030785501003265,412,0,0,87,87,422878,422878
truck,4,wide_control,-0.0182456970214843,-0.0001114606857299,-0.0008760243654251,273,0,0,0,0,555346,555346
truck,4,eigen_floor,-0.0094852447509765,4.3392181396484375e-05,-0.0008356273174285,273,273,0,83,0,555346,552682
truck,4,integer_pd,-0.0553455352783203,3.88026237487793e-05,-0.0007391571998596,273,83,0,83,0,555346,553277
truck,4,opacity_prune,-0.1632575988769531,-0.0004768967628479,-0.0008879303932189,273,0,273,83,0,555346,551410
truck,4,no_guard,-0.8727531433105469,-0.0098037719726562,0.0019155740737915,273,0,0,83,83,555346,555346
truck,5,wide_control,-0.0078754425048828,-0.0001714825630187,-0.0006717145442962,236,0,0,0,0,533282,533282
truck,5,eigen_floor,-0.0244636535644531,-0.0004096627235412,-0.0002307742834091,236,236,0,64,0,533282,532775
truck,5,integer_pd,-0.0278472900390625,-0.000372290611267,-0.0002904385328292,236,64,0,64,0,533282,533087
truck,5,opacity_prune,-0.1769065856933593,-0.0014441013336181,-0.0005027949810028,236,0,236,64,0,533282,531452
truck,5,no_guard,-0.0167484283447265,-0.000140905380249,0.0020307600498199,236,0,0,64,64,533282,533282
truck,6,wide_control,-0.0022735595703125,-0.0001901388168334,-0.0006909370422363,301,0,0,0,0,490708,490708
truck,6,eigen_floor,-0.0316619873046875,-0.0004315972328186,-0.0004689991474151,301,301,0,66,0,490708,490215
truck,6,integer_pd,-0.0437831878662109,-0.0005567073822021,-0.0004540681838989,301,66,0,66,0,490708,490756
truck,6,opacity_prune,-0.2950820922851562,-0.0014370679855346,-0.0005511790513992,301,0,301,66,0,490708,487884
truck,6,no_guard,-0.0444164276123046,-0.0005613565444946,-0.0004518330097198,301,0,0,66,66,490708,490708
truck,7,wide_control,-0.0124359130859375,-0.0002239346504211,-0.0006080120801925,253,0,0,0,0,592349,592349
truck,7,eigen_floor,-0.007720947265625,-0.0005791783332824,-0.0003973841667175,253,253,0,69,0,592349,592872
truck,7,integer_pd,-0.0009651184082031,-0.00052410364151,-0.0003823488950729,253,69,0,69,0,592349,593420
truck,7,opacity_prune,-0.0092182159423828,-0.0006213784217834,-0.0004036873579025,253,0,253,69,0,592349,592215
truck,7,no_guard,-0.0215950012207031,-0.0005968213081359,-0.0003398805856704,253,0,0,69,69,592349,592349
truck,8,wide_control,-0.0117988586425781,-0.0001903772354125,-0.0006975382566452,361,0,0,0,0,580401,580401
truck,8,eigen_floor,-0.1301193237304687,-0.0005109906196594,-0.0005067884922027,361,361,0,77,0,580401,579849
truck,8,integer_pd,-0.1267223358154297,-0.0006471276283264,-0.0003933459520339,361,77,0,77,0,580401,579937
truck,8,opacity_prune,-0.1646995544433593,-0.0006819367408752,-0.0005262047052383,361,0,361,77,0,580401,579484
truck,8,no_guard,-0.8082122802734375,-0.0064780712127685,0.0041386932134628,361,0,0,77,77,580401,580401
truck,9,wide_control,0.0134143829345703,-0.0001001954078674,-0.0006574094295501,287,0,0,1,1,558115,558115
truck,9,eigen_floor,0.0022449493408203,-0.0004586577415466,-0.0003826171159744,287,287,0,77,0,558115,559095
truck,9,integer_pd,-0.0065078735351562,-0.0004254579544067,-0.0003786385059356,287,77,0,77,0,558115,559533
truck,9,opacity_prune,0.0144424438476562,-0.0003161430358886,-0.0003558993339538,287,0,287,77,0,558115,556666
truck,9,no_guard,-0.0799179077148437,-0.0006685853004455,-0.0003842562437057,287,0,0,77,77,558115,558115
truck,10,wide_control,0.0046806335449218,-0.0001224279403686,-0.0006411373615264,285,0,0,0,0,493007,493007
truck,10,eigen_floor,-0.0429630279541015,-0.0006254315376281,-0.0004664808511734,285,285,0,57,0,493007,493765
truck,10,integer_pd,-0.0429630279541015,-0.0006254315376281,-0.0004664808511734,285,57,0,57,0,493007,493765
truck,10,opacity_prune,-0.0429248809814453,-0.0006078481674194,-0.0004758685827255,285,0,285,57,0,493007,493298
truck,10,no_guard,-0.0383529663085937,-0.0005831718444824,-0.0005293786525726,285,0,0,57,57,493007,493007
truck,11,wide_control,-0.0035648345947265,-0.0001569390296936,-0.0006563663482666,273,0,0,1,1,563066,563066
truck,11,eigen_floor,-0.679962158203125,-0.0065016150474548,0.0017454624176025,273,273,0,77,0,563066,564003
truck,11,integer_pd,-0.6806049346923828,-0.0065054893493652,0.0017473101615905,273,77,0,77,0,563066,564024
truck,11,opacity_prune,-0.19781494140625,-0.002140462398529,0.0009421408176422,273,0,273,77,0,563066,562705
truck,11,no_guard,-0.6893577575683594,-0.006188690662384,0.0017437189817428,273,0,0,77,77,563066,563066
truck,12,wide_control,-0.0100040435791015,-0.0001983046531677,-0.0005477368831634,327,0,0,0,0,573466,573466
truck,12,eigen_floor,-0.056833267211914,-0.0004733800888061,-0.0003971010446548,327,327,0,71,0,573466,572665
truck,12,integer_pd,-0.0577125549316406,-0.0004777312278747,-0.000397965312004,327,71,0,71,0,573466,572728
truck,12,opacity_prune,-0.1114997863769531,-0.0007222890853881,-0.0004326999187469,327,0,327,71,0,573466,572111
truck,12,no_guard,-0.0607490539550781,-0.0005338788032531,-0.0003883838653564,327,0,0,71,71,573466,573466
truck,13,wide_control,-0.0065860748291015,-6.192922592163086e-05,-0.0005083829164505,400,0,0,0,0,553641,553641
truck,13,eigen_floor,-0.0768451690673828,-0.0003163218498229,-0.0003409534692764,400,400,0,88,0,553641,552619
truck,13,integer_pd,-0.0518245697021484,-0.0003459453582763,-0.0003107190132141,400,88,0,88,0,553641,553299
truck,13,opacity_prune,-0.081003189086914,-0.0002253055572509,-0.000410258769989,400,0,400,88,0,553641,551658
truck,13,no_guard,-0.0404338836669921,-0.0003331303596496,-0.0002959072589874,400,0,0,88,88,553641,553641
truck,14,wide_control,-0.0090103149414062,-0.0001707077026367,-0.0006614625453948,324,0,0,0,0,502729,502729
truck,14,eigen_floor,-0.0253543853759765,-0.0006701946258544,-0.0004090368747711,324,324,0,91,0,502729,501918
truck,14,integer_pd,-0.0222244262695312,-0.0005576014518737,-0.0003184080123901,324,91,0,91,0,502729,502572
truck,14,opacity_prune,-0.0386981964111328,-0.0007776021957397,-0.0007844865322113,324,0,324,91,0,502729,501294
truck,14,no_guard,-0.0549488067626953,-0.0009019970893859,0.0002375245094299,324,0,0,91,91,502729,502729
truck,15,wide_control,-0.0089378356933593,-0.0001518726348876,-0.0006702095270156,315,0,0,0,0,517129,517129
truck,15,eigen_floor,-0.086456298828125,-0.0007579326629638,-0.0004491060972213,315,315,0,89,0,517129,514829
truck,15,integer_pd,-0.086456298828125,-0.0007579326629638,-0.0004491060972213,315,89,0,89,0,517129,514829
truck,15,opacity_prune,-0.1373558044433593,-0.0012107491493225,-0.0005984604358673,315,0,315,89,0,517129,513212
truck,15,no_guard,-0.0200424194335937,-0.0004513263702392,-0.0001596212387084,315,0,0,89,89,517129,517129
truck,16,wide_control,-0.0113468170166015,-0.0001748204231262,-0.0006420463323593,158,0,0,0,0,511668,511668
truck,16,eigen_floor,-0.0527191162109375,-0.0005225539207458,-0.0003987550735473,158,158,0,42,0,511668,511867
truck,16,integer_pd,-0.0527191162109375,-0.0005225539207458,-0.0003987550735473,158,42,0,42,0,511668,511867
truck,16,opacity_prune,-0.0527191162109375,-0.0005225539207458,-0.0003987550735473,158,0,158,42,0,511668,511867
truck,16,no_guard,-0.0521202087402343,-0.0005138516426086,-0.0004031062126159,158,0,0,42,42,511668,511668
truck,17,wide_control,-0.0124454498291015,-8.910894393920898e-05,-0.0008718818426132,403,0,0,0,0,510440,510440
truck,17,eigen_floor,-0.2523040771484375,-0.0007580518722534,-0.0007272809743881,403,403,0,79,0,510440,508294
truck,17,integer_pd,-0.2311458587646484,-0.0007587075233459,-0.000665932893753,403,79,0,79,0,510440,508493
truck,17,opacity_prune,-0.5898895263671875,-0.0027467012405395,-0.0012367516756057,403,0,403,79,0,510440,505471
truck,17,no_guard,-0.1092910766601562,-0.0015451312065124,-1.290440559387207e-05,403,0,0,79,79,510440,510440
truck,18,wide_control,-0.0135364532470703,-0.000212013721466,-0.0002259463071823,391,0,0,2,2,454562,454562
truck,18,eigen_floor,-0.1398563385009765,-0.0011468529701232,-0.0002670288085937,391,391,0,94,0,454562,452958
truck,18,integer_pd,-0.0896759033203125,-0.0006565451622009,-0.0001830756664276,391,94,0,94,0,454562,453657
truck,18,opacity_prune,-0.5294227600097656,-0.0029093027114868,-0.0003717839717864,391,0,391,94,0,454562,450909
truck,18,no_guard,-0.0870590209960937,-0.0006660819053649,-0.0001368671655654,391,0,0,94,94,454562,454562
truck,19,wide_control,-0.003122329711914,-0.0002332329750061,-0.0005862116813659,252,0,0,0,0,570032,570032
truck,19,eigen_floor,-0.0224208831787109,-0.0003663897514343,-0.0005086213350296,252,252,0,89,0,570032,570081
truck,19,integer_pd,-0.02264404296875,-0.0003690123558044,-0.0005086511373519,252,89,0,89,0,570032,570129
truck,19,opacity_prune,-0.0293750762939453,-0.0003281831741333,-0.0006318241357803,252,0,252,89,0,570032,569089
truck,19,no_guard,-0.0148372650146484,-0.0003506541252136,-0.0004933923482894,252,0,0,89,89,570032,570032
truck,20,wide_control,-0.0099010467529296,-0.000129759311676,-0.0006843507289886,279,0,0,1,1,531695,531695
truck,20,eigen_floor,-0.0925273895263671,-0.000365674495697,-0.0003609955310821,279,279,0,61,0,531695,530302
truck,20,integer_pd,-2.865377426147461,-0.0129250884056091,0.0047829151153564,279,61,0,61,0,531695,531727
truck,20,opacity_prune,-0.09320068359375,-0.0003654360771179,-0.0003503113985061,279,0,279,61,0,531695,530236
truck,20,no_guard,-2.644718170166016,-0.0125888586044311,0.0068497061729431,279,0,0,61,61,531695,531695
truck,21,wide_control,-0.0168094635009765,-0.0003800988197326,-0.0006207078695297,372,0,0,0,0,571888,571888
truck,21,eigen_floor,-0.0258750915527343,-0.0007365345954895,-0.0003716945648193,372,372,0,95,0,571888,572140
truck,21,integer_pd,-0.0239830017089843,-0.0007651448249816,-0.0002987831830978,372,95,0,95,0,571888,572510
truck,21,opacity_prune,-0.0494709014892578,-0.0008487105369567,-0.0003468394279479,372,0,372,95,0,571888,571585
truck,21,no_guard,-0.0270805358886718,-0.0009745359420776,-0.0001595169305801,372,0,0,95,95,571888,571888
truck,22,wide_control,5.7220458984375e-06,4.3392181396484375e-05,-0.000593215227127,384,0,0,0,0,553072,553072
truck,22,eigen_floor,-0.0816535949707031,0.0005315542221069,-0.0004572719335556,384,384,0,92,0,553072,549516
truck,22,integer_pd,-0.0799217224121093,0.0004600882530212,-0.0004128813743591,384,92,0,92,0,553072,550265
truck,22,opacity_prune,-0.0459556579589843,0.0012872815132141,-0.0010014772415161,384,0,384,92,0,553072,546501
truck,22,no_guard,-0.1809539794921875,-0.0022307038307189,0.0004522800445556,384,0,0,92,92,553072,553072
truck,23,wide_control,-0.0224857330322265,-0.0001763105392456,-0.0005684792995452,383,0,0,0,0,509854,509854
truck,23,eigen_floor,-0.0760726928710937,-0.0006479620933532,-0.0001689195632934,383,383,0,110,0,509854,510090
truck,23,integer_pd,-0.0760726928710937,-0.0006479620933532,-0.0001689195632934,383,110,0,110,0,509854,510099
truck,23,opacity_prune,0.1100330352783203,-4.684925079345703e-05,-0.0003537237644195,383,0,383,110,0,509854,507464
truck,23,no_guard,-0.0536098480224609,-0.0007272362709045,-0.0001630187034606,383,0,0,110,110,509854,509854
truck,24,wide_control,-0.03643798828125,-0.0002264380455017,-0.0006324797868728,373,0,0,0,0,526417,526417
truck,24,eigen_floor,-1.87934684753418,-0.0084421634674072,0.0032631754875183,373,373,0,91,0,526417,526809
truck,24,integer_pd,-2.116971969604492,-0.0112703442573547,0.0048853009939193,373,91,0,91,0,526417,527864
truck,24,opacity_prune,-1.894439697265625,-0.0084351897239685,0.0032619386911392,373,0,373,91,0,526417,526272
truck,24,no_guard,-1.8265552520751955,-0.0092372894287109,0.004030019044876,373,0,0,91,91,526417,526417
truck,25,wide_control,-0.0130653381347656,-0.0002291798591613,-0.0010699927806854,249,0,0,0,0,543816,543816
truck,25,eigen_floor,-0.1711788177490234,-0.0006429553031921,-0.000515192747116,249,249,0,52,0,543816,543819
truck,25,integer_pd,-0.1711883544921875,-0.0006430149078369,-0.0005144923925399,249,52,0,52,0,543816,543860
truck,25,opacity_prune,-0.1342220306396484,-0.0007460117340087,-0.0007626712322235,249,0,249,52,0,543816,542263
truck,25,no_guard,0.0036487579345703,-0.0006348490715026,-0.0003493577241897,249,0,0,52,52,543816,543816
truck,26,wide_control,-0.0103187561035156,-0.0002480745315551,-0.0007895678281784,256,0,0,0,0,533483,533483
truck,26,eigen_floor,-0.0032558441162109,-0.0002511739730834,-0.0002632290124893,256,256,0,55,0,533483,533451
truck,26,integer_pd,-0.3539237976074219,-0.0055372714996337,0.0016269087791442,256,55,0,55,0,533483,534494
truck,26,opacity_prune,-0.4298896789550781,-0.0033431053161621,-0.0007561594247817,256,0,256,55,0,533483,531187
truck,26,no_guard,-0.3659934997558594,-0.0036659836769104,0.0007639825344085,256,0,0,55,55,533483,533483
truck,27,wide_control,-0.0098476409912109,-0.0001131892204284,-0.0005235224962234,307,0,0,0,0,531552,531552
truck,27,eigen_floor,0.0027751922607421,-1.132488250732422e-05,-0.0003261864185333,307,307,0,85,0,531552,530375
truck,27,integer_pd,0.0233364105224609,4.094839096069336e-05,-0.0001818984746932,307,85,0,85,0,531552,531861
truck,27,opacity_prune,0.0248546600341796,-0.0001741051673889,-0.0003976374864578,307,0,307,85,0,531552,528962
truck,27,no_guard,-0.004068374633789,-0.0001301765441894,-0.0003181844949722,307,0,0,85,85,531552,531552
truck,28,wide_control,-0.0147953033447265,-0.0002261400222778,-0.0005635768175125,271,0,0,0,0,610074,610074
truck,28,eigen_floor,-0.0313358306884765,-0.0004713535308837,-9.304285049438477e-05,271,271,0,78,0,610074,610499
truck,28,integer_pd,-0.0359725952148437,-0.0009158849716186,0.0001416653394699,271,78,0,78,0,610074,611002
truck,28,opacity_prune,-0.039011001586914,-0.0004646182060241,-8.971989154815674e-05,271,0,271,78,0,610074,610179
truck,28,no_guard,-0.0306110382080078,-0.0004587769508361,-0.0001356601715087,271,0,0,78,78,610074,610074
truck,29,wide_control,-0.0085258483886718,-0.0002186298370361,-0.000680074095726,286,0,0,0,0,582544,582544
truck,29,eigen_floor,-0.6500129699707031,-0.0017037391662597,0.0007668882608413,286,286,0,67,0,582544,581570
truck,29,integer_pd,-0.6498680114746094,-0.0016857981681823,0.0007601529359817,286,67,0,67,0,582544,581871
truck,29,opacity_prune,-1.1303958892822266,-0.0026572942733764,0.0014090090990066,286,0,286,67,0,582544,580715
truck,29,no_guard,-0.65155029296875,-0.0017066597938537,0.0007569789886474,286,0,0,67,67,582544,582544
truck,30,wide_control,-0.000558853149414,-0.0001938939094543,-0.0006405711174011,292,0,0,0,0,599651,599651
truck,30,eigen_floor,-0.0384330749511718,-0.0007340908050537,-0.0004263818264007,292,292,0,86,0,599651,597773
truck,30,integer_pd,-0.0395755767822265,-0.0007402300834655,-0.0004241615533828,292,86,0,86,0,599651,597906
truck,30,opacity_prune,-0.0710334777832031,-0.0007838606834411,-0.0004288852214813,292,0,292,86,0,599651,597168
truck,30,no_guard,-0.1963367462158203,-0.001513659954071,0.0011075884103775,292,0,0,86,86,599651,599651
truck,31,wide_control,-0.004831314086914,-0.0001394748687744,-0.000682920217514,256,0,0,0,0,536184,536184
truck,31,eigen_floor,-0.0778541564941406,-0.0006982088088989,-0.0003762543201446,256,256,0,45,0,536184,535969
truck,31,integer_pd,-0.0467910766601562,-0.0008690357208251,-0.0003568828105926,256,45,0,45,0,536184,536309
truck,31,opacity_prune,-0.0361881256103515,-0.0005680322647094,-0.0004037916660308,256,0,256,45,0,536184,535606
truck,31,no_guard,-0.0490036010742187,-0.000868797302246,-0.0003590881824493,256,0,0,45,45,536184,536184
tt107k,1,wide_control,0.0176105499267578,-0.0004556775093078,-0.000998169183731,146,0,0,0,0,385355,385355
tt107k,1,eigen_floor,0.1786117553710937,-0.002643883228302,-0.0009906142950057,146,146,0,32,0,385355,383971
tt107k,1,integer_pd,0.1038055419921875,-0.002952754497528,-0.001022383570671,146,32,0,32,0,385355,384941
tt107k,1,opacity_prune,0.3432235717773437,-0.0021141171455383,-0.0010408610105514,146,0,146,32,0,385355,382481
tt107k,1,no_guard,0.1980171203613281,-0.0027567744255065,-0.0010436624288558,146,0,0,32,32,385355,385355
tt107k,2,wide_control,-0.0139636993408203,-0.0002951025962829,-0.0008909106254577,156,0,0,0,0,429627,429627
tt107k,2,eigen_floor,-0.0125370025634765,-0.0005644559860229,-0.0007234811782836,156,156,0,38,0,429627,429440
tt107k,2,integer_pd,0.0181617736816406,-0.000551700592041,-0.0007175207138061,156,38,0,38,0,429627,429654
tt107k,2,opacity_prune,-0.2047805786132812,-0.0006017684936523,-0.0006598383188247,156,0,156,38,0,429627,426466
tt107k,2,no_guard,1.52587890625e-05,-0.0005878210067749,-0.0006271302700042,156,0,0,38,38,429627,429627
tt107k,3,wide_control,0.0056190490722656,0.0002852082252502,-0.0011025369167327,232,0,0,0,0,289573,289573
tt107k,3,eigen_floor,0.0121326446533203,0.000133991241455,-0.0005646646022796,232,232,0,51,0,289573,288271
tt107k,3,integer_pd,0.0121726989746093,-0.0004140138626098,-0.0005168318748474,232,51,0,51,0,289573,288882
tt107k,3,opacity_prune,-0.0618896484375,0.0001309514045715,-0.000465840101242,232,0,232,51,0,289573,287223
tt107k,3,no_guard,-0.1647300720214843,-0.0085996389389038,0.0007451176643371,232,0,0,51,51,289573,289573
tt107k,4,wide_control,0.017404556274414,-0.0001833438873291,-0.0009412467479705,214,0,0,0,0,339376,339376
tt107k,4,eigen_floor,0.013397216796875,-0.0004900097846984,-0.0009321868419647,214,214,0,63,0,339376,339177
tt107k,4,integer_pd,-0.0614604949951171,-0.0005831718444824,-0.0008284747600555,214,63,0,63,0,339376,339500
tt107k,4,opacity_prune,-0.0238838195800781,-0.0006114840507507,-0.0008919835090637,214,0,214,63,0,339376,338823
tt107k,4,no_guard,-0.0764312744140625,-0.0010037422180175,-0.0011087954044342,214,0,0,63,63,339376,339376
tt107k,5,wide_control,-0.000946044921875,-0.0001322627067565,-0.0014440417289733,209,0,0,0,0,404376,404376
tt107k,5,eigen_floor,-0.0898513793945312,-0.000386893749237,-0.0009306371212005,209,209,0,48,0,404376,404351
tt107k,5,integer_pd,-0.0898513793945312,-0.000386893749237,-0.0009306371212005,209,48,0,48,0,404376,404366
tt107k,5,opacity_prune,0.0700302124023437,-0.0001196861267089,-0.0016587078571319,209,0,209,48,0,404376,402416
tt107k,5,no_guard,-0.0868968963623046,-0.0003948211669921,-0.0009292066097259,209,0,0,48,48,404376,404376
tt107k,6,wide_control,-0.0135555267333984,-9.906291961669922e-05,-0.0007192492485046,167,0,0,0,0,393117,393117
tt107k,6,eigen_floor,-0.1633071899414062,-0.0002515316009521,-0.0005130171775817,167,167,0,39,0,393117,392392
tt107k,6,integer_pd,-0.0658283233642578,-0.0024638772010803,-0.0004554986953735,167,39,0,39,0,393117,393661
tt107k,6,opacity_prune,-0.3583755493164062,-0.0007995963096618,-0.0003315508365631,167,0,167,39,0,393117,391632
tt107k,6,no_guard,-0.0760116577148437,-0.00034099817276,-0.0003990828990936,167,0,0,39,39,393117,393117
tt107k,7,wide_control,-0.0152130126953125,-0.0001680254936218,-0.000827133655548,141,0,0,4,4,448250,448250
tt107k,7,eigen_floor,0.0592632293701171,-0.0002090334892272,-0.0006596446037292,141,141,0,39,0,448250,447508
tt107k,7,integer_pd,0.0592632293701171,-0.0002090334892272,-0.0006595253944396,141,39,0,39,0,448250,447511
tt107k,7,opacity_prune,0.0724735260009765,-0.0002245306968688,-0.000777930021286,141,0,141,39,0,448250,446889
tt107k,7,no_guard,-12.99972152709961,-0.2414255738258361,0.1837101876735687,141,0,0,39,39,448250,448250
tt107k,8,wide_control,-0.0118732452392578,3.832578659057617e-05,-0.0011413693428039,169,0,0,0,0,471994,471994
tt107k,8,eigen_floor,-0.1583461761474609,-0.0008569955825805,-0.0008812844753265,169,169,0,44,0,471994,472264
tt107k,8,integer_pd,-0.1447315216064453,-0.000807762145996,-0.0008926689624786,169,44,0,44,0,471994,472466
tt107k,8,opacity_prune,-0.1382617950439453,-0.0005546808242797,-0.0007531940937042,169,0,169,44,0,471994,470966
tt107k,8,no_guard,-0.019723892211914,-0.000672161579132,-0.0010527670383453,169,0,0,44,44,471994,471994
tt107k,9,wide_control,-0.0454864501953125,-0.0002378821372985,-0.0011486560106277,152,0,0,0,0,498778,498778
tt107k,9,eigen_floor,-0.433664321899414,-0.0022385716438293,-0.0004855841398239,152,152,0,42,0,498778,497047
tt107k,9,integer_pd,-0.4382553100585937,-0.002352237701416,-0.000492125749588,152,42,0,42,0,498778,497194
tt107k,9,opacity_prune,-0.5278434753417969,-0.002918541431427,-0.0003488361835479,152,0,152,42,0,498778,496389
tt107k,9,no_guard,0.1244392395019531,-0.0002021193504333,-0.0003677904605865,152,0,0,42,42,498778,498778
tt107k,10,wide_control,-0.0693321228027343,-0.0006645321846008,-0.0008838474750518,170,0,0,1,1,421696,421696
tt107k,10,eigen_floor,-0.0932159423828125,0.0199028849601745,0.0003295540809631,170,170,0,52,0,421696,420184
tt107k,10,integer_pd,-0.1383781433105468,0.0196476578712463,0.0003401339054107,170,52,0,52,0,421696,420901
tt107k,10,opacity_prune,-1.4758434295654297,0.0107315182685852,0.0010677576065063,170,0,170,52,0,421696,417380
tt107k,10,no_guard,-4.314594268798828,-0.0367749333381652,0.0094704627990722,170,0,0,52,52,421696,421696
tt107k,11,wide_control,-0.0119590759277343,-0.0002328157424926,-0.0004783868789672,175,0,0,0,0,405124,405124
tt107k,11,eigen_floor,-0.0140933990478515,-0.0003293752670288,-0.0003363192081451,175,175,0,58,0,405124,404814
tt107k,11,integer_pd,-0.1505355834960937,-0.0009803175926208,-7.829070091247559e-05,175,58,0,58,0,405124,405437
tt107k,11,opacity_prune,-0.02020263671875,-0.0003275275230407,-0.0003372728824615,175,0,175,58,0,405124,404686
tt107k,11,no_guard,-0.0625228881835937,-0.0005000829696655,-0.0004715621471405,175,0,0,58,58,405124,405124
tt107k,12,wide_control,-0.0276451110839843,-0.0002447962760925,-0.0017246007919311,174,0,0,0,0,345236,345236
tt107k,12,eigen_floor,-0.3041019439697265,-0.0031139254570007,-0.0031233429908752,174,174,0,38,0,345236,342858
tt107k,12,integer_pd,0.1406459808349609,-0.0013005137443542,-0.0034652054309844,174,38,0,38,0,345236,344879
tt107k,12,opacity_prune,-2.0193748474121094,-0.0123989582061767,-0.0002904832363128,174,0,174,38,0,345236,340048
tt107k,12,no_guard,-7.088777542114258,-0.117100179195404,0.080719769001007,174,0,0,38,38,345236,345236
tt107k,13,wide_control,-0.0169258117675781,-0.0004364252090454,-0.0023494958877563,199,0,0,0,0,431321,431321
tt107k,13,eigen_floor,-0.7323055267333984,-0.0035144686698913,-0.0018817782402038,199,199,0,41,0,431321,429769
tt107k,13,integer_pd,-0.5572719573974609,-0.0032161474227905,-0.0025056898593902,199,41,0,41,0,431321,430552
tt107k,13,opacity_prune,-1.061809539794922,-0.0111212134361267,-0.0010607838630676,199,0,199,41,0,431321,428288
tt107k,13,no_guard,-0.5843276977539062,-0.0057307481765747,0.0090656280517578,199,0,0,41,41,431321,431321
tt107k,14,wide_control,-0.0226058959960937,-0.0004381537437438,-0.000379204750061,138,0,0,0,0,436246,436246
tt107k,14,eigen_floor,-0.0460681915283203,-0.0014373064041137,1.0788440704345705e-05,138,138,0,35,0,436246,436067
tt107k,14,integer_pd,-0.09942626953125,-0.0020642876625061,0.000804841518402,138,35,0,35,0,436246,436506
tt107k,14,opacity_prune,-0.5989494323730469,-0.0127692818641662,0.0004396438598632,138,0,138,35,0,436246,434554
tt107k,14,no_guard,-0.0369873046875,-0.0012518763542175,8.106231689453125e-05,138,0,0,35,35,436246,436246
tt107k,15,wide_control,-0.018198013305664,-0.0001296401023864,-0.0005996227264404,171,0,0,0,0,434689,434689
tt107k,15,eigen_floor,-0.0175952911376953,0.0001172423362731,-0.000809907913208,171,171,0,49,0,434689,433553
tt107k,15,integer_pd,-0.0145397186279296,0.0001469254493713,-0.0008297264575958,171,49,0,49,0,434689,433711
tt107k,15,opacity_prune,0.0178279876708984,0.0006060004234313,-0.001429796218872,171,0,171,49,0,434689,432267
tt107k,15,no_guard,-0.0171794891357421,0.0001243352890014,-0.0008057951927185,171,0,0,49,49,434689,434689
tt107k,16,wide_control,0.0073451995849609,-0.0001079440116882,-0.0006424188613891,270,0,0,0,0,312789,312789
tt107k,16,eigen_floor,-0.1801490783691406,-0.0070343613624572,0.0003112256526947,270,270,0,81,0,312789,312927
tt107k,16,integer_pd,-0.10784912109375,-0.0061649084091186,0.0001237392425537,270,81,0,81,0,312789,313689
tt107k,16,opacity_prune,-0.1807460784912109,-0.0070417523384094,0.0003120899200439,270,0,270,81,0,312789,312902
tt107k,16,no_guard,-0.0762939453125,-0.0049517154693603,0.0006431937217712,270,0,0,81,81,312789,312789
tt107k,17,wide_control,0.0013618469238281,7.021427154541016e-05,-0.0008043944835662,188,0,0,0,0,386216,386216
tt107k,17,eigen_floor,0.0033073425292968,-0.0003407597541809,-0.0006103813648223,188,188,0,60,0,386216,386247
tt107k,17,integer_pd,-0.0643367767333984,-0.0016309022903442,-0.0004313886165618,188,60,0,60,0,386216,387822
tt107k,17,opacity_prune,-0.0121593475341796,9.077787399291992e-05,-0.0007039010524749,188,0,188,60,0,386216,385124
tt107k,17,no_guard,-0.0069236755371093,-0.0007048249244689,0.0009501278400421,188,0,0,60,60,386216,386216
tt107k,18,wide_control,-0.0084362030029296,-0.0001243352890014,-0.0003699660301208,171,0,0,1,1,400544,400544
tt107k,18,eigen_floor,-0.004486083984375,-0.0004496574401855,-0.0001720190048217,171,171,0,53,0,400544,400593
tt107k,18,integer_pd,0.0004863739013671,-0.0004101395606994,-0.0001433491706848,171,53,0,53,0,400544,401219
tt107k,18,opacity_prune,-0.0453014373779296,-0.0013387799263,-8.380413055419922e-05,171,0,171,53,0,400544,398928
tt107k,18,no_guard,-0.0139427185058593,-0.0005151629447937,-0.0001517236232757,171,0,0,53,53,400544,400544
tt107k,19,wide_control,0.000986099243164,-0.0001186728477478,-0.0004482567310333,190,0,0,0,0,416071,416071
tt107k,19,eigen_floor,-0.0280189514160156,-0.0004103779792785,-0.0011276006698608,190,190,0,64,0,416071,414918
tt107k,19,integer_pd,-0.0712738037109375,-0.0009025931358337,-0.0009865164756774,190,64,0,64,0,416071,416457
tt107k,19,opacity_prune,-0.0323448181152343,-8.350610733032227e-05,-0.007358580827713,190,0,190,64,0,416071,414345
tt107k,19,no_guard,-0.1608180999755859,-0.0031900405883789,0.0064939558506011,190,0,0,64,64,416071,416071
tt107k,20,wide_control,0.0060768127441406,-0.0001104474067687,-0.0014071762561798,165,0,0,0,0,371761,371761
tt107k,20,eigen_floor,0.003702163696289,-0.0002264380455017,-0.0012276172637939,165,165,0,53,0,371761,371559
tt107k,20,integer_pd,0.0106830596923828,-0.0002268552780151,-0.0012270212173461,165,53,0,53,0,371761,371897
tt107k,20,opacity_prune,0.003702163696289,-0.0002264380455017,-0.0012276172637939,165,0,165,53,0,371761,371559
tt107k,20,no_guard,-0.6829967498779297,-0.0016961693763732,-0.0002685785293579,165,0,0,53,53,371761,371761
tt107k,21,wide_control,0.0021553039550781,-0.0001685619354248,-0.001436561346054,123,0,0,0,0,444368,444368
tt107k,21,eigen_floor,-0.0736656188964843,0.000709593296051,-0.000801533460617,123,123,0,35,0,444368,442443
tt107k,21,integer_pd,-0.6620559692382812,-0.0011271238327026,0.0012685060501098,123,35,0,35,0,444368,443616
tt107k,21,opacity_prune,-0.3543987274169922,1.2516975402832031e-05,-0.0006921291351318,123,0,123,35,0,444368,440396
tt107k,21,no_guard,-0.3277168273925781,-0.0046016573905944,-0.0003724694252014,123,0,0,35,35,444368,444368
tt107k,22,wide_control,-0.0245208740234375,-0.0002015829086303,-0.0012015104293823,188,0,0,0,0,388730,388730
tt107k,22,eigen_floor,0.0267658233642578,-0.000238299369812,-0.00104820728302,188,188,0,49,0,388730,388782
tt107k,22,integer_pd,0.0274925231933593,-0.0002357959747314,-0.0010486841201782,188,49,0,49,0,388730,388796
tt107k,22,opacity_prune,-0.0121440887451171,-0.0002490878105163,-0.000859186053276,188,0,188,49,0,388730,387742
tt107k,22,no_guard,0.0276832580566406,-0.0001989006996154,-0.0010577738285064,188,0,0,49,49,388730,388730
tt107k,23,wide_control,-0.0350608825683593,-0.0001649856567382,-0.0010590553283691,263,0,0,0,0,371947,371947
tt107k,23,eigen_floor,-0.2828521728515625,-0.0020363926887512,-0.0004251599311828,263,263,0,68,0,371947,371339
tt107k,23,integer_pd,-0.0005149841308593,-0.0007503628730773,-0.0004525780677795,263,68,0,68,0,371947,372747
tt107k,23,opacity_prune,-1.8414993286132808,-0.0133855938911437,0.0023489296436309,263,0,263,68,0,371947,368294
tt107k,23,no_guard,-0.1260280609130859,-0.0011329650878906,-0.0004936456680297,263,0,0,68,68,371947,371947
tt107k,24,wide_control,-0.0084552764892578,-0.0005161166191101,-0.0007728338241577,188,0,0,0,0,414706,414706
tt107k,24,eigen_floor,-0.0096912384033203,-0.0004559159278869,-0.0005396902561187,188,188,0,58,0,414706,414704
tt107k,24,integer_pd,-0.0096912384033203,-0.0004559159278869,-0.0005396902561187,188,58,0,58,0,414706,414704
tt107k,24,opacity_prune,-0.012765884399414,-0.0004563927650451,-0.0005356073379516,188,0,188,58,0,414706,414434
tt107k,24,no_guard,-0.012308120727539,-0.0007235407829284,-0.0006029307842254,188,0,0,58,58,414706,414706
tt107k,25,wide_control,0.0081958770751953,-0.0001183748245239,-0.0012723505496978,156,0,0,0,0,486713,486713
tt107k,25,eigen_floor,-0.0038356781005859,-0.0003870129585266,-0.0008536130189895,156,156,0,47,0,486713,486519
tt107k,25,integer_pd,-0.0031719207763671,-0.0003923177719116,-0.0008499771356582,156,47,0,47,0,486713,486596
tt107k,25,opacity_prune,0.013223648071289,-0.0002743601799011,-0.0008827447891235,156,0,156,47,0,486713,485641
tt107k,25,no_guard,-0.0229549407958984,-0.0004495978355407,-0.00082828104496,156,0,0,47,47,486713,486713
tt107k,26,wide_control,-0.0390434265136718,-0.0007160305976867,-0.0007011592388153,163,0,0,0,0,438114,438114
tt107k,26,eigen_floor,0.8383255004882812,0.0226275920867919,-0.0016463696956634,163,163,0,45,0,438114,436966
tt107k,26,integer_pd,0.7666816711425781,0.0161935091018676,-0.0014741718769073,163,45,0,45,0,438114,437619
tt107k,26,opacity_prune,0.8613128662109375,0.0230622887611389,-0.0015869736671447,163,0,163,45,0,438114,436069
tt107k,26,no_guard,0.7673912048339844,0.01630300283432,-0.0014667809009552,163,0,0,45,45,438114,438114
tt107k,27,wide_control,-0.008514404296875,-0.0002200007438659,-0.0007851123809814,136,0,0,0,0,455434,455434
tt107k,27,eigen_floor,-0.0805015563964843,-0.0002030730247497,-0.0006845295429229,136,136,0,36,0,455434,455073
tt107k,27,integer_pd,-0.0805015563964843,-0.0002030730247497,-0.0006845295429229,136,36,0,36,0,455434,455073
tt107k,27,opacity_prune,-0.0805015563964843,-0.0002030730247497,-0.0006845295429229,136,0,136,36,0,455434,455073
tt107k,27,no_guard,-0.0888290405273437,-0.0002394318580627,-0.0006611347198486,136,0,0,36,36,455434,455434
tt107k,28,wide_control,0.0047283172607421,0.000180184841156,-0.0009094774723052,177,0,0,0,0,466461,466461
tt107k,28,eigen_floor,0.1976833343505859,0.0018669962882995,-0.0006314218044281,177,177,0,41,0,466461,466026
tt107k,28,integer_pd,-0.1239128112792968,-0.0031544566154479,-0.0002646148204803,177,41,0,41,0,466461,466920
tt107k,28,opacity_prune,0.2613697052001953,0.0024186968803405,-0.0006367266178131,177,0,177,41,0,466461,465506
tt107k,28,no_guard,-0.1071987152099609,-0.0022199749946594,-0.0002100765705108,177,0,0,41,41,466461,466461
tt107k,29,wide_control,-0.00067138671875,-0.0004569888114929,-0.0007357597351074,188,0,0,1,1,402114,402114
tt107k,29,eigen_floor,-0.2752132415771484,-0.0025525093078613,-0.000337928533554,188,188,0,47,0,402114,402714
tt107k,29,integer_pd,-0.2592620849609375,-0.0024680495262145,-0.0003096461296081,188,47,0,47,0,402114,402871
tt107k,29,opacity_prune,-0.2752132415771484,-0.0025525093078613,-0.000337928533554,188,0,188,47,0,402114,402714
tt107k,29,no_guard,-0.1827335357666015,-0.0020118951797485,-0.0003502368927001,188,0,0,47,47,402114,402114
tt107k,30,wide_control,-0.0030136108398437,-0.0001190304756164,-0.0003552436828613,272,0,0,0,0,323920,323920
tt107k,30,eigen_floor,0.0047836303710937,0.000163972377777,-0.000298798084259,272,272,0,66,0,323920,323583
tt107k,30,integer_pd,-0.0072193145751953,8.362531661987305e-05,-0.0003168582916259,272,66,0,66,0,323920,323813
tt107k,30,opacity_prune,0.0147342681884765,0.0001578330993652,-0.0002960562705993,272,0,272,66,0,323920,323390
tt107k,30,no_guard,0.0024852752685546,0.0001695156097412,-0.0004171729087829,272,0,0,66,66,323920,323920
tt107k,31,wide_control,-0.0108623504638671,-0.0002880096435546,-0.0003310739994049,242,0,0,0,0,380493,380493
tt107k,31,eigen_floor,0.1889362335205078,5.567073822021485e-05,-0.000317558646202,242,242,0,65,0,380493,378924
tt107k,31,integer_pd,0.0530033111572265,-0.0004225373268127,0.0004229992628097,242,65,0,65,0,380493,381395
tt107k,31,opacity_prune,-0.6742477416992188,-0.0017135739326477,5.580484867095947e-05,242,0,242,65,0,380493,376784
tt107k,31,no_guard,-2.241413116455078,-0.0350041389465332,0.0107233673334121,242,0,0,65,65,380493,380493
tt107k,32,wide_control,-0.0113887786865234,-0.0002658367156982,-0.0010381937026977,192,0,0,0,0,409443,409443
tt107k,32,eigen_floor,-0.4413356781005859,-0.00251966714859,4.208087921142578e-05,192,192,0,47,0,409443,409505
tt107k,32,integer_pd,-0.4315719604492187,-0.0025386214256286,8.821487426757812e-05,192,47,0,47,0,409443,410132
tt107k,32,opacity_prune,-0.2456512451171875,8.821487426757812e-05,-0.0002674460411071,192,0,192,47,0,409443,407556
tt107k,32,no_guard,-0.4612617492675781,-0.0050151348114013,0.0027377903461456,192,0,0,47,47,409443,409443
tt107k,33,wide_control,-0.015054702758789,-0.0002532005310058,-0.0009925961494445,209,0,0,1,1,398857,398857
tt107k,33,eigen_floor,-1.7731142044067385,-0.0205127894878387,0.0010127425193786,209,209,0,64,0,398857,395325
tt107k,33,integer_pd,-1.1633014678955078,-0.016497790813446,-0.0001083016395568,209,64,0,64,0,398857,395881
tt107k,33,opacity_prune,-2.8426942825317383,-0.040252685546875,0.0037312805652618,209,0,209,64,0,398857,390825
tt107k,33,no_guard,-2.2530517578125,-0.0431497693061828,0.0162171423435211,209,0,0,64,64,398857,398857
tt107k,34,wide_control,0.005523681640625,-7.802248001098633e-05,-0.000728964805603,177,0,0,0,0,440305,440305
tt107k,34,eigen_floor,0.0323524475097656,0.0002619624137878,-0.0009315311908721,177,177,0,40,0,440305,440015
tt107k,34,integer_pd,0.0134105682373046,2.1457672119140625e-06,-0.0016158819198608,177,40,0,40,0,440305,441299
tt107k,34,opacity_prune,0.0324268341064453,0.000263512134552,-0.0009336471557617,177,0,177,40,0,440305,439988
tt107k,34,no_guard,0.0455169677734375,-0.0002087950706481,-0.0014288425445556,177,0,0,40,40,440305,440305
tt107k,35,wide_control,-0.0116691589355468,-0.0005427002906799,-0.0011572837829589,157,0,0,0,0,398681,398681
tt107k,35,eigen_floor,0.0126762390136718,-0.0007280111312866,-0.001359224319458,157,157,0,48,0,398681,398218
tt107k,35,integer_pd,0.0087013244628906,-0.0006322860717773,-0.0012447535991668,157,48,0,48,0,398681,398297
tt107k,35,opacity_prune,0.0192432403564453,-0.0007191896438598,-0.0014737248420715,157,0,157,48,0,398681,397682
tt107k,35,no_guard,0.0085048675537109,-0.0006725192070007,-0.0012811422348022,157,0,0,48,48,398681,398681
tt107k,36,wide_control,0.0042629241943359,-0.0001904964447021,-0.000810831785202,139,0,0,0,0,405368,405368
tt107k,36,eigen_floor,-0.0435523986816406,-0.0007779598236083,-0.0007539093494415,139,139,0,44,0,405368,405216
tt107k,36,integer_pd,-0.0434513092041015,-0.0007778406143188,-0.0007558763027191,139,44,0,44,0,405368,405251
tt107k,36,opacity_prune,-0.0421772003173828,-0.0007738471031188,-0.0007496178150177,139,0,139,44,0,405368,405109
tt107k,36,no_guard,-0.0378360748291015,-0.0007759928703308,-0.0006061196327209,139,0,0,44,44,405368,405368
tt107k,37,wide_control,0.0111675262451171,-3.206729888916016e-05,-0.0009898245334625,140,0,0,1,1,450212,450212
tt107k,37,eigen_floor,0.0410003662109375,-0.0003018975257873,-0.0008650422096252,140,140,0,44,0,450212,450767
tt107k,37,integer_pd,0.04425048828125,-0.0003066658973693,-0.0008448362350463,140,44,0,44,0,450212,450844
tt107k,37,opacity_prune,0.0014228820800781,-0.000263512134552,-0.0008823275566101,140,0,140,44,0,450212,450408
tt107k,37,no_guard,0.0412063598632812,-0.0003162026405334,-0.0008502006530761,140,0,0,44,44,450212,450212
