scene,allocator,cam,camera_name,continuous_w16_no_t_cycles,continuous_w16_tile_tstop_cycles,continuous_w16_no_t_fps,continuous_w16_tile_tstop_fps,t_speedup,n_kvp_raw,n_kvp_retained,n_kvp_tstopped,t_stopped_fraction,producer_cycles_raw,producer_cycles_retained,no_t_core_cycles,with_t_core_cycles,no_t_core_imbalance,with_t_core_imbalance
bicycle,atae_snugbox,0,_DSC8679,4277718,4142692,93.5078001869221,96.55557304284267,1.0325937820142073,1056821,1023065,33756,0.03194107611411961,6846039,6534554,"[4277592, 4277196, 4277718, 4277630]","[4142692, 4142172, 4142568, 4142608]",0.00012203292831804493,0.00012552775973986787
bicycle,atae_snugbox,1,_DSC8687,4565674,4399000,87.61028492178811,90.92975676290065,1.0378890656967492,1128731,1087062,41669,0.036916678996147,6711517,6335993,"[4565592, 4564956, 4564474, 4565674]","[4397800, 4398912, 4399000, 4398280]",0.00026285964127544756,0.00027282040369235136
bicycle,atae_snugbox,2,_DSC8695,4093316,3948122,97.7202835060865,101.31399181686888,1.036775459319646,1010691,974393,36298,0.03591404296664361,5896424,5612433,"[4092598, 4093082, 4093316, 4093060]","[3947404, 3948122, 3947866, 3947896]",0.0001754208512357886,0.00018187243497807146
bicycle,atae_snugbox,3,_DSC8703,4230806,4129828,94.54463286664527,96.85633396838803,1.0244508972286497,1045093,1019848,25245,0.024155744991115623,7193162,6996782,"[4230558, 4230406, 4230718, 4230806]","[4129828, 4129740, 4129424, 4129576]",9.454874484177504e-05,9.78293033633424e-05
bicycle,atae_snugbox,4,_DSC8711,3795032,3665650,105.40095577586698,109.12116541404662,1.0352957865590005,936091,903746,32345,0.0345532645864558,5593947,5372270,"[3795032, 3794496, 3794726, 3794202]","[3665344, 3664824, 3665650, 3665118]",0.00021873107515019973,0.00022536078187640953
bicycle,atae_snugbox,5,_DSC8719,3669012,3579746,109.02117518285577,111.73977148099334,1.0249364061025559,904558,882242,22316,0.024670612608588945,5209964,5031426,"[3669012, 3668168, 3668504, 3668244]","[3579244, 3578980, 3578902, 3579746]",0.0002300679136492969,0.00023580569833969318
bicycle,atae_snugbox,6,_DSC8727,4073948,3934928,98.18485655683381,101.65370243114995,1.035329744279946,1005808,971053,34755,0.0345543085757918,6769474,6448333,"[4073948, 4073342, 4073602, 4073036]","[3934014, 3934584, 3934928, 3934322]",0.00022388708235362276,0.00023230622128260484
bicycle,atae_snugbox,7,_DSC8735,3867178,3727450,103.43459752822342,107.31196930877678,1.0374862171189418,954119,919187,34932,0.03661178532237593,5741915,5475749,"[3866056, 3867178, 3866522, 3867148]","[3727450, 3726326, 3726792, 3727424]",0.00029016796121576755,0.000301583204498634
bicycle,atae_snugbox,8,_DSC8744,3490252,3395098,114.60490531915747,117.81692310501788,1.0280268787528373,859907,836119,23788,0.02766345662961227,5060219,4929153,"[3489736, 3490252, 3489784, 3489740]","[3394592, 3394582, 3394632, 3395098]",0.0001478561714764814,0.0001520004854589148
bicycle,atae_snugbox,9,_DSC8752,3828660,3764512,104.47519497683263,106.25547215681608,1.0170401900697885,944467,928431,16036,0.016978888621836444,5669316,5571547,"[3828660, 3827768, 3828404, 3827640]","[3764262, 3764512, 3763498, 3763624]",0.0002664494668137189,0.00026939612228989894
bicycle,atae_snugbox,10,_DSC8760,3860846,3803668,103.60423596279158,105.16164922911253,1.0150323319490555,952605,938310,14295,0.015006219786795156,5965180,5867718,"[3860846, 3860214, 3860774, 3860846]","[3803668, 3803034, 3803594, 3803664]",0.00016370215532537097,0.0001666890145629409
bicycle,atae_snugbox,11,_DSC8768,3490932,3396166,114.58258138514299,117.77987295085104,1.0279038186001508,860113,836421,23692,0.02754521789578811,4941702,4807038,"[3490608, 3490636, 3490932, 3490632]","[3395866, 3396166, 3395868, 3395836]",9.281800623484904e-05,9.717503343704559e-05
bicycle,atae_snugbox,12,_DSC8776,3722682,3618286,107.44941415893165,110.54958065780318,1.02885233505588,917955,891857,26098,0.02843058755603488,5526096,5325315,"[3722682, 3721662, 3722320, 3721616]","[3617932, 3617228, 3618286, 3617266]",0.00028639977216978726,0.00029245278324936604
bicycle,atae_snugbox,13,_DSC8784,3669938,3560240,108.99366692298344,112.35197627126261,1.0308119677325125,904862,877438,27424,0.03030738388837193,5319766,5113447,"[3669052, 3669892, 3669910, 3669938]","[3560240, 3560214, 3560196, 3559358]",0.00024143676128117355,0.0002477526698018709
bicycle,atae_snugbox,14,_DSC8792,3298430,3213682,121.26981624591093,124.46782226741787,1.0263709975037978,811969,790782,21187,0.02609336070712059,4583738,4493198,"[3297802, 3298388, 3297884, 3298430]","[3213640, 3213056, 3213682, 3213134]",0.00019041116076220254,0.00019481057006054064
bicycle,atae_snugbox,15,_DSC8800,3676606,3661716,108.79599282599223,109.23840079350774,1.0040663994695382,906542,902819,3723,0.004106814687019465,6443480,6418753,"[3676506, 3676606, 3676406, 3676154]","[3661262, 3661614, 3661716, 3661512]",0.00012294575861613124,0.00012399201862829868
bicycle,atae_snugbox,16,_DSC8808,3117116,3026154,128.32374541082206,132.1809795535852,1.030058615655383,766614,743874,22740,0.029662907277978226,4276522,4194208,"[3116582, 3116630, 3117116, 3116496]","[3025536, 3025672, 3026154, 3025622]",0.00019892797074860447,0.00020424715095054244
bicycle,atae_snugbox,17,_DSC8816,3784562,3676958,105.69254777699507,108.78557764325836,1.029264408241813,933454,906553,26901,0.028818774144199928,6110012,5888322,"[3784276, 3783676, 3784562, 3783750]","[3676070, 3676958, 3676672, 3676148]",0.00023413967938191354,0.00024153656422941404
bicycle,atae_snugbox,18,_DSC8824,3581026,3468138,111.69983127740485,115.33566426710817,1.0325500311694633,882677,854455,28222,0.03197319064618201,4783998,4608617,"[3580918, 3581026, 3580912, 3580976]","[3468138, 3468024, 3468088, 3468030]",3.18350564290338e-05,3.287130882594642e-05
bicycle,atae_snugbox,19,_DSC8832,3137744,3113338,127.48012584838024,128.4794648059414,1.0078391745451345,771787,765685,6102,0.00790632648645287,4222073,4193681,"[3137426, 3137338, 3137744, 3137084]","[3113020, 3112676, 3113338, 3112926]",0.00021036540470797775,0.000212657284475697
bicycle,atae_snugbox,20,_DSC8840,3600508,3591218,111.09543431093613,111.38282332066726,1.0025868660716224,887429,885107,2322,0.0026165473519571708,5187513,5174464,"[3599536, 3599676, 3600144, 3600508]","[3590386, 3590252, 3590856, 3591218]",0.00027000255002408355,0.000269029971498419
bicycle,atae_snugbox,21,_DSC8848,3111104,3100964,128.5717224496513,128.99214566825026,1.00326995089269,765140,762606,2534,0.003311812217371984,4007269,3994642,"[3110972, 3111104, 3110586, 3110578]","[3100836, 3100446, 3100964, 3100450]",0.00016908779385433375,0.0001670604520178516
bicycle,atae_snugbox,22,_DSC8856,3603268,3545500,111.01033839281452,112.81906642222536,1.0162933295726977,888157,873715,14442,0.01626063860331,4745322,4656971,"[3602574, 3602492, 3603178, 3603268]","[3545500, 3544806, 3544728, 3545406]",0.00021538336851816797,0.00021776475201051588
bicycle,atae_snugbox,23,_DSC8864,3659626,3643202,109.30078647380907,109.79352778133082,1.0045081222507015,902124,898016,4108,0.004553697717830364,4442216,4420518,"[3658530, 3658344, 3659626, 3658484]","[3642058, 3643202, 3641908, 3642088]",0.00035039327682216806,0.00035526865613453424
bicycle,atae_snugbox,24,_DSC8872,3686342,3577112,108.50865166606897,111.82205086114162,1.0305358065389063,908947,881647,27300,0.03003475450163761,4758022,4602036,"[3685500, 3686342, 3686304, 3686006]","[3577068, 3576334, 3577112, 3576838]",0.00022842954955971695,0.0002175105498208194
drjohnson,atae_snugbox,0,IMG_6292,1706276,1660450,234.4286621859535,240.89855159745852,1.0275985425637628,417679,406234,11445,0.027401425496613428,3046133,2946164,"[1706276, 1704700, 1705694, 1704794]","[1658998, 1660450, 1658948, 1659948]",0.0009241417971274201,0.0009050449931488938
drjohnson,atae_snugbox,1,IMG_6301,930020,926244,430.09827745639876,431.8516503210817,1.004076679579031,223815,222871,944,0.004217769139691263,1729392,1721679,"[929650, 929980, 930020, 929990]","[926204, 925872, 926216, 926244]",0.0003978879676527836,0.00040166973677675154
drjohnson,atae_snugbox,2,IMG_6313,4449612,2982148,89.89547852711652,134.13150521033833,1.4920828879049597,1103607,736772,366835,0.3323964056045313,6043524,4248905,"[4448510, 4448588, 4449602, 4449612]","[2981438, 2981990, 2981376, 2982148]",0.00024769176894628503,0.0002589094011613361
drjohnson,atae_snugbox,3,IMG_6322,1448396,1389976,276.16756743321577,287.7747529453746,1.042029502667672,353275,338753,14522,0.04110678649777086,2924230,2791378,"[1447578, 1447744, 1448396, 1447282]","[1389706, 1389570, 1389396, 1389976]",0.0007694698670350544,0.0004173676764565772
drjohnson,atae_snugbox,4,IMG_6332,1489320,1401306,268.5789487819945,285.4480035053015,1.062808551451289,363649,341622,22027,0.06057214511795715,2941276,2763518,"[1489198, 1489180, 1489320, 1489286]","[1401306, 1401188, 1401062, 1400996]",9.400730302448353e-05,0.00022124872781981503
drjohnson,atae_snugbox,5,IMG_6340,1622692,1559264,246.5039576210396,256.53128655570833,1.0406781661091387,396901,381026,15875,0.0399973796992197,3100994,2983627,"[1622260, 1622042, 1622022, 1622692]","[1559264, 1558772, 1558490, 1558490]",0.0004130056082463042,0.0004965504499106337
drjohnson,atae_snugbox,6,IMG_6349,3804960,2904362,105.12594087717085,137.7238787726874,1.3100846244373119,942200,717056,225144,0.23895563574612608,5261574,4141333,"[3802426, 3804946, 3804960, 3801468]","[2904306, 2901974, 2904362, 2900854]",0.0009181138177181244,0.0012084575493114755
drjohnson,atae_snugbox,7,IMG_6358,2207272,2086416,181.21917008868866,191.71632119385586,1.0579251692855116,542985,512829,30156,0.05553744578579519,3852671,3603221,"[2206462, 2206214, 2206412, 2207272]","[2086094, 2086416, 2085742, 2085612]",0.00047947285177581697,0.0003854329361072999
drjohnson,atae_snugbox,8,IMG_6366,1933054,1555748,206.92644902832512,257.1110488331015,1.2425238534775556,474180,380036,94144,0.19854063857606816,3957909,3205888,"[1930870, 1933054, 1931088, 1930468]","[1554236, 1554214, 1555748, 1554978]",0.001338945929573308,0.0009866258809848765
drjohnson,atae_snugbox,9,IMG_6374,1226990,1218492,326.00102690323473,328.27462141729285,1.0069741943320103,297959,295835,2124,0.00712849754496424,2350834,2334460,"[1226990, 1226316, 1226288, 1226350]","[1217848, 1218492, 1217824, 1217796]",0.0005723669083870505,0.0005714332629988752
drjohnson,atae_snugbox,10,IMG_6382,2088556,1865048,191.51988263661593,214.47169188138858,1.1198403472725635,513335,457458,55877,0.10885094528913868,3887804,3434678,"[2088556, 2087994, 2087124, 2088286]","[1863618, 1864484, 1865048, 1864778]",0.0006858270394015297,0.0007669690562848018
drjohnson,atae_snugbox,11,IMG_6392,1738836,1466714,230.038945593489,272.7184713584243,1.185531739657493,425006,356270,68736,0.16172948146614402,2666385,2257494,"[1733484, 1735364, 1738836, 1731012]","[1456916, 1459456, 1466714, 1455834]",0.0045103575657443416,0.007453433169147719
drjohnson,atae_snugbox,12,IMG_6401,2330664,1990358,171.62491032598436,200.9688709267378,1.170977281473986,573853,488769,85084,0.14826793621362963,3935978,3307355,"[2330276, 2329844, 2329464, 2330664]","[1990358, 1988950, 1990012, 1989584]",0.0005150077551584465,0.0007076351216197607
drjohnson,atae_snugbox,13,IMG_6410,1540550,1450982,259.6475284800883,275.67537019756276,1.0617292288946383,376247,353859,22388,0.059503464479451,2878819,2685946,"[1539318, 1539420, 1540550, 1539264]","[1450982, 1449686, 1449838, 1449838]",0.0008352612757024703,0.0008937400954150305
drjohnson,atae_snugbox,14,IMG_6421,2809254,2360610,142.3865552919031,169.44772749416464,1.19005426563473,693483,581351,112132,0.16169394202886012,4505195,3695357,"[2809128, 2807084, 2809254, 2808862]","[2360566, 2358592, 2360610, 2360448]",0.0007726318832777536,0.0008550651807119668
drjohnson,atae_snugbox,15,IMG_6434,1226414,1213784,326.15413718369166,329.5479261549007,1.010405475768341,297830,294668,3162,0.010616794815834536,2639282,2613572,"[1225512, 1226054, 1226414, 1225900]","[1213242, 1213412, 1212850, 1213784]",0.0007357439415320114,0.0007697874101021823
drjohnson,atae_snugbox,16,IMG_6442,1107292,1095624,361.2416598331786,365.0887530758727,1.0106496389272233,268083,265154,2929,0.010925720765583792,2366772,2339526,"[1106806, 1107186, 1106644, 1107292]","[1095624, 1094998, 1094924, 1095518]",0.0005853753719572676,0.0006391141512655373
drjohnson,atae_snugbox,17,IMG_6450,1741126,1623638,229.73638898046437,246.36033401534087,1.0723609573069859,426456,397095,29361,0.0688488378636952,3018860,2798215,"[1739906, 1740290, 1741126, 1740574]","[1622768, 1623368, 1622346, 1623638]",0.0007009584745305015,0.0007960419708816226
drjohnson,atae_snugbox,18,IMG_6459,1452078,1403500,275.46729583397035,285.00178126113286,1.0346120413252582,354281,342112,12169,0.034348440926834915,2742634,2632471,"[1452078, 1451434, 1451950, 1451634]","[1403500, 1402852, 1402888, 1403152]",0.000443595215233225,0.0004618351676076796
drjohnson,atae_snugbox,19,IMG_6471,3053706,2425544,130.98837936592454,164.9114590376427,1.2589777798300092,754581,597531,157050,0.20812874959745872,4131283,3419620,"[3052690, 3052942, 3053706, 3052558]","[2425544, 2424364, 2424412, 2424776]",0.0003760267856850402,0.0004866432912923019
drjohnson,atae_snugbox,20,IMG_6483,2275420,1557858,175.79172196781255,256.76281150143336,1.460608091366479,560149,380759,179390,0.3202540752549768,4494535,3309740,"[2275374, 2275136, 2275054, 2275420]","[1557816, 1557578, 1557492, 1557858]",0.0001608617266001127,0.0002349639144217769
drjohnson,atae_snugbox,21,IMG_6491,1333342,1302112,299.9980500126749,307.1932368336979,1.0239841119657909,324593,316795,7798,0.024023931508073186,2664561,2592699,"[1332754, 1332854, 1333342, 1333138]","[1301548, 1301964, 1301696, 1302112]",0.00044110299754992793,0.00043323629045267047
drjohnson,atae_snugbox,22,IMG_6500,1071776,1061066,373.2123130206312,376.97937734316247,1.0100936228283632,259227,256542,2685,0.010357717367403858,2025178,2007200,"[1071656, 1071548, 1071252, 1071776]","[1060872, 1060812, 1060522, 1061066]",0.0004890075945492451,0.0005128118112626294
drjohnson,atae_snugbox,23,IMG_6508,1357396,1333812,294.68187618056925,299.8923386504245,1.017681652286829,330624,324762,5862,0.017730110336817654,2782492,2729788,"[1357042, 1357208, 1356938, 1357396]","[1333668, 1333544, 1333812, 1333768]",0.0003374729026943306,0.00020094504153114125
drjohnson,atae_snugbox,24,IMG_6516,1489580,1392678,268.53206944239315,287.2164276307948,1.0695796156756983,363681,339448,24233,0.06663257085192792,2947294,2748029,"[1489348, 1489182, 1489580, 1489386]","[1392448, 1392218, 1392424, 1392678]",0.0002672263649023012,0.00033035487294982483
drjohnson,atae_snugbox,25,IMG_6525,1557844,1506834,256.7651189721179,265.4572434654381,1.03385243497293,380726,367972,12754,0.033499156873972355,2877865,2759696,"[1557804, 1557516, 1557844, 1557052]","[1506804, 1506474, 1506834, 1506040]",0.0005084895932982099,0.0005270361583975977
drjohnson,atae_snugbox,26,IMG_6534,1274500,1248700,313.8485680659082,320.33314647233124,1.0206614879474654,309793,303378,6415,0.02070737557013877,2306945,2262303,"[1273704, 1273234, 1274500, 1273850]","[1247674, 1248196, 1248078, 1248700]",0.0009938594246291868,0.0008220086815653737
drjohnson,atae_snugbox,27,IMG_6543,1387176,1297658,288.3556232230085,308.2476276491957,1.0689842778297518,338002,315701,22301,0.06597889953313886,2676014,2491180,"[1387176, 1386384, 1386404, 1386668]","[1297658, 1297020, 1297594, 1297544]",0.0005711574158876955,0.0004917322695062792
drjohnson,atae_snugbox,28,IMG_6552,2561224,2296606,156.17532867097918,174.17005790283574,1.1152213309553314,631568,565414,66154,0.10474564892458135,3979038,3525493,"[2560924, 2560728, 2560812, 2561224]","[2296312, 2296606, 2296202, 2296104]",0.00019368024484931598,0.00021861197941389345
drjohnson,atae_snugbox,29,IMG_6560,2938026,2728760,136.14583397151694,146.58672803764347,1.0766890455738138,725707,673385,52322,0.07209796791267,4292795,3943574,"[2937214, 2936684, 2937988, 2938026]","[2728760, 2727276, 2728576, 2728148]",0.00045685448537827346,0.0005439503846872835
drjohnson,atae_snugbox,30,IMG_6569,2288026,1965516,174.8231881980362,203.5089004617617,1.1640841387198069,563297,482668,80629,0.14313763432079346,3763988,3231878,"[2288008, 2288002, 2287316, 2288026]","[1965448, 1964862, 1965516, 1965462]",0.0003103366584522156,0.00033276989724838986
drjohnson,atae_snugbox,31,IMG_6578,1587426,1566620,251.9802497880216,255.32675441396125,1.0132808211308422,388118,382917,5201,0.013400563746077223,2470517,2434240,"[1586580, 1587178, 1587304, 1587426]","[1566620, 1566376, 1566498, 1565778]",0.0005330403081804675,0.0005375664456387527
drjohnson,atae_snugbox,32,IMG_6589,2026484,1973800,197.38621178356206,202.6547775863816,1.0266916607559022,497678,484500,13178,0.0264789683289195,3077188,2978274,"[2025638, 2026484, 2024272, 2025054]","[1972660, 1972242, 1973800, 1971898]",0.0010921504402669744,0.0009641852330621245
garden,atae_snugbox,0,DSC07956,4298846,3962546,93.04822736148259,100.94520038379365,1.0848696772226745,1062324,978249,84075,0.07914252149061868,5442565,4966562,"[4297450, 4298846, 4297526, 4298362]","[3962054, 3961228, 3962546, 3961156]",0.0003247987573888227,0.0003508554056721456
garden,atae_snugbox,1,DSC07964,4390802,3901784,91.09953033637134,102.51720751328111,1.1253318994593242,1085226,962974,122252,0.1126511897061073,6013808,5247047,"[4388730, 4390802, 4389190, 4389894]","[3901784, 3899726, 3900166, 3900908]",0.00047201897917239035,0.000527604914673108
garden,atae_snugbox,2,DSC07972,4286772,3759180,93.3103043502197,106.40618432743311,1.1403476290041976,1059252,927352,131900,0.12452183238738279,5863814,5149330,"[4286772, 4285358, 4286410, 4284492]","[3757712, 3756922, 3758818, 3759180]",0.0005319945736553487,0.0006008262558412924
garden,atae_snugbox,3,DSC07980,4235132,3428958,94.44805970628542,116.6535139829651,1.2351075749542573,1046398,844858,201540,0.19260357913528123,6003210,4817128,"[4234850, 4233650, 4235132, 4233736]","[3428958, 3427558, 3428706, 3427506]",0.00034999534756521795,0.0004235481080059343
garden,atae_snugbox,4,DSC07988,4161930,3802558,96.10925700336142,105.1923468359983,1.094507960167866,1028180,938342,89838,0.08737575132758856,5206550,4700109,"[4161930, 4160532, 4161742, 4161676]","[3802400, 3801168, 3802346, 3802558]",0.000335938983099722,0.0003655857077555194
garden,atae_snugbox,5,DSC07996,4324860,3753928,92.48854298173814,106.55505379964666,1.1520892249398498,1068878,926138,142740,0.13354190094660007,5890903,5103170,"[4324458, 4324014, 4323716, 4324860]","[3753928, 3752732, 3753080, 3753468]",0.00026455381288182815,0.0003186527489661104
garden,atae_snugbox,6,DSC08004,4199680,3552906,95.2453520268211,112.58389611208402,1.1820408420599926,1037515,875823,161692,0.1558454576560339,5633729,4813124,"[4198492, 4199680, 4198036, 4199032]","[3551292, 3551714, 3552906, 3552256]",0.0003915395076223978,0.0004543865190783217
garden,atae_snugbox,7,DSC08012,4084846,3408578,97.92290823203616,117.35098918082555,1.1984017968783462,1008933,839886,169047,0.16755027340764947,5581699,4711607,"[4084778, 4084276, 4084846, 4084028]","[3408578, 3407882, 3408570, 3408146]",0.00020027019338070287,0.00020420773560027392
garden,atae_snugbox,8,DSC08020,4224692,3489892,94.68145843531316,114.6167273944294,1.210550928223567,1043917,860218,183699,0.17597088657431578,5630768,4701778,"[4224202, 4224462, 4224316, 4224692]","[3489518, 3489402, 3489676, 3489892]",0.00011599230947316293,0.00014041635455072212
garden,atae_snugbox,9,DSC08028,4225988,3721284,94.65242210815553,107.4897804091276,1.1356263053290208,1044120,917944,126176,0.12084434739301995,5379338,4728447,"[4225988, 4224358, 4224830, 4225744]","[3721038, 3720122, 3721284, 3719660]",0.0003857778156455388,0.000436497419988464
garden,atae_snugbox,10,DSC08036,4062622,3489400,98.4585816745934,114.63288817561758,1.1642752335645097,1003373,860067,143306,0.14282425379195973,5288116,4554313,"[4062622, 4062446, 4061298, 4062602]","[3488064, 3489400, 3489238, 3489370]",0.0003259283912676793,0.00038291576598343716
garden,atae_snugbox,11,DSC08044,4069774,3396114,98.28555590556134,117.781676351265,1.198362010226983,1005101,836684,168417,0.16756226488681236,5486037,4654255,"[4069774, 4068880, 4068382, 4069580]","[3396114, 3395220, 3395890, 3394720]",0.00034208584880296986,0.00041054505894001623
garden,atae_snugbox,12,DSC08052,4145476,3517182,96.49072868833399,113.72741018235621,1.1786356236327833,1024070,866995,157075,0.15338306951673225,5422221,4633561,"[4144474, 4145434, 4144736, 4145476]","[3517182, 3516430, 3517138, 3516170]",0.00024173528297744527,0.0002877673293087613
garden,atae_snugbox,13,DSC08060,4078524,3617078,98.07469564970073,110.58650103757785,1.1275742463944654,1007257,891901,115356,0.11452489285256891,5222107,4632544,"[4078524, 4077524, 4077922, 4077142]","[3615716, 3616522, 3617078, 3616100]",0.00033891006327465596,0.00037662242136693474
garden,atae_snugbox,14,DSC08068,4009772,3496904,99.75629537041009,114.38689766719361,1.1466634485819456,990067,861851,128216,0.1295023468108724,5054624,4462071,"[4008762, 4009772, 4008844, 4008694]","[3496904, 3495988, 3495880, 3495844]",0.0002688937789753002,0.00030319030569019554
garden,atae_snugbox,15,DSC08076,4059756,3397358,98.52808888021842,117.73854860158983,1.1949744477914896,1002557,836956,165601,0.1651786382220662,5349745,4523387,"[4058734, 4059030, 4059756, 4058392]","[3396624, 3395986, 3396328, 3397358]",0.0003360451818167036,0.0004039364371275291
garden,atae_snugbox,16,DSC08084,3922062,3461216,101.98716899426883,115.56632120041048,1.1331456921498109,968141,852926,115215,0.1190064257169152,4901940,4350745,"[3921212, 3922062, 3921020, 3920962]","[3460170, 3460092, 3461216, 3460338]",0.0002805182140476381,0.0003248128713746809
garden,atae_snugbox,17,DSC08092,3886410,3387208,102.92274875785108,118.09136019990505,1.1473786079862824,959356,834553,124803,0.1300903939726233,5006681,4351304,"[3886030, 3886282, 3886410, 3885974]","[3386768, 3386810, 3387208, 3387062]",0.00011219260897736437,0.00012990993108278156
garden,atae_snugbox,18,DSC08100,3977782,3442832,100.55855247974877,116.18342109054406,1.1553808027809664,982204,848466,133738,0.13616112335115718,5135112,4485014,"[3977396, 3977782, 3977522, 3977564]","[3442440, 3442612, 3442572, 3442832]",9.704427280402136e-05,0.00011386696272076975
garden,atae_snugbox,19,DSC08108,4066348,3445916,98.36836394720767,116.07944012564438,1.1800484979900845,1004361,849252,155109,0.15443550675504125,5408399,4613577,"[4066106, 4066064, 4066258, 4066348]","[3445624, 3445670, 3445916, 3445822]",6.984418352887246e-05,8.474187682361908e-05
garden,atae_snugbox,20,DSC08116,3984408,3604360,100.39132538635602,110.97670598941282,1.1054411878946608,983802,888791,95011,0.09657532714916213,4730016,4269140,"[3984408, 3983540, 3983828, 3984056]","[3603792, 3603492, 3604012, 3604360]",0.00021787378280594324,0.000240849254449468
garden,atae_snugbox,21,DSC08124,3795432,3398898,105.38984758520242,117.68520267451392,1.1166654603933392,936584,837450,99134,0.10584635227593041,4537874,4043275,"[3794928, 3794774, 3795210, 3795432]","[3398388, 3398898, 3398242, 3398672]",0.0001733821051749552,0.0001930234953141781
garden,atae_snugbox,22,DSC08132,3966328,3465418,100.84894643105663,115.42619101072367,1.144545333347954,979374,854148,125226,0.12786330860325065,4994203,4382699,"[3966110, 3966328, 3966270, 3966276]","[3465376, 3465370, 3465204, 3465418]",5.496381212864759e-05,6.175436652428533e-05
garden,atae_snugbox,23,DSC08140,3919514,3544734,102.05346887394712,112.84344608086249,1.105728666805464,967621,873926,93695,0.09683026722239389,4705007,4285478,"[3919514, 3918850, 3919496, 3919076]","[3544296, 3544734, 3544070, 3544716]",0.00016942086132137044,0.00018733491815664698
hotdog,atae_snugbox,0,r_0,407260,392174,982.1735500662967,1019.9554279477986,1.0384676189650512,99767,96016,3751,0.03759760241362374,617515,587724,"[407048, 407260, 406984, 407080]","[391950, 392082, 392174, 392150]",0.0006779777593817628,0.0005712988632682886
hotdog,atae_snugbox,1,r_1,407600,392764,981.3542688910696,1018.423277082421,1.037773319346987,99832,96157,3675,0.03681184389774822,619129,590351,"[407434, 407222, 407216, 407600]","[392544, 392648, 392716, 392764]",0.0009426366332161584,0.0005602697444151293
hotdog,atae_snugbox,2,r_2,408462,394028,979.2832625801176,1015.1562833098155,1.0366319144832348,100084,96457,3627,0.03623955877063267,619934,591139,"[408302, 408414, 408296, 408462]","[394028, 393748, 393878, 393788]",0.00040649560384799514,0.0007109116044894068
hotdog,atae_snugbox,3,r_3,409892,394600,975.8668136972666,1013.6847440446021,1.0387531677648252,100431,96606,3825,0.03808584998655794,621386,591386,"[409892, 409538, 409874, 409722]","[394274, 394600, 394506, 394446]",0.0008639277229281293,0.000826453614023346
hotdog,atae_snugbox,4,r_4,410998,395728,973.2407456970593,1010.7952937371124,1.0385871103384143,100660,96838,3822,0.03796940194714882,619800,589461,"[410998, 410386, 410800, 410446]","[395030, 395728, 395222, 395498]",0.001490293005728618,0.0017654371417117406
hotdog,atae_snugbox,5,r_5,411952,395688,970.9869110964385,1010.897474778108,1.0411030913244779,100905,96848,4057,0.040206134482929486,622484,590517,"[411444, 411850, 411952, 411424]","[395156, 395674, 395240, 395688]",0.0012825884967844195,0.0013453385410410442
hotdog,atae_snugbox,6,r_6,414174,397934,965.7776683229754,1005.1918157282363,1.0408107877185664,101461,97408,4053,0.0399463833394112,622897,591209,"[414174, 413584, 413918, 413890]","[397770, 397426, 397588, 397934]",0.0014254943626530142,0.0012774105781162971
hotdog,atae_snugbox,7,r_7,416276,399318,960.900940722021,1001.7079119899429,1.0424674069288136,101989,97749,4240,0.04157311082567728,628197,595023,"[415652, 416216, 416276, 415870]","[399244, 398960, 399318, 398652]",0.001499987379913871,0.0016689909746681753
hotdog,atae_snugbox,8,r_8,418184,401294,956.5167486082681,996.7754314791649,1.0420888425942076,102488,98276,4212,0.04109749434080087,629388,596470,"[418140, 418184, 417818, 417886]","[401270, 401294, 401046, 401026]",0.0008755834232441084,0.0006680642837378696
hotdog,atae_snugbox,9,r_9,419758,403142,952.930021583865,992.206220140794,1.0412162463846486,102901,98743,4158,0.04040777057560179,634074,601661,"[419574, 419750, 419758, 419434]","[402782, 402932, 403132, 403142]",0.000772110602460745,0.0008933068980662387
hotdog,atae_snugbox,10,r_10,419974,402608,952.439912946992,993.5222350276199,1.043133767833724,102975,98625,4350,0.04224326292789512,637906,603393,"[419880, 419974, 419968, 419908]","[402562, 402478, 402482, 402608]",0.0002238454989790026,0.0003229552893244645
hotdog,atae_snugbox,11,r_11,421654,403344,948.6450976392966,991.7093101670039,1.0453954936728946,103326,98787,4539,0.043928923988154,642031,606710,"[421196, 421206, 421200, 421654]","[403344, 403098, 403212, 402978]",0.0010870751980707975,0.0009078326611402974
hotdog,atae_snugbox,12,r_12,422380,404096,947.014536673138,989.8637947418435,1.0452466740576496,103551,98968,4583,0.04425838475726936,645930,610101,"[421954, 422172, 422380, 422350]","[403564, 404016, 403852, 404096]",0.0010089670167261152,0.0013172164146953813
hotdog,atae_snugbox,13,r_13,423464,404400,944.5903311733701,989.1196834817013,1.047141444114738,103809,99041,4768,0.045930506988796735,652757,615547,"[423424, 422994, 423464, 422982]","[404376, 403890, 403910, 404400]",0.0011388983403273977,0.0012619264420602558
hotdog,atae_snugbox,14,r_14,423378,402306,944.782204082404,994.2680447221767,1.0523780405959642,103821,98561,5260,0.050664123828512535,659733,618729,"[423218, 423142, 423378, 423228]","[402112, 402218, 402170, 402306]",0.0005576012749222371,0.00048234529209861224
hotdog,atae_snugbox,15,r_15,423738,403010,943.9795345236915,992.5312026996849,1.0514329669238978,103849,98668,5181,0.04988974376257836,666142,625092,"[423738, 423448, 423114, 423114]","[403010, 402386, 402700, 402422]",0.0014739455325159707,0.0015498119238654892
hotdog,atae_snugbox,16,r_16,425496,403268,940.0793426965236,991.8962079807969,1.055119672277493,104280,98714,5566,0.053375527426160335,674047,630331,"[424890, 425094, 424920, 425496]","[403268, 402572, 402672, 402832]",0.001425546930134086,0.0017277502507223783
hotdog,atae_snugbox,17,r_17,426862,403642,937.0709971841017,990.9771530217371,1.057526223732912,104588,98779,5809,0.05554174475083184,681609,635675,"[426028, 426862, 426216, 426162]","[403642, 402976, 402780, 402926]",0.00195629074139666,0.002138527988171112
hotdog,atae_snugbox,18,r_18,429308,404358,931.7319966084955,989.2224217154106,1.0617027485544988,105246,99012,6234,0.05923265492275241,693980,643442,"[429146, 428724, 428558, 429308]","[404358, 403762, 404236, 403636]",0.001748520751444278,0.001787137560086931
hotdog,atae_snugbox,19,r_19,429402,404630,931.5280320073032,988.5574475446705,1.0612213627264415,105318,99130,6188,0.0587553884426214,705871,655963,"[429008, 429140, 429402, 429248]","[404502, 404374, 404284, 404630]",0.0009179880218872575,0.0008554880423293505
hotdog,atae_snugbox,20,r_20,429100,403640,932.1836401771149,990.9820632246557,1.0630760083242494,105264,98894,6370,0.06051451588387293,713886,662382,"[429000, 428776, 429088, 429100]","[403306, 403558, 403540, 403640]",0.0007552605998727246,0.0008277345599004736
hotdog,atae_snugbox,21,r_21,427502,400764,935.668137225089,998.0936411454122,1.0667175694423652,104878,98188,6690,0.06378840176204734,726815,671845,"[427478, 427260, 427458, 427502]","[400648, 400690, 400556, 400764]",0.0005661818636975653,0.0005191375826907549
hotdog,atae_snugbox,22,r_22,428806,400800,932.8227683381295,998.003992015968,1.069875249500998,105186,98202,6984,0.06639666875819976,737940,679728,"[428534, 428806, 428444, 428692]","[400800, 400600, 400558, 400774]",0.0008445729190726496,0.0006039687234047864
hotdog,atae_snugbox,23,r_23,428494,399532,933.5019860254753,1001.1713705034891,1.0724898130813052,105143,97866,7277,0.06921050379007637,752561,691109,"[428354, 428360, 428460, 428494]","[399532, 399182, 399168, 399354]",0.0003267844179852807,0.0009115747453726312
hotdog,atae_snugbox,24,r_24,430506,399492,929.1391989890966,1001.2716149509878,1.077633594665225,105622,97889,7733,0.073213913767965,760838,695659,"[430488, 430196, 430202, 430506]","[399414, 399492, 399354, 399404]",0.0007203472538503722,0.0003455044364772568
hotdog,atae_snugbox,25,r_25,431476,400684,927.0504037304509,998.2929191083248,1.0768485889129589,105852,98131,7721,0.07294146544231568,767231,700737,"[431476, 431222, 431134, 431150]","[400190, 400236, 400684, 400336]",0.0007930517535835157,0.0012338848765428244
hotdog,atae_snugbox,26,r_26,430044,400100,930.1373812912167,999.7500624843789,1.0748412896775805,105481,98008,7473,0.07084688237692097,763889,698289,"[430044, 429508, 429534, 429840]","[400022, 399466, 399770, 400100]",0.001247290459275152,0.0015856362365399116
hotdog,atae_snugbox,27,r_27,431990,399300,925.9473598925902,1001.7530678687704,1.0818682694715753,105963,97798,8165,0.0770551985126884,760266,690626,"[431990, 431186, 431968, 431464]","[398456, 399090, 399122, 399300]",0.0018626115481915988,0.002115330633195653
hotdog,atae_snugbox,28,r_28,430468,398728,929.221219695773,1003.1901446600189,1.0796031379787725,105620,97700,7920,0.07498579814429085,751377,683219,"[430468, 430316, 429958, 430258]","[398506, 398728, 398612, 398434]",0.0011853573503776873,0.0007376370524625536
hotdog,atae_snugbox,29,r_29,431828,399166,926.2947284567003,1002.089356307902,1.0818256063893217,105986,97800,8186,0.0772366161568509,746520,674680,"[431632, 431828, 431564, 431622]","[399028, 398550, 399166, 398926]",0.0006115903317761718,0.0015441789342407891
hotdog,atae_snugbox,30,r_30,431822,398994,926.3075989643881,1002.5213411730502,1.0822769264700722,105975,97773,8202,0.07739561217268223,742330,670514,"[431356, 431696, 431566, 431822]","[398716, 398994, 398666, 398832]",0.0010796784133824517,0.0008224632775161609
hotdog,atae_snugbox,31,r_31,432188,399206,925.5231519616464,1001.9889480619029,1.0826189987124442,106104,97769,8335,0.0785550026389203,735026,661730,"[432188, 432074, 431958, 432134]","[398888, 399206, 398382, 398518]",0.0005322983601738996,0.002066465453788541
hotdog,atae_snugbox,32,r_32,432564,399984,924.7186543494142,1000.040001600064,1.0814532581303251,106183,98047,8136,0.07662243485303674,728008,656622,"[432240, 432236, 432564, 432488]","[399474, 399934, 399960, 399984]",0.0007585884703803581,0.0012755165842166078
hotdog,atae_snugbox,33,r_33,433318,401180,923.1095869546153,997.0586769031357,1.0801086793957824,106372,98361,8011,0.07531117211296205,721043,650152,"[432910, 433132, 433318, 432952]","[400814, 401028, 401114, 401180]",0.000942093572058613,0.0009126408234713267
hotdog,atae_snugbox,34,r_34,432360,402096,925.1549634563789,994.7873144721658,1.0752656082129641,106121,98598,7523,0.07089077562405179,712265,645816,"[431860, 431820, 432226, 432360]","[401932, 402096, 401850, 402020]",0.0012498076106340112,0.0006119791180783855
hotdog,atae_snugbox,35,r_35,431104,402548,927.8503562945368,993.6703200612101,1.0709381241491698,105793,98715,7078,0.06690423752044086,705593,641848,"[430564, 430500, 430730, 431104]","[402404, 402548, 402344, 402354]",0.0014022884697759241,0.0005069425030286087
hotdog,atae_snugbox,36,r_36,430682,403320,928.7595023706587,991.768322919766,1.0678419121293266,105744,98927,6817,0.06446701467695566,696721,635015,"[430430, 430402, 430682, 430360]","[403182, 403010, 403290, 403320]",0.0007480222130074558,0.000768848252916353
hotdog,atae_snugbox,37,r_37,431008,402804,928.057019823298,993.0387980258389,1.0700191656488018,105854,98803,7051,0.06661061462013718,688806,625460,"[430714, 431008, 430760, 430972]","[402584, 402804, 402728, 402522]",0.0006823506748657057,0.0007003435905523152
hotdog,atae_snugbox,38,r_38,427948,399214,934.6930000841223,1001.9688688272455,1.071976433692205,105103,97908,7195,0.06845665680332626,682126,617223,"[427800, 427842, 427948, 427788]","[399214, 399004, 399042, 398998]",0.0003739676447868326,0.0005412658855899234
hotdog,atae_snugbox,39,r_39,424126,396452,943.115960822963,1008.9493810095547,1.069804162925146,104181,97270,6911,0.06633647210143884,673044,609519,"[424046, 424044, 424020, 424126]","[396384, 396452, 396446, 396378]",0.0002499652171042237,0.00018667305727583468
hotdog,atae_snugbox,40,r_40,422192,393826,947.4362375412135,1015.6769740951588,1.0720267326179582,103588,96551,7037,0.06793257906321196,669674,605975,"[421716, 421284, 422192, 421346]","[393752, 393826, 393174, 393194]",0.0021535239644763413,0.0016569818786667395
hotdog,atae_snugbox,41,r_41,419088,392084,954.4534799373879,1020.1895512186164,1.0688729966027688,102857,96061,6796,0.06607231398932499,663446,602804,"[418714, 418370, 419088, 418460]","[390962, 391352, 391498, 392084]",0.0017150036545342498,0.0028660907237773136
hotdog,atae_snugbox,42,r_42,416170,390772,961.1456856573035,1023.6147932809924,1.0649944212993767,102197,95836,6361,0.06224253158116187,657851,601667,"[415766, 415840, 416170, 416086]","[390534, 390772, 390152, 390628]",0.0009712343932369391,0.0015876206559690055
hotdog,atae_snugbox,43,r_43,415174,390394,963.4514685409009,1024.6059109515004,1.0634743361834453,101911,95768,6143,0.060278085780730246,652164,595867,"[415174, 415102, 414668, 414132]","[390236, 390394, 390266, 389892]",0.002512241753843706,0.0012865296247792782
hotdog,atae_snugbox,44,r_44,410846,386416,973.6008139302804,1035.1538238582252,1.0632220197921411,100912,94788,6124,0.06068653876644998,648561,592047,"[410742, 410460, 410846, 410834]","[386092, 386376, 386014, 386416]",0.0009398118671943573,0.0010408454150371092
hotdog,atae_snugbox,45,r_45,405094,380860,987.4251408315107,1050.2546867615397,1.0636296801974479,99497,93455,6042,0.060725449008512816,643220,588140,"[405094, 404878, 404904, 405006]","[380860, 380734, 380820, 380796]",0.0005333721838998149,0.0003308801806710828
hotdog,atae_snugbox,46,r_46,400570,376722,998.5770277354769,1061.7909227494015,1.0633039748143194,98277,92341,5936,0.060400704132197766,640289,585915,"[399708, 399614, 399990, 400570]","[376044, 376722, 376644, 375496]",0.0023901762755003182,0.0032586752926760873
hotdog,atae_snugbox,47,r_47,396536,374752,1008.7356507353683,1067.3725557168475,1.0581291093843395,97323,91859,5464,0.05614294668269577,637946,588222,"[396536, 396190, 395810, 395842]","[374140, 374014, 374752, 374048]",0.001832895937711834,0.0019720044837717122
hotdog,atae_snugbox,48,r_48,394232,373166,1014.630978713042,1071.909016362691,1.0564520883467412,96714,91457,5257,0.05435614285418864,635804,587938,"[393634, 394232, 393640, 392678]","[373166, 371730, 372562, 372614]",0.003948712475796984,0.0038548472825474206
hotdog,atae_snugbox,49,r_49,390774,369156,1023.6095543715805,1083.5527527657684,1.058560608523226,95959,90586,5373,0.05599266353338405,633230,584649,"[390380, 390632, 389988, 390774]","[368948, 369156, 369004, 368698]",0.0020130953646302218,0.001241355571125202
hotdog,atae_snugbox,50,r_50,387228,366210,1032.9831520447901,1092.2694628764916,1.0573932989268453,95070,89898,5172,0.0544020195645314,630823,584767,"[386440, 386416, 387136, 387228]","[366210, 365980, 366182, 366096]",0.0020992489755820116,0.0006282144778854846
hotdog,atae_snugbox,51,r_51,383200,361658,1043.8413361169103,1106.0172870501965,1.0595645609940882,93999,88671,5328,0.05668145405802189,626716,579617,"[381642, 382450, 382372, 383200]","[360880, 360336, 361658, 361542]",0.004074097318103845,0.0036609951703664317
hotdog,atae_snugbox,52,r_52,380880,362000,1050.1995379122034,1104.9723756906078,1.0521546961325967,93572,88870,4702,0.05025007480870346,625267,583556,"[380864, 380880, 380020, 380558]","[361342, 362000, 361936, 361812]",0.002259705896649986,0.0018188226026024643
hotdog,atae_snugbox,53,r_53,380136,360108,1052.2549824273417,1110.7778777477868,1.0556166483388316,93418,88423,4995,0.053469352801387315,625044,581589,"[380136, 380048, 380038, 379456]","[359574, 360012, 360064, 360108]",0.0017898528504064677,0.0014835826576410757
hotdog,atae_snugbox,54,r_54,378184,358506,1057.6862056565058,1115.7414380791395,1.0548889000463033,92933,87997,4936,0.053113533405786964,623502,580946,"[377698, 377896, 378184, 377720]","[358506, 357870, 358228, 357918]",0.0012861412982352607,0.0017758889566791994
hotdog,atae_snugbox,55,r_55,376432,356440,1062.608917414035,1122.2085063404782,1.056087981146897,92525,87515,5010,0.05414752769521751,623571,580428,"[376432, 376124, 376254, 375680]","[355716, 356440, 356228, 355946]",0.0019993486164746857,0.0020332366797020354
hotdog,atae_snugbox,56,r_56,379350,359440,1054.4352181362858,1112.8421989761853,1.0553917204540397,93267,88296,4971,0.053298594358133104,627613,585044,"[378972, 379350, 378722, 379018]","[358758, 359046, 359282, 359440]",0.0016569243210370025,0.0018990258442938032
hotdog,atae_snugbox,57,r_57,375716,355846,1064.633925624674,1124.0817657076375,1.0558387617115268,92447,87483,4964,0.05369563101020044,627099,585759,"[375678, 375716, 375684, 375504]","[355716, 355846, 355750, 355846]",0.0005643618784199465,0.0003653845883591281
hotdog,atae_snugbox,58,r_58,376618,355152,1062.0841276837539,1126.2783258998963,1.060441726359418,92641,87316,5325,0.05747994948241059,626935,581312,"[376402, 376618, 375710, 376326]","[355110, 354900, 355152, 354694]",0.0024131992430846427,0.0012902716895234446
hotdog,atae_snugbox,59,r_59,376606,354238,1062.117969442866,1129.1843336965544,1.0631439879403113,92701,87055,5646,0.06090549185014185,631663,583644,"[376358, 376214, 376298, 376606]","[353772, 353514, 353616, 354238]",0.0010415310506444472,0.002046440634848849
hotdog,atae_snugbox,60,r_60,378082,354354,1057.9715511449897,1128.814688136722,1.0669612873002703,93091,87162,5929,0.0636903674898755,633691,584001,"[378082, 377814, 377566, 377924]","[354192, 354114, 354354, 353862]",0.0013656339280633803,0.001389318344508592
hotdog,atae_snugbox,61,r_61,376590,350190,1062.1630951432592,1142.2370713041491,1.075387646706074,92669,86079,6590,0.07111331729057183,637260,581725,"[375678, 376022, 376590, 375954]","[349562, 349702, 350190, 349350]",0.0024251384748750866,0.002402052038741668
hotdog,atae_snugbox,62,r_62,377164,348946,1060.5466057205883,1146.309171046523,1.0808663804714769,92915,85844,7071,0.07610181348544369,642496,582385,"[376898, 376630, 377158, 377164]","[348946, 348684, 348332, 348752]",0.0014165865304904333,0.0017609344998329407
hotdog,atae_snugbox,63,r_63,378116,346674,1057.8764188767468,1153.8217460784483,1.0906961583504964,93149,85273,7876,0.08455270587982694,650387,583110,"[377652, 377668, 378116, 377708]","[346108, 346674, 346116, 346230]",0.0012282085625195216,0.0016345059806747101
hotdog,atae_snugbox,64,r_64,374374,339218,1068.450266311229,1179.182708464763,1.103638368246968,92259,83477,8782,0.09518854529097433,654065,578288,"[373930, 374340, 374374, 373960]","[339218, 339206, 338846, 338822]",0.0011866866585950593,0.0011680623438527769
hotdog,atae_snugbox,65,r_65,375948,336514,1063.976932980093,1188.6578270146265,1.117183831876237,92651,82860,9791,0.10567613949120895,658919,574718,"[375500, 375948, 375506, 375502]","[336402, 336440, 336444, 336514]",0.00119271379661035,0.00033288750185763116
hotdog,atae_snugbox,66,r_66,376390,335388,1062.7274901033502,1192.6485145562751,1.122252435984591,92785,82554,10231,0.11026566794201649,663879,577185,"[376390, 376042, 375976, 375952]","[335150, 335066, 335388, 335060]",0.0011646148528277806,0.0009786195497156632
hotdog,atae_snugbox,67,r_67,372610,328130,1073.5084941359598,1219.0290433669581,1.1355560296224056,91913,80777,11136,0.12115805163578601,667441,571812,"[372610, 372396, 372576, 372406]","[327872, 328130, 327872, 327938]",0.0005745012711511771,0.0007866980939341918
hotdog,atae_snugbox,68,r_68,371898,324392,1075.5637298399024,1233.0760314681004,1.146446274877309,91692,79834,11858,0.1293242594773808,675082,573312,"[371898, 371064, 371636, 371434]","[324200, 323960, 323752, 324392]",0.0022449045511805936,0.001974845406633012
hotdog,atae_snugbox,69,r_69,374260,321964,1068.7757174157002,1242.374923904536,1.162428097551279,92292,79274,13018,0.14105231222641182,680911,571066,"[373598, 373842, 373602, 374260]","[321616, 321964, 321798, 321636]",0.0017708797286434446,0.0010815733162187824
hotdog,atae_snugbox,70,r_70,369958,312448,1081.2038123246423,1280.2130274477672,1.1840626280213027,91281,76926,14355,0.15726164262004141,679810,558553,"[369742, 369958, 369740, 369446]","[312174, 312348, 312448, 312236]",0.0013848261461667768,0.0008773572973552801
hotdog,atae_snugbox,71,r_71,365756,307320,1093.6252583689673,1301.5749056358193,1.1901470779643368,90287,75665,14622,0.16195022539235993,686849,560436,"[365756, 365670, 365634, 365652]","[307146, 307150, 307144, 307320]",0.00033362685203922575,0.0005729353169048472
hotdog,atae_snugbox,72,r_72,365492,301916,1094.415199238287,1324.8718186515455,1.2105751268564766,90212,74347,15865,0.17586352148272957,690484,551735,"[365044, 365324, 365112, 365492]","[301740, 301734, 301742, 301916]",0.0012265806599989597,0.0006030823472495138
hotdog,atae_snugbox,73,r_73,363566,295996,1100.2128911944462,1351.3696131028798,1.228280111893404,89721,72849,16872,0.18804962049018625,690272,541571,"[363566, 362946, 363530, 362924]","[295920, 295542, 295996, 295556]",0.0017674191963198038,0.0015350621378952404
hotdog,atae_snugbox,74,r_74,356536,288150,1121.9063432584649,1388.165885823356,1.23732778066979,88060,70960,17100,0.19418578242107654,683985,532754,"[356524, 356536, 356514, 356516]","[288106, 288112, 288122, 288150]",6.170718538100681e-05,0.00015271282180322605
hotdog,atae_snugbox,75,r_75,354648,286932,1127.8789109201236,1394.0585225767777,1.2360001672870227,87597,70665,16932,0.1932942909003733,683942,533938,"[354648, 354470, 354466, 354648]","[286772, 286760, 286932, 286856]",0.0005133151698734763,0.0005996583342049298
hotdog,atae_snugbox,76,r_76,353824,280750,1130.5055620873654,1424.7551202137133,1.260281389136242,87334,69074,18260,0.20908237341699681,683146,521300,"[353352, 353824, 353326, 353342]","[280322, 280750, 280298, 280314]",0.001408924888460113,0.0016118621643885444
hotdog,atae_snugbox,77,r_77,350012,276574,1142.8179605270677,1446.2675450331558,1.2655274899303621,86478,68089,18389,0.21264367816091953,676423,511956,"[349982, 350008, 349996, 350012]","[276422, 276574, 276396, 276382]",8.571440816344023e-05,0.0006945361348702357
hotdog,atae_snugbox,78,r_78,344226,272678,1162.027272780092,1466.9316923257468,1.2623900718063064,85039,67153,17886,0.21032702642317055,664223,506193,"[344222, 344188, 344226, 344188]","[272634, 272662, 272674, 272678]",0.00011039900524685799,0.00016137195502123508
hotdog,atae_snugbox,79,r_79,339416,266732,1178.494826407712,1499.632590015446,1.2724982379317067,83866,65696,18170,0.21665514034292802,655415,495525,"[339372, 339416, 339382, 339406]","[266698, 266732, 266706, 266720]",0.00012964283399235108,0.00012747737276633397
hotdog,atae_snugbox,80,r_80,337082,265398,1186.6548792281997,1507.170363001982,1.2701000007535852,83287,65367,17920,0.215159628753587,646718,489014,"[337050, 337082, 337036, 337024]","[265352, 265376, 265346, 265398]",0.0001720823146851487,0.00019595429742847668
hotdog,atae_snugbox,81,r_81,334246,262002,1196.723371409082,1526.705903008374,1.2757383531423425,82597,64537,18060,0.2186520091528748,636314,476848,"[334240, 334246, 334216, 334210]","[261982, 261968, 262000, 262002]",0.00010771090393384157,0.00012977693634822968
hotdog,atae_snugbox,82,r_82,329248,258704,1214.8896880163281,1546.1685942235142,1.272682293277259,81357,63723,17634,0.21674840517718205,620017,464548,"[329248, 329234, 329208, 329232]","[258702, 258694, 258704, 258678]",0.00012149542645654033,0.00010050464930642128
hotdog,atae_snugbox,83,r_83,322328,254876,1240.9719292149612,1569.3906056278347,1.2646463378270218,79635,62775,16860,0.2117159540403089,606257,457233,"[322286, 322294, 322312, 322328]","[254854, 254856, 254874, 254876]",0.00013031135104947178,8.632020873795932e-05
hotdog,atae_snugbox,84,r_84,317292,250884,1260.6684063890675,1594.362334784203,1.2646960348208733,78397,61794,16603,0.21178106305088204,594042,446667,"[317292, 317252, 317278, 317290]","[250840, 250884, 250870, 250870]",0.00012607240338126185,0.00017539244058581075
hotdog,atae_snugbox,85,r_85,312316,248796,1280.7541080188014,1607.74288975707,1.2553095708934228,77168,61286,15882,0.20581069873522703,581037,438707,"[312316, 312308, 312312, 312302]","[248796, 248772, 248784, 248774]",4.4827326738379716e-05,9.647019573400755e-05
hotdog,atae_snugbox,86,r_86,307028,244040,1302.8127727764243,1639.0755613833799,1.2581052286510408,75859,60113,15746,0.20756930621284225,568076,426152,"[307028, 307004, 307008, 307014]","[244030, 244024, 244024, 244040]",7.81724582143782e-05,6.55658434738423e-05
hotdog,atae_snugbox,87,r_87,301970,239418,1324.6348975063747,1670.7181582003025,1.2612669055793633,74599,58959,15640,0.2096542849099854,553758,413325,"[301970, 301942, 301938, 301954]","[239376, 239418, 239390, 239380]",0.00010597745991899348,0.00017544519217514443
hotdog,atae_snugbox,88,r_88,296442,237688,1349.3364637939294,1682.8783952071624,1.247189593080004,73226,58539,14687,0.200570835495589,537152,407941,"[296414, 296442, 296438, 296422]","[237684, 237670, 237688, 237682]",9.445769475995938e-05,7.573175811276459e-05
hotdog,atae_snugbox,89,r_89,290764,235120,1375.6861234540727,1701.2589316093909,1.2366621299761824,71817,57906,13911,0.193700655833577,519253,399046,"[290736, 290764, 290752, 290710]","[235088, 235112, 235120, 235066]",0.00018573263786778933,0.00022969291333558772
hotdog,atae_snugbox,90,r_90,285722,233370,1399.9622010205724,1714.0163688563225,1.2243304623559155,70570,57483,13087,0.1854470738274054,506073,393504,"[285722, 285686, 285682, 285710]","[233358, 233338, 233342, 233370]",0.0001400070003500175,0.00013713188659192978
hotdog,atae_snugbox,91,r_91,280146,232230,1427.8269188209006,1722.4303492227532,1.2063299315333935,69195,57217,11978,0.17310499313534214,491731,391277,"[280134, 280102, 280146, 280118]","[232214, 232230, 232190, 232218]",0.0001570727353859884,0.00017225564460215405
hotdog,atae_snugbox,92,r_92,275206,228892,1453.4566833571942,1747.549062439928,1.202339968194607,67978,56399,11579,0.17033451999176205,477949,381885,"[275206, 275158, 275188, 275146]","[228840, 228858, 228892, 228844]",0.000218043459695575,0.00022721463262234088
hotdog,atae_snugbox,93,r_93,271802,228846,1471.6595168541805,1747.900334722914,1.1877070169458936,67158,56420,10738,0.15989159891598917,468074,379955,"[271774, 271758, 271802, 271794]","[228846, 228820, 228812, 228842]",0.00016189445953006455,0.0001485819167067255
hotdog,atae_snugbox,94,r_94,268528,228336,1489.602574033248,1751.804358489244,1.1760213019409993,66353,56305,10048,0.15143248986481395,455527,372451,"[268476, 268484, 268528, 268490]","[228294, 228336, 228284, 228296]",0.00019367249608464977,0.00022776798326781353
hotdog,atae_snugbox,95,r_95,265214,230246,1508.216006696479,1737.2723087480347,1.151872345230753,65534,56792,8742,0.13339640491958374,446071,374005,"[265182, 265214, 265184, 265204]","[230244, 230246, 230214, 230208]",0.00012066547006742183,0.00016505377278176416
hotdog,atae_snugbox,96,r_96,262662,230666,1522.8696956544914,1734.1090581186652,1.138711383558912,64901,56901,8000,0.12326466464307176,438359,373050,"[262650, 262632, 262662, 262652]","[230634, 230648, 230648, 230666]",0.0001142208803383984,0.00013873894965943923
hotdog,atae_snugbox,97,r_97,259924,230584,1538.9113740939658,1734.725739860528,1.1272421330187696,64215,56881,7334,0.11421007552752473,431076,370743,"[259920, 259912, 259894, 259924]","[230584, 230580, 230584, 230558]",0.00011542345981820806,0.00011276084076217654
hotdog,atae_snugbox,98,r_98,257762,229876,1551.819119963377,1740.0685587012129,1.1213088795698551,63674,56699,6975,0.10954235637779941,429687,372090,"[257750, 257762, 257740, 257742]","[229832, 229840, 229876, 229846]",8.535452194678146e-05,0.000191430442226075
hotdog,atae_snugbox,99,r_99,259020,227164,1544.28229480349,1760.84238699794,1.140233487700516,63983,56020,7963,0.12445493334166888,433238,368511,"[258984, 259020, 259002, 258992]","[227128, 227162, 227136, 227164]",0.00013899640732897167,0.00015848732651691083
hotdog,atae_snugbox,100,r_100,259224,228842,1543.0669999691386,1747.9308868127355,1.1327640905078613,64031,56435,7596,0.1186300385750652,432426,369678,"[259180, 259206, 259216, 259224]","[228798, 228814, 228842, 228836]",0.00016974882960110954,0.00019228878279015394
hotdog,atae_snugbox,101,r_101,259488,228606,1541.4971019854484,1749.7353525279302,1.1350883178919189,64088,56368,7720,0.12045936836849332,437781,377368,"[259456, 259488, 259472, 259442]","[228606, 228566, 228592, 228574]",0.00017728822247359464,0.00017498999275978905
hotdog,atae_snugbox,102,r_102,261314,228328,1530.725487344727,1751.8657370099156,1.1444676080025227,64548,56302,8246,0.12774989155357253,445031,382965,"[261296, 261282, 261314, 261296]","[228304, 228314, 228306, 228328]",0.0001224660061156462,0.000105118849999781
hotdog,atae_snugbox,103,r_103,263766,230926,1516.4956817785462,1732.1566216017252,1.1422100586335016,65154,56943,8211,0.12602449580992725,454088,390561,"[263724, 263752, 263766, 263762]","[230926, 230882, 230918, 230902]",0.0001592411024034032,0.00019055290658143755
hotdog,atae_snugbox,104,r_104,266544,229982,1500.6903175460711,1739.2665512953188,1.1589776591211487,65838,56699,9139,0.13881041343904735,461535,389781,"[266544, 266528, 266538, 266518]","[229982, 229966, 229978, 229978]",9.754926237750064e-05,6.957247712804815e-05
hotdog,atae_snugbox,105,r_105,269408,233692,1484.7369046205013,1711.6546565564931,1.1528336442839293,66539,57608,8931,0.13422203519740303,473594,404960,"[269404, 269386, 269408, 269386]","[233692, 233660, 233676, 233660]",8.166416724821453e-05,0.00013694409257420658
hotdog,atae_snugbox,106,r_106,272722,233606,1466.6950227704401,1712.284787205808,1.167444329340856,67353,57572,9781,0.1452199605065847,482447,408165,"[272698, 272696, 272702, 272722]","[233568, 233606, 233570, 233578]",9.534129433141e-05,0.00016268481315863268
hotdog,atae_snugbox,107,r_107,274848,235390,1455.3498661078124,1699.3075321806364,1.1676281915119588,67873,58010,9863,0.14531551574263699,489951,415184,"[274842, 274810, 274848, 274818]","[235372, 235358, 235390, 235390]",0.00013826754405913484,0.00013595182207305287
hotdog,atae_snugbox,108,r_108,278444,237962,1436.5545675252474,1680.9406543901966,1.17011959892756,68765,58645,10120,0.14716789064204175,500568,423491,"[278412, 278444, 278418, 278436]","[237942, 237926, 237960, 237962]",0.00011493117597938422,0.00015129387785120667
hotdog,atae_snugbox,109,r_109,281214,237124,1422.4042899713386,1686.8811254870868,1.1859364720568142,69447,58423,11024,0.15873975837689172,510318,425807,"[281206, 281202, 281214, 281210]","[237102, 237110, 237112, 237124]",4.2673039173849965e-05,9.27831573264955e-05
hotdog,atae_snugbox,110,r_110,284222,238450,1407.3505921427616,1677.5005242189138,1.1919563849863704,70191,58748,11443,0.16302659885170465,521532,432172,"[284186, 284204, 284222, 284214]","[238420, 238450, 238444, 238424]",0.00012666846113653277,0.00012582071805883796
hotdog,atae_snugbox,111,r_111,288486,240838,1386.5490873040633,1660.8674710801452,1.1978425331550668,71239,59325,11914,0.1672398545740395,531530,435403,"[288486, 288458, 288468, 288452]","[240794, 240798, 240838, 240810]",0.00011786484369041759,0.00018271666459034093
hotdog,atae_snugbox,112,r_112,291448,242988,1372.4575224396806,1646.1718274153457,1.1994337168913691,71986,59869,12117,0.16832439641041314,540604,442611,"[291442, 291438, 291428, 291448]","[242966, 242988, 242976, 242954]",6.862499528203158e-05,0.000139934395462833
hotdog,atae_snugbox,113,r_113,295490,244354,1353.6837118007377,1636.96931501019,1.2092701572309028,72985,60200,12785,0.17517298074946908,549744,446465,"[295460, 295462, 295478, 295490]","[244342, 244354, 244316, 244318]",0.00010153229149920889,0.00015552576918748017
hotdog,atae_snugbox,114,r_114,298308,246710,1340.8959866983118,1621.3367921851566,1.2091443395079242,73679,60780,12899,0.1750702371096242,556407,450848,"[298308, 298274, 298282, 298280]","[246710, 246708, 246664, 246678]",0.00011398456514888396,0.00018646884754144877
hotdog,atae_snugbox,115,r_115,301612,247068,1326.207180085673,1618.9874852267392,1.220765133485518,74512,60861,13651,0.18320538973588146,565999,452630,"[301610, 301612, 301610, 301610]","[246992, 246996, 247068, 246970]",6.631068878570209e-06,0.00039675069279553374
hotdog,atae_snugbox,116,r_116,303426,248896,1318.2785918148081,1607.096940087426,1.2190874903574183,74920,61292,13628,0.1819006940736786,573309,458951,"[303190, 303426, 303172, 303182]","[248896, 248686, 248656, 248684]",0.0008376134611738131,0.0009648997609862884
hotdog,atae_snugbox,117,r_117,307688,252258,1300.0182002548036,1585.678154904899,1.2197353503159463,76022,62165,13857,0.1822761832101234,580464,463996,"[307660, 307688, 307652, 307662]","[252258, 252258, 252214, 252220]",0.00011701019451319696,0.00017443877298181277
hotdog,atae_snugbox,118,r_118,309962,252998,1290.4807686103459,1581.0401663254254,1.2251559300864039,76587,62342,14245,0.18599762361758523,588640,469250,"[309960, 309928, 309942, 309962]","[252934, 252998, 252972, 252968]",0.0001096958199439906,0.00025299642642547676
hotdog,atae_snugbox,119,r_119,313874,252540,1274.396732446778,1583.9074998020117,1.2428684564821415,77541,62202,15339,0.1978179285797191,595031,466702,"[313852, 313874, 313836, 313824]","[252540, 252458, 252484, 252480]",0.00015931354977672207,0.0003247646941172044
hotdog,atae_snugbox,120,r_120,317490,255410,1259.882201014205,1566.109392741083,1.243060177753416,78410,62890,15520,0.1979339369978319,606962,475429,"[317348, 317284, 317490, 317258]","[255114, 255410, 255138, 255398]",0.0007310655595645118,0.0011595792607682212
hotdog,atae_snugbox,121,r_121,320592,254290,1247.6917702250837,1573.007196507924,1.260733807857171,79166,62594,16572,0.20933228911401358,615260,475899,"[320220, 320232, 320592, 320522]","[254194, 254290, 253950, 253980]",0.0011610794918092396,0.0013380374532424779
hotdog,atae_snugbox,122,r_122,320692,254276,1247.3027078941789,1573.0938035835077,1.2611964951470056,79216,62608,16608,0.2096546152292466,619722,478444,"[320688, 320692, 320626, 320660]","[254222, 254276, 254236, 254204]",0.00020582131279694012,0.0002832031057940602
hotdog,atae_snugbox,123,r_123,323028,257494,1238.282749483017,1553.4342547787521,1.254506901131677,79769,63393,16376,0.2052927829106545,619067,479300,"[322962, 323018, 323028, 322926]","[257494, 257480, 257450, 257494]",0.0003158056061687362,0.00017088739103501445
hotdog,atae_snugbox,124,r_124,325166,259252,1230.140912641543,1542.9003440667768,1.2542468331970438,80290,63795,16495,0.20544276995889899,626610,484994,"[325082, 325102, 325070, 325166]","[259046, 259176, 259026, 259252]",0.0002952892142538564,0.0008721659430776653
hotdog,atae_snugbox,125,r_125,328552,260442,1217.4632934817016,1535.850592454366,1.2615169596301672,81114,64105,17009,0.20969253149887812,635743,488645,"[328552, 328422, 328424, 328356]","[260436, 260356, 260376, 260442]",0.0005967631687515319,0.0003302579660333522
hotdog,atae_snugbox,126,r_126,331032,263330,1208.3423959013026,1519.006569703414,1.2570994569551512,81637,64727,16910,0.20713646998297341,633129,488093,"[331032, 330388, 330310, 330662]","[262900, 263150, 262452, 263330]",0.0021839212578418504,0.0033389362559800425
hotdog,atae_snugbox,127,r_127,331744,266776,1205.7490112858106,1499.385252046661,1.2435301526374187,81893,65649,16244,0.19835639187720563,635444,496589,"[331720, 331726, 331744, 331718]","[266746, 266744, 266776, 266738]",7.837770214664469e-05,0.00014245494862249813
hotdog,atae_snugbox,128,r_128,335000,268002,1194.0298507462687,1492.526175177797,1.249990671711405,82648,65932,16716,0.20225534798180234,634279,491425,"[335000, 334856, 334696, 334796]","[267978, 268002, 267954, 267958]",0.0009079044430573682,0.00017912252353781912
hotdog,atae_snugbox,129,r_129,340230,271692,1175.6752784880816,1472.2553479675514,1.2522635925975,83913,66820,17093,0.20369906927412915,637418,495184,"[340230, 339716, 339984, 339958]","[271674, 271692, 271606, 271428]",0.0015118892144058923,0.0009720176730486008
hotdog,atae_snugbox,130,r_130,344042,277392,1162.6487463739893,1442.002653284882,1.2402736921035935,84859,68143,16716,0.1969855878575048,639159,500167,"[344042, 343792, 343452, 343948]","[277060, 276792, 277392, 276534]",0.001716071592179949,0.0030980936613653636
hotdog,atae_snugbox,131,r_131,344786,281962,1160.1399128734924,1418.6308793383505,1.2228101659088813,85067,69360,15707,0.1846426934063738,633880,504197,"[344782, 344728, 344776, 344786]","[281924, 281962, 281920, 281954]",0.0001682290699832931,0.00014896786550329857
hotdog,atae_snugbox,132,r_132,347614,288950,1150.7016403251882,1384.3225471534868,1.2030247447655305,85723,71045,14678,0.17122592536425463,631692,511012,"[347478, 347398, 347528, 347614]","[288816, 288950, 288716, 288688]",0.0006215746846443715,0.0009072257762926669
hotdog,atae_snugbox,133,r_133,350084,294020,1142.5829229556334,1360.451669954425,1.1906809060608121,86321,72258,14063,0.16291516548696144,629366,513347,"[349784, 350018, 350084, 349970]","[293662, 294020, 293586, 293580]",0.0008572310294773177,0.001498066132810372
hotdog,atae_snugbox,134,r_134,350238,297528,1142.0805280980362,1344.411282299481,1.177159796725014,86252,73025,13227,0.15335296572833093,626283,517177,"[349514, 349852, 349508, 350238]","[296790, 297528, 296358, 296804]",0.0020870380641435423,0.0039411190083201405
hotdog,atae_snugbox,135,r_135,351502,303848,1137.973610391975,1316.447697532977,1.1568349964455913,86610,74719,11891,0.13729361505599816,622868,524169,"[351428, 351502, 351196, 351284]","[303798, 303834, 303674, 303848]",0.0008709202296838644,0.0005727669085564464
hotdog,atae_snugbox,136,r_136,355988,309324,1123.6333809004798,1293.1424655054248,1.1508580000258628,87691,76054,11637,0.13270461050734966,618498,521096,"[355458, 355988, 355788, 355772]","[309030, 309286, 309324, 309174]",0.0014898039783388124,0.0009508301167354186
hotdog,atae_snugbox,137,r_137,359290,314332,1113.306799521278,1272.5398623111869,1.1430271178244658,88530,77239,11291,0.12753868745058172,614416,522191,"[359290, 359040, 359158, 359272]","[314314, 313556, 313902, 314332]",0.0006960104679974387,0.0024711329635125753
hotdog,atae_snugbox,138,r_138,360904,316394,1108.3279764147806,1264.246477493252,1.1406790267830615,88905,77780,11125,0.12513356954052077,611130,519973,"[360904, 360660, 360776, 360870]","[316310, 316394, 316284, 316222]",0.000676270258659516,0.0005437832454691316
hotdog,atae_snugbox,139,r_139,364744,322920,1096.6595749347487,1238.6968908708038,1.1295181469094513,89790,79371,10419,0.11603742064817908,608360,525241,"[364522, 364744, 364254, 364240]","[322634, 322686, 322816, 322920]",0.001382943694435298,0.0008860963428387304
hotdog,atae_snugbox,140,r_140,366530,327456,1091.3158540910704,1221.538160852145,1.1193259552428418,90193,80402,9791,0.10855609637111527,604763,523825,"[366530, 365944, 365630, 366404]","[326854, 327456, 327330, 326212]",0.002458163424167024,0.003804711848129605
hotdog,atae_snugbox,141,r_141,364760,329984,1096.6114705559821,1212.1799844840962,1.1053869278510473,89756,81068,8688,0.09679575738669281,601598,529833,"[364580, 364548, 364760, 363988]","[329720, 329356, 329984, 329808]",0.002118149966115088,0.001904663696442707
hotdog,atae_snugbox,142,r_142,366928,337496,1090.1321240134305,1185.1992319908977,1.0872069594898903,90280,82924,7356,0.08147984049623394,599927,537607,"[366638, 366620, 366928, 366704]","[337368, 337206, 337496, 337124]",0.0008398721103831916,0.0011028806828373087
hotdog,atae_snugbox,143,r_143,369012,342420,1083.9755888697387,1168.156065650371,1.0776590152444367,90758,84119,6639,0.07315057625774037,598028,539718,"[369012, 368636, 368208, 368982]","[342342, 342420, 341830, 342022]",0.0021805784770937554,0.0017243722481283985
hotdog,atae_snugbox,144,r_144,370004,343772,1081.0693938443908,1163.5618956750404,1.076306389118369,90960,84426,6534,0.07183377308707124,600900,540587,"[370004, 369520, 369356, 369460]","[343520, 343286, 343772, 343218]",0.00175331791062949,0.0016130488078288188
hotdog,atae_snugbox,145,r_145,372256,348748,1074.5293561420099,1146.9599825662083,1.067406838175416,91556,85686,5870,0.064113766438027,603742,549125,"[372256, 372216, 372096, 371788]","[348720, 348618, 348748, 348350]",0.0012577635995689204,0.0011416802205336065
hotdog,atae_snugbox,146,r_146,374174,350410,1069.0213643919674,1141.5199337918439,1.0678176992665736,91959,86031,5928,0.06446351091247186,604359,550602,"[373298, 373712, 374100, 374174]","[349818, 350018, 350410, 350190]",0.0023433675475695586,0.0016909019762416848
hotdog,atae_snugbox,147,r_147,374488,352872,1068.1250133515628,1133.555510213335,1.0612573397719287,91971,86590,5381,0.05850757303932761,608459,558481,"[373438, 374488, 374272, 373518]","[352748, 352218, 352872, 351782]",0.0028080197042754107,0.0030930321646968685
hotdog,atae_snugbox,148,r_148,374088,351986,1069.267124312996,1136.408834442279,1.0627922701471082,91968,86443,5525,0.06007524356297843,611940,561395,"[373954, 373960, 374088, 373966]","[351856, 351986, 351848, 351878]",0.00035829643414832403,0.0003921657781364737
hotdog,atae_snugbox,149,r_149,376792,356394,1061.593664409011,1122.3533505053397,1.0572344091090198,92609,87519,5090,0.05496226068740619,615653,568956,"[376726, 376792, 376608, 376638]","[356388, 356394, 356236, 356306]",0.0004884640195810359,0.0004434079549632224
hotdog,atae_snugbox,150,r_150,381092,361438,1049.6153159866908,1106.690497402044,1.0543772375898495,93587,88695,4892,0.05227221729513715,621872,578242,"[380668, 380560, 380452, 381092]","[361276, 361046, 360740, 361438]",0.0016811446493631352,0.0019328487365870544
hotdog,atae_snugbox,151,r_151,383200,361658,1043.8413361169103,1106.0172870501965,1.0595645609940882,93999,88671,5328,0.05668145405802189,626711,579613,"[381642, 382450, 382372, 383200]","[360880, 360336, 361658, 361542]",0.004074097318103845,0.0036609951703664317
hotdog,atae_snugbox,152,r_152,385240,365084,1038.3137784238397,1095.6382640707343,1.0552092121265244,94673,89572,5101,0.05388019815575718,633501,589138,"[385240, 385182, 385154, 385172]","[365084, 364552, 364952, 364544]",0.00022326817883261895,0.0014803321426711223
hotdog,atae_snugbox,153,r_153,391656,371870,1021.3044099924424,1075.6447145507839,1.0532067658052546,96194,91229,4965,0.05161444580743082,637899,596634,"[391656, 391092, 391514, 391182]","[371352, 371870, 371154, 371628]",0.0014411246905031417,0.0019273164809785169
hotdog,atae_snugbox,154,r_154,395982,376988,1010.1469258703678,1061.0417307712712,1.0503835665856738,97244,92520,4724,0.04857883262720579,646639,606308,"[395744, 395378, 395530, 395982]","[376844, 376690, 376528, 376988]",0.0015265689982649178,0.0012209283036395608
hotdog,atae_snugbox,155,r_155,397908,379138,1005.2574967077817,1055.0248194588778,1.0495070396531079,97727,93014,4713,0.04822618109631934,649056,608013,"[397908, 397200, 397840, 397714]","[378536, 378878, 379138, 378702]",0.0017803908058405872,0.0015891725083715337
hotdog,atae_snugbox,156,r_156,403566,383660,991.1637749463532,1042.5897930459262,1.0518844810509305,99003,94067,4936,0.04985707503813016,655119,613357,"[403566, 402848, 401738, 403076]","[381968, 383360, 383264, 383660]",0.0045381535077592995,0.0044170280084476965
hotdog,atae_snugbox,157,r_157,409192,388970,977.5362177168664,1028.3569426948093,1.051988585237936,100470,95407,5063,0.05039315218473176,662605,618706,"[408622, 408776, 409192, 408590]","[388464, 388386, 388352, 388970]",0.0014726207512322802,0.0015905575444674078
hotdog,atae_snugbox,158,r_158,413586,392874,967.1507256048319,1018.1381308002057,1.0527191924128347,101625,96439,5186,0.05103075030750308,667336,623073,"[413390, 413586, 413532, 413362]","[392624, 392548, 392848, 392874]",0.0005417596304425379,0.0008301005669383167
hotdog,atae_snugbox,159,r_159,420126,398764,952.0953237838172,1003.0995776950778,1.0535705329468057,103221,97910,5311,0.05145270826672867,674775,630951,"[420126, 419832, 419894, 419734]","[398580, 398738, 398764, 398528]",0.0009335633900258754,0.0005919942807332201
hotdog,atae_snugbox,160,r_160,423176,403440,945.2331890277331,991.47332936744,1.0489192940709895,103877,98952,4925,0.047411842852604524,681586,640485,"[423176, 422234, 422022, 422830]","[402370, 403440, 403118, 402534]",0.0027309375706251458,0.0026559732714764605
hotdog,atae_snugbox,161,r_161,426418,406244,938.0467053454591,984.6299268419964,1.0496598103602761,104690,99667,5023,0.04797974973731971,686104,644553,"[425436, 426418, 425978, 425648]","[405864, 405600, 406244, 405404]",0.0023058679878836265,0.002070097442443898
hotdog,atae_snugbox,162,r_162,428624,408648,933.2188584866923,978.8375325463479,1.0488831463753647,105212,100219,4993,0.04745656389005056,689225,648492,"[428296, 427580, 428624, 427602]","[408648, 407656, 407704, 408206]",0.0024391070158203193,0.002431053771135403
hotdog,atae_snugbox,163,r_163,433352,411644,923.037161476121,971.7134222775019,1.052734887427,106344,100914,5430,0.051060708643647035,695637,652672,"[432652, 431838, 433352, 432462]","[410742, 411644, 410094, 410944]",0.003499963012279923,0.003772611328543334
hotdog,atae_snugbox,164,r_164,434474,413948,920.6534798399904,966.3049465150212,1.0495859383304182,106784,101654,5130,0.04804090500449506,702129,661565,"[434336, 434384, 434474, 434360]","[413778, 413886, 413948, 413862]",0.00031768796825882824,0.0004107584897135201
hotdog,atae_snugbox,165,r_165,438288,416726,912.6419158179096,959.8633154638779,1.0517414320200804,107677,102306,5371,0.04988066160832861,709543,666668,"[437910, 437910, 438288, 438004]","[416504, 416446, 416726, 416500]",0.0008629585323312665,0.0006721978950603057
hotdog,atae_snugbox,166,r_166,439378,417704,910.3778523276086,957.6159194070442,1.0518884185930706,107977,102562,5415,0.05014956888967095,715827,673562,"[439198, 439132, 439378, 439354]","[417482, 417686, 417704, 417550]",0.0005600257702915435,0.000531602193936622
hotdog,atae_snugbox,167,r_167,442162,420682,904.6458085498075,950.8369742465806,1.0510599455170413,108641,103256,5385,0.04956692224850655,723901,682030,"[441576, 442162, 442064, 441974]","[420586, 420402, 419946, 420682]",0.001325959850116757,0.0017506969486493944
hotdog,atae_snugbox,168,r_168,442074,420508,904.8258888783325,951.2304165437994,1.051285587907959,108507,103120,5387,0.04964656658095791,730456,688175,"[441600, 441312, 442074, 440946]","[419358, 420064, 419810, 420508]",0.0025550247687906444,0.002738519056520652
hotdog,atae_snugbox,169,r_169,444886,422588,899.1067374563371,946.5484112184918,1.0527653411833748,109238,103681,5557,0.05087057617312657,738764,696070,"[444202, 444886, 444652, 444128]","[422006, 422456, 421906, 422588]",0.001705413450267399,0.0016151989749880991
hotdog,atae_snugbox,170,r_170,444628,423520,899.6284534487256,944.4654325651682,1.049839440876464,109231,103975,5256,0.04811820820096859,747154,707020,"[444628, 444564, 444456, 444198]","[423520, 423430, 423480, 423320]",0.0009674628736122251,0.0004723247232472325
hotdog,atae_snugbox,171,r_171,444740,422920,899.4018977380042,945.8053532582994,1.0515936820202403,109218,103754,5464,0.05002838359977293,756641,714997,"[444130, 444296, 444622, 444740]","[422920, 422224, 422420, 422800]",0.001372492108170378,0.0016469825434048525
hotdog,atae_snugbox,172,r_172,445252,424812,898.3676659509671,941.5929870154328,1.0481154016364886,109306,104208,5098,0.04663970870766472,766566,726977,"[444754, 444246, 445252, 444944]","[424812, 423828, 424666, 424322]",0.002261695732229614,0.0023185291477284776
hotdog,atae_snugbox,173,r_173,443584,423394,901.7457798297504,944.7465008951473,1.0476860796326826,108875,103817,5058,0.04645694603903559,775091,735962,"[443232, 442518, 443584, 443176]","[423394, 422948, 422274, 422966]",0.0024056281769919492,0.002648408412953082
hotdog,atae_snugbox,174,r_174,444482,425444,899.923956425682,940.1942441308374,1.0447485450494072,109110,104336,4774,0.04375400971496655,786208,748201,"[444064, 444482, 443388, 444426]","[425410, 424226, 424896, 425444]",0.0024634646130288905,0.0028659228130279487
hotdog,atae_snugbox,175,r_175,444594,426038,899.6972518747441,938.8833859890432,1.0435548002760318,109098,104447,4651,0.04263139562595098,795118,756913,"[444402, 444594, 443286, 444036]","[425772, 424784, 426038, 425308]",0.0029454185568124625,0.002947290737069467
hotdog,atae_snugbox,176,r_176,443178,423886,902.5718785679794,943.6499436169158,1.0455122367806438,108671,103866,4805,0.04421602819519467,790624,751112,"[442376, 441520, 443178, 442502]","[423116, 422372, 423886, 423322]",0.0037477904311541297,0.003577724529389802
hotdog,atae_snugbox,177,r_177,441624,423216,905.7478760212307,945.1438508941061,1.0434955200181468,108354,103745,4609,0.04253650072909168,781603,743933,"[441188, 440608, 441624, 441204]","[423216, 422084, 422750, 422830]",0.0023030401943983534,0.002677895533686601
hotdog,atae_snugbox,178,r_178,441416,423742,906.1746742302046,943.9706236341925,1.0417093420052768,108332,103929,4403,0.04064357715171879,767752,731333,"[441256, 440586, 441134, 441416]","[422964, 423620, 423742, 423618]",0.0018816680193517088,0.001837132750551376
hotdog,atae_snugbox,179,r_179,441346,424280,906.3183987166532,942.7736400490243,1.0402234373526915,108231,103988,4243,0.03920318577856621,754780,720193,"[440066, 440680, 440804, 441346]","[423208, 423832, 423688, 424280]",0.00290431199571614,0.00252978157035247
hotdog,atae_snugbox,180,r_180,439570,423540,909.9802079304775,944.4208339235963,1.037847664919488,107829,103849,3980,0.0369102931493383,741333,707353,"[439128, 438882, 439004, 439570]","[422788, 423540, 423404, 423172]",0.0015666771415429037,0.001776828455718694
hotdog,atae_snugbox,181,r_181,438676,422008,911.8347026051117,947.8493298705238,1.0394968815757046,107671,103460,4211,0.039109881026460236,728023,691744,"[438676, 438474, 438504, 438582]","[421508, 421884, 422008, 421460]",0.0004605993720343215,0.0012994557936046856
hotdog,atae_snugbox,182,r_182,437872,421440,913.5089706580918,949.1268033409264,1.0389901290812453,107461,103297,4164,0.03874894147644262,713651,678418,"[437872, 437722, 437612, 437670]","[420982, 420892, 420938, 421440]",0.0005939883806734457,0.0013014679513516979
hotdog,atae_snugbox,183,r_183,436648,420832,916.0696945823638,950.4980609839556,1.0375826933313057,107070,103086,3984,0.037209302325581395,700809,666881,"[436194, 436648, 435948, 436010]","[420048, 420058, 420832, 420118]",0.0016047684548372307,0.0018654940703938477
hotdog,atae_snugbox,184,r_184,435764,419960,917.9280527992216,952.471663967997,1.0376321554433756,106888,102922,3966,0.03710425866327371,688278,653669,"[435318, 435354, 435422, 435764]","[419626, 419426, 419390, 419960]",0.0010241937058015063,0.0013584349875655534
hotdog,atae_snugbox,185,r_185,434350,419796,920.9163117301715,952.8437622083107,1.0346692202879493,106549,102888,3661,0.03435977813024993,677814,646523,"[434332, 433774, 434008, 434350]","[419114, 419418, 419796, 419560]",0.0013268343023523667,0.0016258534538658124
hotdog,atae_snugbox,186,r_186,431556,417012,926.8785511034489,959.2050108869769,1.0348766941958505,105831,102192,3639,0.03438501006321399,665445,633994,"[430888, 431108, 431556, 431424]","[416922, 417012, 416324, 416494]",0.0015490070586489319,0.0016511154628883
hotdog,atae_snugbox,187,r_187,429390,414268,931.5540650690515,965.5585273301341,1.0365029401257158,105338,101538,3800,0.03607435113634206,655955,623068,"[429296, 429390, 429368, 429094]","[413898, 414268, 414170, 414012]",0.0006895154057774868,0.0008935320355384256
hotdog,atae_snugbox,188,r_188,427330,413166,936.0447429387125,968.1338735520347,1.0342816204624776,104772,101252,3520,0.033596762493796055,645009,615028,"[427330, 427130, 426796, 426836]","[413166, 412698, 413084, 412824]",0.0012505181219746946,0.0011333283286070958
hotdog,atae_snugbox,189,r_189,426084,411518,938.7820242018006,972.0109448432389,1.0353957785564665,104487,100848,3639,0.03482729908983893,636917,606150,"[425552, 425892, 426034, 426084]","[411518, 411430, 411350, 411040]",0.0012491473747359943,0.0011620712583068039
hotdog,atae_snugbox,190,r_190,424754,409876,941.7215611860041,975.9049078257815,1.03629878304658,104149,100414,3735,0.03586208220914267,628821,596940,"[424370, 424416, 424754, 424704]","[409490, 409876, 409336, 409782]",0.0009044636695315867,0.0013182917867980402
hotdog,atae_snugbox,191,r_191,423512,408880,944.4832732012316,978.2821365681863,1.0357855605556643,103823,100157,3666,0.03531009506564056,623016,592984,"[423512, 423482, 423084, 423100]","[408754, 408880, 408456, 408432]",0.0010111163740610851,0.0010963449864853456
hotdog,atae_snugbox,192,r_192,421820,407948,948.2717746906263,980.5171247315834,1.0340043338856912,103441,99953,3488,0.03371970495258166,618628,590333,"[421810, 421820, 421634, 421802]","[407814, 407948, 407744, 407752]",0.0004410023081491773,0.000500227431834817
hotdog,atae_snugbox,193,r_193,418936,405506,954.7997784864514,986.4219025119233,1.0331191153768378,102716,99355,3361,0.03272128976985085,614126,586921,"[418868, 418936, 418906, 418816]","[405506, 405430, 405390, 405424]",0.00028647720178618535,0.0002861106829042701
hotdog,atae_snugbox,194,r_194,415658,402188,962.3296075138695,994.5597581230668,1.0334917998547943,101836,98493,3343,0.0328272909383715,612291,585237,"[415402, 415658, 415174, 415182]","[402188, 402016, 401842, 401882]",0.0011652710699788613,0.0008607350577886572
hotdog,atae_snugbox,195,r_195,411034,398040,973.1555053839828,1004.9241282283188,1.032644960305497,100706,97442,3264,0.03241117708974639,609616,583112,"[410898, 410864, 411034, 410690]","[397686, 398040, 397606, 397930]",0.0008372447346676516,0.0010909579943466255
hotdog,atae_snugbox,196,r_196,409870,396916,975.9191938907459,1007.7699059750678,1.0326366284050026,100440,97173,3267,0.032526881720430105,612436,585921,"[409870, 409716, 409698, 409826]","[396792, 396666, 396916, 396464]",0.0004197399808432625,0.0011393727652098072
hotdog,atae_snugbox,197,r_197,409418,395656,976.99661470673,1010.9792344865236,1.0347827405625087,100314,96872,3442,0.03431225950515382,613532,586188,"[409188, 409168, 409290, 409418]","[395430, 395468, 395656, 395438]",0.000610849667453441,0.0005714314610946199
hotdog,atae_snugbox,198,r_198,406950,392798,982.921734856862,1018.3351239059263,1.0360286966837917,99690,96120,3570,0.03581101414384592,613318,584869,"[406640, 406784, 406796, 406950]","[392332, 392352, 392568, 392798]",0.0007620592808372819,0.0011872233368364065
hotdog,atae_snugbox,199,r_199,408780,394842,978.5214540828807,1013.0634532293931,1.0353001960277781,100161,96685,3476,0.03470412635656593,618164,591197,"[408566, 408750, 408610, 408780]","[394796, 394770, 394842, 394682]",0.0005236415600114026,0.0004052967215294885
lego,atae_snugbox,0,r_0,445418,419162,898.0328590223116,954.2849781230169,1.0626392659639947,109535,102973,6562,0.05990779202994476,580408,534514,"[445418, 444512, 445008, 444682]","[418254, 419162, 418424, 418788]",0.0020363897910789944,0.002168839885634302
lego,atae_snugbox,1,r_1,443612,415926,901.6888632408501,961.7095348691835,1.0665647254559705,109103,102180,6923,0.06345380053710714,564067,516474,"[442584, 443360, 443002, 443612]","[415926, 415678, 415294, 414892]",0.002319811255823505,0.0024888824701075345
lego,atae_snugbox,2,r_2,445890,420134,897.0822400143533,952.0771944189235,1.0613042505486345,109532,103094,6438,0.058777343607347626,545068,502276,"[445890, 444362, 444832, 444398]","[418614, 420134, 418640, 419086]",0.0034347074036152093,0.0036266592860968914
lego,atae_snugbox,3,r_3,450632,420952,887.6422446697084,950.2271042779224,1.0705068511374218,110871,103451,7420,0.06692462411270757,530925,484956,"[450510, 450632, 450318, 449656]","[419982, 420952, 420636, 420826]",0.00216754501098208,0.002306234679587921
lego,atae_snugbox,4,r_4,453854,425476,881.3406954659428,940.1235322321353,1.0666970639942088,111545,104448,7097,0.06362454614729482,515092,473986,"[453854, 453154, 452624, 452268]","[423906, 424230, 424736, 425476]",0.0035012969810695955,0.003697710952054585
lego,atae_snugbox,5,r_5,459782,428072,869.9775110813385,934.42224672485,1.0740763236091124,113077,105150,7927,0.0701026733995419,508701,465932,"[458644, 459782, 458360, 459626]","[428072, 427912, 426930, 426666]",0.00309734416895555,0.0032896968846149346
lego,atae_snugbox,6,r_6,464180,433096,861.7346718945237,923.5827622513253,1.0717716164545505,114151,106382,7769,0.06805897451621098,500819,460437,"[463820, 462744, 463542, 464180]","[431680, 432742, 432464, 433096]",0.003097688274624303,0.0032740225042803914
lego,atae_snugbox,7,r_7,466038,432292,858.2991086563757,925.3004913345609,1.0780629759514402,114674,106239,8435,0.0735563423269442,494263,454865,"[465284, 466038, 465984, 465438]","[431718, 431542, 432292, 432232]",0.0016191167439003964,0.0017363281521301274
lego,atae_snugbox,8,r_8,471158,437516,848.9721070214238,914.2522787738048,1.0768931879062709,115949,107540,8409,0.07252326453871961,490539,452316,"[470766, 471158, 470670, 471090]","[437454, 437044, 437516, 437126]",0.0010362672295353148,0.0010793875847559373
lego,atae_snugbox,9,r_9,472486,440608,846.5859305884195,907.8364441862154,1.0723500254194205,116188,108214,7974,0.06863015113436843,486443,450509,"[471400, 472440, 471542, 472486]","[439634, 440608, 440542, 439500]",0.002301008333209737,0.002517775540765013
lego,atae_snugbox,10,r_10,477184,443846,838.2510729613734,901.213483956147,1.0751116378203252,117267,108931,8336,0.07108564216702055,485810,449466,"[476006, 476144, 476218, 477184]","[442662, 442878, 442790, 443846]",0.002472774293223171,0.002672420797934291
lego,atae_snugbox,11,r_11,477054,446778,838.4795012723927,895.2992313856098,1.0677651988235768,117218,109649,7569,0.06457199406234537,484465,449867,"[477054, 475482, 475422, 476870]","[445198, 445138, 446778, 446610]",0.003427081080286514,0.0036776990162155133
lego,atae_snugbox,12,r_12,477072,448308,838.447865311735,892.2437252960019,1.0641612462860355,117217,110026,7191,0.061347756724707166,484988,453479,"[475780, 475802, 477072, 476428]","[448308, 447026, 447668, 447024]",0.002712744123350071,0.0028692320670202554
lego,atae_snugbox,13,r_13,478250,450022,836.382645060115,888.8454342232158,1.0627258222931324,117528,110471,7057,0.06004526580899871,487461,456306,"[477128, 478250, 477796, 477334]","[449104, 450022, 448896, 449574]",0.0023491134295171756,0.002505568548216618
lego,atae_snugbox,14,r_14,477688,451044,837.3666493610892,886.8314399482091,1.05907184221495,117352,110692,6660,0.05675233485581839,488458,458696,"[477688, 476630, 476750, 476714]","[450118, 451044, 450104, 449956]",0.0022182828017037587,0.0024161374888825474
lego,atae_snugbox,15,r_15,477124,451156,838.3564859449535,886.6112830151876,1.057558804493346,117163,110669,6494,0.055427054616218434,493979,463602,"[475822, 475498, 476554, 477124]","[449516, 449832, 450590, 451156]",0.0034141768127840554,0.003642230777516332
lego,atae_snugbox,16,r_16,475898,452666,840.5162450777267,883.6537314487945,1.051322608722546,116984,111175,5809,0.04965636326335225,500036,471909,"[475814, 475898, 475324, 475278]","[452560, 452106, 452038, 452666]",0.001303675418464039,0.0013883285342412
lego,atae_snugbox,17,r_17,472456,449798,846.6396870819716,889.288080427214,1.0503737233157995,116109,110445,5664,0.04878174818489523,507020,477943,"[471628, 472456, 472364, 471866]","[449714, 449206, 449798, 448972]",0.0017539455832027936,0.0018379142121277862
lego,atae_snugbox,18,r_18,471200,448754,848.8964346349745,891.3569572638906,1.0500184956568632,115741,110127,5614,0.04850485134913298,514629,485737,"[470170, 470756, 470540, 471200]","[448096, 447702, 448290, 448754]",0.0021883860440460494,0.0023471114576744632
lego,atae_snugbox,19,r_19,466882,441366,856.7475293543122,906.2773299257306,1.0578114308759623,114670,108289,6381,0.0556466381791227,524046,491270,"[466882, 466522, 466332, 465974]","[440996, 441366, 440812, 440440]",0.0019467119756017817,0.0021002328173852104
lego,atae_snugbox,20,r_20,464622,440796,860.9148942581281,907.4492509006434,1.0540522146298967,114063,108108,5955,0.05220799032113832,541191,509208,"[463926, 463674, 464622, 463986]","[440104, 439862, 440166, 440796]",0.0020428745054433557,0.002121608606371186
lego,atae_snugbox,21,r_21,459468,435536,870.5720528959579,918.4085816097866,1.0549483854377135,112827,106844,5983,0.05302808724861957,554344,519461,"[459038, 458916, 458860, 459468]","[435106, 434988, 434924, 435536]",0.001324415313116395,0.0014064487513745624
lego,atae_snugbox,22,r_22,460304,437842,868.9909277347144,913.5715623444073,1.05130161108345,113080,107464,5616,0.049663954722320484,577447,542888,"[460142, 460190, 460304, 459814]","[437680, 437724, 437842, 437348]",0.001064956939878834,0.0011287597238423073
lego,atae_snugbox,23,r_23,453470,432008,882.0870178843143,925.9087794670469,1.0496796355623044,111370,106005,5365,0.04817275747508306,598280,562608,"[453228, 453250, 453470, 453142]","[431686, 431794, 431762, 432008]",0.000723626516058221,0.000745694022289767
lego,atae_snugbox,24,r_24,453076,428250,882.8540907044293,934.0338587273789,1.0579708114419148,111286,105080,6206,0.05576622396348148,625990,582053,"[452968, 452922, 452990, 453076]","[428164, 428108, 428250, 428138]",0.00033996410508864455,0.0003316478460406619
lego,atae_snugbox,25,r_25,452550,427708,883.8802342282621,935.2174848260963,1.0580816818951246,111116,104907,6209,0.055878541344180854,646371,599983,"[452348, 452092, 452550, 452096]","[427258, 427504, 427708, 427272]",0.001012666064520979,0.0010527904210108894
lego,atae_snugbox,26,r_26,449066,427562,890.7376643967701,935.5368344240134,1.050294460218635,110186,104809,5377,0.04879930299675095,619860,580730,"[448262, 448490, 449066, 448628]","[427562, 427116, 426752, 426984]",0.0017921965888079107,0.0018964958142464298
lego,atae_snugbox,27,r_27,450156,427150,888.5808475284124,936.4391899801007,1.0538593000117056,110439,104687,5752,0.05208305037169841,589668,553873,"[449654, 449238, 450156, 449386]","[426228, 427150, 426372, 426652]",0.002041776345420516,0.0021612726661126747
lego,atae_snugbox,28,r_28,452088,427922,884.7834934791457,934.7497908497343,1.0564729086141866,110917,104874,6043,0.05448218036910483,564483,530503,"[451376, 451394, 451884, 452088]","[427210, 427706, 427216, 427922]",0.0015763180354472304,0.0016654444830397168
lego,atae_snugbox,29,r_29,450190,423888,888.5137386436837,943.6454912618427,1.0620494092779225,110515,103939,6576,0.05950323485499706,541109,506061,"[449668, 449834, 450190, 450138]","[423888, 423530, 423360, 423836]",0.0011601095659034464,0.001246301517631744
lego,atae_snugbox,30,r_30,453248,428954,882.5190624117481,932.5009208446594,1.0566354434275005,111175,105102,6073,0.054625590285585786,526822,496306,"[452514, 451966, 453248, 452662]","[428370, 427670, 428228, 428954]",0.0028325388452211954,0.002997860172236873
lego,atae_snugbox,31,r_31,455422,430036,878.3062741808697,930.1546847240696,1.059032267066013,111690,105344,6346,0.05681797833288567,514337,484059,"[454472, 455422, 454126, 454580]","[428744, 429202, 430036, 429082]",0.0028505443747937976,0.003009788802281103
lego,atae_snugbox,32,r_32,453700,424782,881.6398501212254,941.659486513082,1.0680772725774632,111287,104057,7230,0.06496715699048407,499862,468132,"[453046, 452806, 452510, 453700]","[423880, 424782, 423590, 424130]",0.0026268416864323628,0.0028106876870893464
lego,atae_snugbox,33,r_33,452400,422202,884.1732979664014,947.4137971871285,1.0715250046186422,111097,103547,7550,0.06795863074610475,490684,458961,"[452326, 452066, 452050, 452400]","[421862, 422126, 421852, 422202]",0.0007739758364743853,0.0008293632504404511
lego,atae_snugbox,34,r_34,453858,424934,881.3329279201865,941.3226524589701,1.068067040999308,111372,104141,7231,0.06492655245483604,484576,454095,"[452690, 453858, 453656, 453068]","[424730, 423766, 424934, 424146]",0.002576557736511676,0.0027521595498522598
lego,atae_snugbox,35,r_35,453868,421942,881.3135096547895,947.9975920861161,1.0756644278123533,111365,103384,7981,0.07166524491536838,479315,448423,"[453868, 452884, 452824, 453314]","[420964, 421942, 420898, 421390]",0.002303504349408955,0.002478052971942696
lego,atae_snugbox,36,r_36,451648,420554,885.6454584100893,951.1263714053367,1.0739358084811939,110876,103102,7774,0.07011436198997077,472430,441847,"[450788, 451304, 450966, 451648]","[419876, 420554, 420202, 419690]",0.001906127646275903,0.0020567486469855183
lego,atae_snugbox,37,r_37,450070,417950,888.7506387895216,957.0522789807393,1.0768512980021534,110500,102469,8031,0.07267873303167421,469305,437985,"[449212, 450044, 449184, 450070]","[417060, 417950, 417088, 417916]",0.0019705200415899827,0.002131718656250786
lego,atae_snugbox,38,r_38,446802,412612,895.25114032614,969.4337537444379,1.082862350101306,109742,101196,8546,0.07787355798144739,466032,433162,"[446268, 446802, 446274, 446798]","[412612, 412096, 412610, 412088]",0.0011958735643638637,0.0012707605040845008
lego,atae_snugbox,39,r_39,442892,406490,903.1547194349864,984.0340475780462,1.0895520184998402,108712,99610,9102,0.08372580763853117,465717,430383,"[442182, 442892, 442308, 441830]","[405900, 405768, 405422, 406490]",0.002401068950470605,0.0026312223604626813
lego,atae_snugbox,40,r_40,439272,400132,910.5975341018776,999.6701088640749,1.0978177201523498,107852,98067,9785,0.09072618032118088,464024,426502,"[438478, 438696, 439272, 438556]","[399560, 399336, 400132, 399414]",0.0018096845473680372,0.0019919396512353906
lego,atae_snugbox,41,r_41,438058,395558,913.1210935538217,1011.2297058838401,1.107443156250158,107612,96987,10625,0.09873434189495596,467970,423882,"[437302, 437680, 438058, 437612]","[395182, 395112, 394800, 395558]",0.0017273564363448589,0.0019181957824998797
lego,atae_snugbox,42,r_42,434350,391838,920.9163117301715,1020.8300369030059,1.1084938163220515,106738,96110,10628,0.09957091195263168,468420,422846,"[433614, 434350, 434030, 433954]","[391100, 391516, 391838, 391446]",0.00169590333350999,0.0018851778529918896
lego,atae_snugbox,43,r_43,429748,387710,930.7780373614304,1031.6989502463182,1.1084264011761369,105592,95083,10509,0.09952458519584817,472308,425027,"[429748, 428850, 428840, 429634]","[387710, 386800, 386818, 387600]",0.0021152287149286695,0.0023500123956697793
lego,atae_snugbox,44,r_44,424508,381910,942.2672835376483,1047.3671807493913,1.1115393679139065,104328,93679,10649,0.10207231040564374,477024,427050,"[424508, 424146, 423846, 423868]","[381278, 381552, 381910, 381244]",0.0015609820510643917,0.001745758802189276
lego,atae_snugbox,45,r_45,419972,381076,952.4444486775309,1049.6593855293956,1.1020688786488784,103278,93555,9723,0.09414396095973973,482670,433817,"[419834, 419972, 419564, 419358]","[380468, 380670, 380946, 381076]",0.0014630124713473534,0.0015966805850993987
lego,atae_snugbox,46,r_46,413864,374870,966.5010728161908,1067.0365726785285,1.1040200602875663,101767,92018,9749,0.095797262373854,491415,441528,"[413296, 413432, 413120, 413864]","[374124, 374436, 374298, 374870]",0.0017995878363342589,0.001992351081104179
lego,atae_snugbox,47,r_47,406350,367926,984.3730773963332,1087.1751384789334,1.1044340438022864,99960,90353,9607,0.09610844337735094,496149,444634,"[406122, 406350, 405934, 405884]","[367926, 367692, 367504, 367456]",0.001147578326530361,0.001278408897725928
lego,atae_snugbox,48,r_48,401112,362640,997.2277069746106,1103.0222810500773,1.1060886829913965,98695,89077,9618,0.09745174527584984,504700,451624,"[401112, 400846, 400878, 400884]","[362640, 362378, 362406, 362408]",0.0006634574614022398,0.0007228423707022607
lego,atae_snugbox,49,r_49,395072,358138,1012.4736756844322,1116.8879035455607,1.1031278445738792,97243,88010,9233,0.09494770831833654,509804,457986,"[395064, 395008, 394954, 395072]","[358132, 358084, 358016, 358138]",0.00029871564928251286,0.00034069409440298245
lego,atae_snugbox,50,r_50,398368,360114,1004.0967145955499,1110.7593706437406,1.1062274724115142,98066,88502,9564,0.09752615585422063,528542,474593,"[398368, 398328, 398240, 398240]","[360074, 360114, 359982, 359982]",0.0003213706458043556,0.0003666279670479227
lego,atae_snugbox,51,r_51,396634,359912,1008.4864131667986,1111.3827824579341,1.1020304963435505,97569,88389,9180,0.0940872613227562,518759,467399,"[396350, 396098, 396634, 395962]","[359626, 359912, 359382, 359244]",0.0016958519763489216,0.0018579244091772565
lego,atae_snugbox,52,r_52,393918,360010,1015.439761574744,1111.0802477708953,1.0941862726035387,96873,88396,8477,0.08750632271117856,504865,458045,"[393376, 393354, 393918, 393320]","[359468, 359448, 359410, 360010]",0.0015197259410610635,0.0016685948206816765
lego,atae_snugbox,53,r_53,401712,370060,995.7382403313817,1080.905799059612,1.085532075879587,98884,90970,7914,0.08003317017919986,498261,454370,"[401482, 401712, 401484, 401676]","[369826, 370018, 369826, 370060]",0.0005727255636055316,0.0006325478296716293
lego,atae_snugbox,54,r_54,405274,372524,986.9865819174188,1073.7563217403442,1.0879137988424907,99725,91535,8190,0.08212584607671096,490755,446979,"[405078, 404860, 405274, 404928]","[372094, 372524, 372324, 372158]",0.0010221338896638562,0.001155060103418172
lego,atae_snugbox,55,r_55,407128,379214,982.4919926902596,1054.813377143249,1.0736101515239416,100187,93209,6978,0.06964975495822812,486161,450310,"[406954, 407128, 406740, 407010]","[379020, 379120, 378830, 379214]",0.0009534153401579525,0.0010130696538151042
lego,atae_snugbox,56,r_56,409432,377360,976.963207565603,1059.9957600169598,1.08499046003816,100751,92734,8017,0.07957241119194847,481541,443954,"[409416, 409198, 409290, 409432]","[377360, 377134, 377348, 377222]",0.0005716603067421715,0.000599046826377145
lego,atae_snugbox,57,r_57,413198,384208,968.0588967032754,1041.1027360179903,1.075453920792904,101647,94402,7245,0.07127608291439984,480105,447984,"[413198, 413040, 412868, 413106]","[384208, 384070, 383888, 384126]",0.0007989289510062874,0.0008331749433050488
lego,atae_snugbox,58,r_58,417034,390570,959.1544094726089,1024.14419950329,1.0677573802391376,102560,95944,6616,0.06450858034321373,478354,450218,"[416696, 416518, 417034, 416932]","[390228, 390060, 390570, 390466]",0.001238018690243405,0.0013065833869203318
lego,atae_snugbox,59,r_59,417730,396276,957.5563162808513,1009.3974906378382,1.0541390344103605,102699,97335,5364,0.052230304092542285,477560,453575,"[416998, 417598, 417730, 417168]","[395704, 395542, 396148, 396276]",0.0017538248115896195,0.0018539215871993535
lego,atae_snugbox,60,r_60,419948,402490,952.498880813815,993.8135108946806,1.0433749906829983,103276,98912,4364,0.04225570316433634,476315,456099,"[419712, 419662, 419948, 419674]","[402490, 402220, 402262, 402200]",0.0006813595744123274,0.0007208676263320515
lego,atae_snugbox,61,r_61,418978,400338,954.7040656072634,999.1557134221583,1.0465606562454726,102987,98328,4659,0.04523871945002767,477290,457711,"[418428, 418480, 418978, 418636]","[400338, 399848, 399794, 399998]",0.001313807761259631,0.0013600187002571285
lego,atae_snugbox,62,r_62,421798,405112,948.3212343349186,987.3812674025949,1.0411886095696992,103678,99504,4174,0.040259264260498855,480151,462512,"[421274, 421798, 421330, 421416]","[404626, 404714, 405112, 404582]",0.001243313335128703,0.001309422779262202
lego,atae_snugbox,63,r_63,422012,404324,947.8403457721581,989.3056063948715,1.0437470939147813,103773,99351,4422,0.042612240178081004,485281,467283,"[421652, 421698, 422012, 421676]","[403984, 403964, 404014, 404324]",0.0008535670210155314,0.0008909314316896886
lego,atae_snugbox,64,r_64,422994,406110,945.6398908731566,984.9548151978528,1.0415749427495014,104011,99789,4222,0.040591860476295774,488554,471875,"[422578, 422542, 422912, 422994]","[406020, 405650, 405694, 406110]",0.001069173389409743,0.0011333720158130036
lego,atae_snugbox,65,r_65,422488,404828,946.772452708716,988.0739474542274,1.0436234647801041,103872,99458,4414,0.04249460874922982,492943,474814,"[421938, 422008, 422188, 422488]","[404828, 404296, 404346, 404528]",0.00130283746155149,0.001315205581218271
lego,atae_snugbox,66,r_66,421090,403554,949.9156949820704,991.1932479915947,1.0434539119919515,103586,99200,4386,0.042341629177688106,497362,479719,"[420718, 421090, 421052, 420916]","[403554, 403512, 403366, 403168]",0.0008837280018244707,0.0009568666336142787
lego,atae_snugbox,67,r_67,419036,403964,954.5719222214798,990.1872444079175,1.0373102553692903,103020,99250,3770,0.036594835954183655,503214,486412,"[418576, 418554, 419036, 418614]","[403476, 403490, 403964, 403530]",0.0011511959779791972,0.0012090730027377575
lego,atae_snugbox,68,r_68,414630,399100,964.7155295082363,1002.2550739163117,1.0389125532448007,101981,98099,3882,0.03806591423892686,504851,485899,"[414630, 414520, 414408, 414238]","[398992, 398712, 399100, 398880]",0.0009458341074535106,0.0009726236523020849
lego,atae_snugbox,69,r_69,413550,398390,967.2349171805103,1004.0412660960366,1.0380531639850399,101768,97979,3789,0.0372317427875167,512732,493673,"[413550, 413506, 413452, 413460]","[398350, 398308, 398296, 398390]",0.0002370057945498341,0.00023598168380462725
lego,atae_snugbox,70,r_70,412158,397020,970.5016037539002,1007.5059190972747,1.0381290615082364,101426,97642,3784,0.0373079880898389,520434,500669,"[412158, 412054, 412036, 412008]","[396920, 397020, 396900, 396872]",0.00036402112293236,0.00037286359238955177
lego,atae_snugbox,71,r_71,410838,396542,973.6197722703353,1008.7203877521171,1.0360516666582607,101112,97536,3576,0.035366722050795156,531159,511029,"[410810, 410838, 410738, 410606]","[396496, 396438, 396300, 396542]",0.0005648232005998812,0.0006104266933034679
lego,atae_snugbox,72,r_72,408050,395482,980.2720254870727,1011.4240344693311,1.0317789431630264,100446,97303,3143,0.03129044461700815,539506,521100,"[408012, 408050, 408018, 408016]","[395440, 395482, 395444, 395442]",9.3131776562163e-05,0.00010620758018672304
lego,atae_snugbox,73,r_73,411512,400350,972.0251171290266,999.1257649556638,1.0278806044710878,101321,98530,2791,0.027546115810147945,557565,539416,"[411456, 411460, 411488, 411512]","[400330, 400292, 400288, 400350]",0.0001360944300924227,0.0001548780335485805
lego,atae_snugbox,74,r_74,403656,392934,990.9427829637117,1017.9826637552362,1.027287025301959,99362,96681,2681,0.02698214609206739,565744,547238,"[403624, 403630, 403602, 403656]","[392934, 392898, 392906, 392878]",0.00013378655593764555,0.00014252845478793802
lego,atae_snugbox,75,r_75,402582,390288,993.5863997893597,1024.8841880867462,1.0314998155208461,98976,95904,3072,0.031037827352085354,566089,545043,"[402582, 401762, 401902, 401700]","[389406, 389616, 390288, 389484]",0.002194103533327612,0.0022632881573832076
lego,atae_snugbox,76,r_76,404950,395448,987.776268675145,1011.510995124517,1.0240284436891829,99633,97258,2375,0.023837483564682384,572930,554832,"[404818, 404354, 404546, 404950]","[395306, 395056, 395448, 394858]",0.0014728159202504775,0.0014930396515903403
lego,atae_snugbox,77,r_77,404632,395690,988.5525613396865,1010.8923652354116,1.0225984988248376,99546,97313,2233,0.022431840556124807,562314,545032,"[404282, 404244, 404632, 404088]","[395322, 395690, 395154, 395352]",0.0013454972218203045,0.0013556595625215774
lego,atae_snugbox,78,r_78,401942,391532,995.1684571405825,1021.627861835048,1.026587865104257,98819,96215,2604,0.02635120776368917,546960,527710,"[401702, 401942, 401106, 400774]","[391532, 391254, 390372, 390702]",0.0029099533859350594,0.0029670175079610705
lego,atae_snugbox,79,r_79,405334,395652,986.8404821702596,1010.9894553799804,1.0244709997674724,99683,97262,2421,0.024286989757531373,539694,521687,"[405334, 404524, 404586, 404964]","[394904, 395652, 394840, 395276]",0.002000731131376404,0.0020548222528139932
lego,atae_snugbox,80,r_80,407464,397704,981.6818172893802,1005.7731378110353,1.0245408645625893,100202,97764,2438,0.024330851679607194,537462,519612,"[407260, 406524, 406614, 407464]","[396800, 397704, 397524, 396826]",0.0023097781015835495,0.0022758541691055316
lego,atae_snugbox,81,r_81,408000,396646,980.3921568627451,1008.4559027445127,1.028625020799403,100296,97458,2838,0.028296243120363725,529192,508676,"[406902, 408000, 407294, 407050]","[395684, 395966, 396646, 395542]",0.0026957255073819424,0.0027881639410091185
lego,atae_snugbox,82,r_82,407414,396170,981.8022944719622,1009.6675669535805,1.028381755307065,100147,97337,2810,0.028058753632160725,523568,503408,"[407414, 406442, 406306, 406760]","[395142, 395532, 396170, 395118]",0.002724162559729354,0.0026599880401678424
lego,atae_snugbox,83,r_83,409226,397344,977.4550004154183,1006.6843843118305,1.029903559635983,100626,97657,2969,0.029505296841770518,520885,499693,"[409226, 408350, 408134, 408786]","[396470, 396900, 397344, 396278]",0.0026723834136027254,0.0026868440420619636
lego,atae_snugbox,84,r_84,407572,396036,981.4216874564494,1010.0091910836388,1.0291286650708522,100336,97449,2887,0.028773321639291978,517430,498281,"[407502, 407476, 407572, 407186]","[395948, 395630, 396036, 395930]",0.0009473927065487907,0.0010255477586982112
lego,atae_snugbox,85,r_85,410140,396806,975.276734773492,1008.0492734484861,1.0336033225304053,100868,97531,3337,0.03308284094063529,518971,497132,"[409496, 409368, 410140, 409214]","[395860, 396024, 396806, 396136]",0.002260993347649702,0.0023876438170499473
lego,atae_snugbox,86,r_86,409680,394190,976.3718023823471,1014.7390852127147,1.0392957710748625,100812,96941,3871,0.03839820656271079,516591,492146,"[409100, 409680, 409054, 409308]","[394190, 393612, 393828, 393576]",0.0015294946925801182,0.0015591611509859662
lego,atae_snugbox,87,r_87,410400,393050,974.6588693957115,1017.6822287240809,1.044141966670907,101056,96715,4341,0.04295638062064598,514944,489001,"[410400, 410042, 410326, 410158]","[392944, 392786, 392690, 393050]",0.0008726779879165788,0.0009163394783228442
lego,atae_snugbox,88,r_88,408884,390142,978.2725663024232,1025.2677230341774,1.0480389191627664,100706,96018,4688,0.04655134748674359,511960,484458,"[408858, 408714, 408884, 408540]","[390110, 390142, 389962, 389774]",0.000841592273008619,0.0009435970020282207
lego,atae_snugbox,89,r_89,405566,386994,986.2759698791319,1033.6077561926024,1.0479904081200226,99918,95274,4644,0.04647811205188254,509670,483591,"[405370, 405566, 405492, 405540]","[386890, 386976, 386804, 386994]",0.0004833634202401034,0.0004910626595953643
lego,atae_snugbox,90,r_90,403008,381534,992.5361283150706,1048.3993562827952,1.0562833194420418,99276,93909,5367,0.05406140456908014,507851,479568,"[402580, 403008, 402806, 402702]","[381238, 381334, 381534, 381118]",0.0010626306563978807,0.0010909872910470856
lego,atae_snugbox,91,r_91,400066,374836,999.8350272205087,1067.1333596559562,1.0673094366602995,98573,92269,6304,0.06395260365414464,503990,472038,"[399982, 400066, 399706, 399824]","[374626, 374836, 374482, 374770]",0.0009002374376241734,0.0009448100171213454
lego,atae_snugbox,92,r_92,395010,367482,1012.63259157996,1088.4886878813113,1.0749097914999919,97352,90471,6881,0.07068165009450242,499372,463938,"[395010, 394840, 394852, 394770]","[367332, 367326, 367482, 367236]",0.0006077980489682628,0.000669672024042859
lego,atae_snugbox,93,r_93,389336,360234,1027.3902233546346,1110.3893580283927,1.0807863777433557,95997,88719,7278,0.07581486921466296,493384,456303,"[389336, 389278, 389178, 389250]","[360234, 360072, 360146, 360142]",0.00040589784989743374,0.00044981445153874025
lego,atae_snugbox,94,r_94,386414,355632,1035.159181603151,1124.7581769919468,1.0865557655104152,95298,87605,7693,0.08072572351990598,493624,454955,"[386414, 386292, 386286, 386236]","[355482, 355520, 355632, 355506]",0.0004607734263163753,0.00042189939105854557
lego,atae_snugbox,95,r_95,381858,348508,1047.509807310571,1147.7498364456483,1.0956936426136559,94211,85873,8338,0.08850346562503317,490221,446931,"[381858, 381826, 381828, 381844]","[348490, 348508, 348468, 348482]",8.380495444415054e-05,0.00011478190004218234
lego,atae_snugbox,96,r_96,376892,346570,1061.3119938868429,1154.1679891508209,1.087491704417578,92988,85409,7579,0.08150514044822987,487762,446682,"[376696, 376892, 376766, 376774]","[346444, 346570, 346380, 346470]",0.0005201947014453982,0.0005483943590424457
lego,atae_snugbox,97,r_97,371616,340814,1076.3799190562302,1173.6607064263792,1.0903777426983634,91736,84034,7702,0.08395831516525683,485360,444218,"[371616, 371560, 371528, 371522]","[340718, 340722, 340740, 340814]",0.000252989787555863,0.0002817327148908946
lego,atae_snugbox,98,r_98,366610,329264,1091.0777120100379,1214.8306526070267,1.113422663880655,90530,81193,9337,0.10313708163039877,483419,433853,"[366568, 366610, 366568, 366584]","[329220, 329230, 329264, 329224]",0.00011457175397079785,0.00013364334539667016
lego,atae_snugbox,99,r_99,368406,326996,1085.7586467104227,1223.256553596986,1.126637634711128,90918,80565,10353,0.11387184055962515,490981,436109,"[368406, 367832, 367822, 367728]","[326996, 326322, 326424, 326398]",0.0018426566869685036,0.0020640972636930192
lego,atae_snugbox,100,r_100,366778,325636,1090.5779517855487,1228.3654141433994,1.1263435246717193,90509,80218,10291,0.11370139986078732,488798,431748,"[365996, 366778, 366018, 366302]","[324834, 324826, 325636, 325142]",0.002135016592791998,0.0024914682591557612
lego,atae_snugbox,101,r_101,368806,330470,1084.5810534535772,1210.3973129179653,1.1160044784700578,91061,81481,9580,0.10520420377549115,488676,437587,"[368704, 368364, 368322, 368806]","[330038, 330406, 330002, 330470]",0.0013132582098988193,0.0014171983684049554
lego,atae_snugbox,102,r_102,368464,333018,1085.5877372009206,1201.1362749160705,1.1064386910016877,90880,82014,8866,0.09755721830985915,484345,437589,"[367766, 367874, 367796, 368464]","[332312, 333018, 332314, 332400]",0.0018968679937495755,0.0021232380282156077
lego,atae_snugbox,103,r_103,374416,342290,1068.330413230204,1168.5997253790645,1.0938560869438196,92410,84376,8034,0.08693864300400389,489492,446239,"[373934, 374318, 374416, 374372]","[342290, 342184, 341796, 342226]",0.001287874739485919,0.0014439209175620535
lego,atae_snugbox,104,r_104,380550,346706,1051.1102351859151,1153.7152515387677,1.0976158474326951,93837,85375,8462,0.09017764847554803,494419,449758,"[379798, 380550, 380304, 379940]","[346706, 346076, 346454, 345964]",0.001978176920567779,0.0021426508807392435
lego,atae_snugbox,105,r_105,385882,347640,1036.586313950897,1150.6155793349442,1.1100046024623174,95079,85522,9557,0.10051641266736083,499646,453535,"[384908, 385452, 384852, 385882]","[347640, 347256, 346634, 346652]",0.0026734255016241707,0.0028987553505232023
lego,atae_snugbox,106,r_106,390384,356732,1024.632157055617,1121.289931937701,1.0943341219739189,96194,87777,8417,0.08750025989146933,501748,461480,"[389938, 390384, 389510, 389672]","[356290, 356732, 355998, 355812]",0.00224173839887554,0.0025827606342361765
lego,atae_snugbox,107,r_107,392504,362278,1019.0978945437498,1104.1244569087828,1.0834331645863122,96708,89155,7553,0.0781010878107292,502767,467161,"[392006, 392104, 391684, 392504]","[361918, 362278, 361794, 361460]",0.0020914392545294327,0.0022605271339251787
lego,atae_snugbox,108,r_108,397970,365856,1005.1008870015328,1093.3263360447827,1.0877777048893553,98020,89996,8024,0.0818608447255662,506943,469935,"[397288, 396986, 397970, 397706]","[365856, 364914, 365624, 365172]",0.0024755495455831946,0.002578056687142421
lego,atae_snugbox,109,r_109,402888,375020,992.8317547308433,1066.6097808116901,1.0743107034291504,99263,92296,6967,0.0701872802554829,513085,480791,"[402888, 402326, 402362, 402832]","[375020, 374958, 374486, 374472]",0.0013959195433703756,0.0014623706415750905
lego,atae_snugbox,110,r_110,404168,376142,989.6874567011738,1063.4281734025978,1.0745090949694531,99571,92569,7002,0.07032168000723102,515816,482453,"[403678, 403946, 404114, 404168]","[375962, 376098, 376142, 375672]",0.0012129418419140718,0.0012501047295185633
lego,atae_snugbox,111,r_111,408876,382996,978.2917070211996,1044.397330520423,1.0675725072846713,100711,94246,6465,0.06419358362045854,521368,490168,"[408720, 408876, 408478, 408522]","[382664, 382880, 382996, 382616]",0.0009739409615586971,0.0009927140017085131
lego,atae_snugbox,112,r_112,411878,387370,971.1613633163219,1032.6044866664945,1.063267676898056,101467,95343,6124,0.060354598046655564,525105,494142,"[411610, 411878, 411722, 411602]","[387370, 387110, 387268, 387080]",0.0006703861764427269,0.0007489534021853944
lego,atae_snugbox,113,r_113,413264,391526,967.9042936234465,1021.6435179272896,1.0555212169817585,101789,96360,5429,0.053335822141881734,527873,498827,"[412960, 412862, 413148, 413264]","[391438, 391526, 391136, 391270]",0.0009732277631376669,0.0009965695011403056
lego,atae_snugbox,114,r_114,413408,392126,967.5671491601518,1020.080280318061,1.0542733713143224,101798,96475,5323,0.05228982887679522,527659,499493,"[413408, 413074, 413176, 413110]","[392126, 391890, 391780, 391804]",0.0008083409165714729,0.0008828782852768563
lego,atae_snugbox,115,r_115,411988,394146,970.9020651086925,1014.8523643522958,1.045267489711934,101420,96960,4460,0.043975547229343326,529248,502583,"[411718, 411496, 411988, 411548]","[393876, 393708, 394146, 393660]",0.0011950812205860028,0.0012339801572943843
lego,atae_snugbox,116,r_116,411552,395914,971.9306430293134,1010.3204231221932,1.0394984769419622,101309,97395,3914,0.03863427731001194,533464,509425,"[411258, 411058, 411552, 411166]","[395394, 395508, 395594, 395914]",0.0012011909784235462,0.001314450742854254
lego,atae_snugbox,117,r_117,411940,395442,971.0151963878235,1011.5263426747791,1.0417204040036212,101379,97252,4127,0.04070862801960958,535208,509633,"[411304, 411940, 411354, 411736]","[394852, 394788, 395220, 395442]",0.0015452514495843492,0.0016553797944949763
lego,atae_snugbox,118,r_118,408094,391614,980.1663342269183,1021.4139433217402,1.0420822544648558,100505,96385,4120,0.04099298542361077,532306,507861,"[408054, 408084, 408088, 408094]","[391606, 391610, 391614, 391570]",9.801999607920016e-05,0.00011235955056179776
lego,atae_snugbox,119,r_119,408424,392988,979.3743756488356,1017.8427840035828,1.0392785530346982,100568,96709,3859,0.03837204677432185,538095,515915,"[408424, 408394, 408084, 408336]","[392900, 392988, 392650, 392956]",0.0008327016638113979,0.0008603278154418662
lego,atae_snugbox,120,r_120,408238,393546,979.8205948490831,1016.3996076697514,1.03733235758971,100502,96836,3666,0.036476886032118766,542699,520361,"[407972, 407944, 408238, 407998]","[393368, 393290, 393292, 393546]",0.000720521127934163,0.0006507801735752744
lego,atae_snugbox,121,r_121,407596,393882,981.3638995475912,1015.5325706683727,1.0348175341853652,100361,96935,3426,0.034136766273751756,549235,527227,"[407596, 407350, 407540, 407320]","[393882, 393620, 393652, 393836]",0.0006773812343309572,0.0006654010501653979
lego,atae_snugbox,122,r_122,403258,391550,991.9208050429254,1021.5808964372367,1.0299016728387178,99284,96357,2927,0.0294810845654889,551817,532702,"[403258, 403138, 403130, 403168]","[391430, 391420, 391462, 391550]",0.00031748118365914425,0.0003320854583609539
lego,atae_snugbox,123,r_123,404182,389954,989.6531760444552,1025.7620129553743,1.0364863548008227,99534,95980,3554,0.035706391785721464,562953,540386,"[404126, 404124, 404182, 404142]","[389954, 389910, 389914, 389932]",0.00014351338076698005,0.00011284148976412281
lego,atae_snugbox,124,r_124,404128,389412,989.7854145221316,1027.1897116678479,1.03779030949226,99522,95843,3679,0.036966700829967246,571302,546684,"[404088, 404128, 404106, 404090]","[389374, 389412, 389378, 389384]",9.898466480080574e-05,9.758928777796897e-05
lego,atae_snugbox,125,r_125,404892,390158,987.9177657251811,1025.2256778023263,1.0377641878418487,99611,95931,3680,0.03694371103592977,574107,550872,"[404502, 404166, 404546, 404892]","[389824, 389436, 389808, 390158]",0.0017946908298961872,0.0018522010279459168
lego,atae_snugbox,126,r_126,405042,390226,987.5519081971746,1025.0470240322275,1.0379677417701536,99721,96009,3712,0.03722385455420624,565456,542464,"[405042, 404918, 404938, 404998]","[390046, 390226, 390136, 390096]",0.00030619249630840496,0.00046138939727165067
lego,atae_snugbox,127,r_127,407724,393162,981.0558122651597,1017.3923217401478,1.03703816747295,100305,96680,3625,0.03613977369024475,554943,532982,"[407156, 407724, 407284, 407076]","[392806, 392600, 392672, 393162]",0.0015909258304485528,0.0014307171406023268
lego,atae_snugbox,128,r_128,407892,390896,980.6517411471664,1023.2900822725226,1.0434795955957594,100366,96113,4253,0.04237490783731543,538735,514377,"[407426, 407892, 407888, 407310]","[390298, 390386, 390888, 390896]",0.0014277688780729536,0.0015309113530645108
lego,atae_snugbox,129,r_129,407992,391148,980.4113806153061,1022.6308200476547,1.0430629838322067,100326,96113,4213,0.04199310248589598,525981,503530,"[407718, 407992, 407194, 407212]","[390876, 391148, 390354, 390330]",0.001958142856091223,0.002093801273174515
lego,atae_snugbox,130,r_130,410106,391956,975.3575904766085,1020.5227117329496,1.0463062180448826,100916,96371,4545,0.04503745689484324,518580,495309,"[409766, 409922, 410106, 409732]","[391496, 391702, 391956, 391652]",0.0009124588448124641,0.0011743636417016529
lego,atae_snugbox,131,r_131,409906,388634,975.8334837743288,1029.2460258237827,1.0547353036533087,100853,95541,5312,0.052670718768901274,508299,482899,"[409662, 409906, 409602, 409708]","[388404, 388452, 388396, 388634]",0.000741971031400751,0.0006126575566032515
lego,atae_snugbox,132,r_132,410806,389764,973.6956130144156,1026.262045750762,1.053986514916719,100989,95723,5266,0.05214429294279575,499592,475219,"[409718, 410086, 410774, 410806]","[389706, 389764, 389026, 388632]",0.0026514209959400117,0.0029079176535262356
lego,atae_snugbox,133,r_133,411866,392056,971.1896587725134,1020.2624114922359,1.050528495929153,101305,96350,4955,0.048911702285178424,493556,472274,"[411866, 411494, 411274, 411836]","[391672, 392008, 392056, 391454]",0.0014382284523860138,0.0015365080175345682
lego,atae_snugbox,134,r_134,413302,394460,967.8153021277419,1014.0445165542767,1.0477665669522893,101596,96884,4712,0.04637977873144612,487258,467851,"[412608, 412794, 413302, 412812]","[394460, 393934, 393778, 393952]",0.0016808798703736446,0.0017308282850841685
lego,atae_snugbox,135,r_135,414410,393974,965.2276730773872,1015.29542558646,1.0518714432932121,101843,96736,5107,0.050145812672446805,483058,462146,"[413674, 414410, 413630, 413964]","[393204, 393544, 393244, 393974]",0.0018844243868674948,0.001956840236701428
lego,atae_snugbox,136,r_136,415674,394212,962.2925658087828,1014.6824551256684,1.0544427871297677,102256,96891,5365,0.05246635894226256,477932,456235,"[415584, 415546, 415662, 415674]","[394086, 394124, 394212, 394204]",0.0003079762232731376,0.00031966997880283595
lego,atae_snugbox,137,r_137,417284,399040,958.5797682154121,1002.4057738572574,1.0457197273456296,102596,98037,4559,0.04443643027018597,475494,456783,"[416796, 417284, 416968, 416888]","[398570, 398654, 398728, 399040]",0.0011703086928994877,0.0011786892975011788
lego,atae_snugbox,138,r_138,414862,394934,964.1760392612483,1012.8274597780895,1.0504590640461444,102007,97025,4982,0.04883978550491633,469120,448631,"[414548, 414338, 414862, 414854]","[394408, 394934, 394932, 394616]",0.001263714863481414,0.001332581750470267
lego,atae_snugbox,139,r_139,413692,393268,966.9029132784777,1017.1180975823103,1.0519340500625527,101653,96543,5110,0.05026905256116396,468159,447410,"[413002, 413044, 413020, 413692]","[392558, 393268, 392608, 392564]",0.0016699359494856477,0.0018077680557199946
lego,atae_snugbox,140,r_140,413338,391544,967.7310094886026,1021.5965510900435,1.055661688086141,101592,96144,5448,0.05362626978502244,465761,443686,"[412622, 413338, 412936, 412706]","[390826, 390920, 391144, 391544]",0.0017340739475975447,0.0018358077106480682
lego,atae_snugbox,141,r_141,411986,388512,970.9067783856733,1029.5692282349064,1.0604202701589656,101319,95452,5867,0.05790621699779903,465430,441030,"[411986, 411706, 411688, 411824]","[388358, 388240, 388222, 388512]",0.0007236505010915467,0.0007467817568942119
lego,atae_snugbox,142,r_142,410756,381156,973.814137833653,1049.4390748145117,1.077658491536274,100946,93546,7400,0.07330652031779367,466970,435855,"[410066, 410756, 410004, 410320]","[380410, 380458, 381156, 380722]",0.0018328655707657941,0.0019596176906719835
lego,atae_snugbox,143,r_143,409484,377100,976.8391438981743,1060.726597719438,1.0858764253513657,100728,92633,8095,0.0803649432134064,469889,435984,"[409278, 409484, 409200, 409156]","[376896, 376824, 377100, 376778]",0.0008014083285383216,0.0008543391540715761
lego,atae_snugbox,144,r_144,404242,369580,989.5062858386808,1082.309648790519,1.0937875426159425,99478,90811,8667,0.08712479141116629,470485,432470,"[404242, 404092, 404104, 404140]","[369426, 369432, 369468, 369580]",0.00037115437671426927,0.0004168059402966089
lego,atae_snugbox,145,r_145,402672,369398,993.3643263003139,1082.8428957384717,1.0900762862820048,99090,90772,8318,0.08394388939348067,477305,437448,"[402364, 402672, 402314, 402630]","[369360, 369094, 369398, 369040]",0.0008894520428825202,0.0009696037354119326
lego,atae_snugbox,146,r_146,401034,368890,997.4216649959853,1084.3340833310742,1.0871370869364851,98701,90665,8036,0.0814176148164659,484624,444075,"[401034, 400638, 400776, 400918]","[368770, 368640, 368890, 368490]",0.0009879216598081785,0.0010849002230826083
lego,atae_snugbox,147,r_147,396414,364068,1009.0460982709996,1098.6958480283904,1.0888460397508157,97593,89508,8085,0.08284405643847408,491664,449436,"[396392, 396396, 396376, 396414]","[364058, 364062, 364030, 364068]",9.58640949861817e-05,0.00010437997607501075
lego,atae_snugbox,148,r_148,395428,361054,1011.5621554366408,1107.8675212018147,1.095204595434478,97359,88766,8593,0.08826097227785823,502405,456233,"[395334, 395420, 395428, 395412]","[361054, 360966, 361040, 361046]",0.00023773484219085302,0.00024374942005642245
lego,atae_snugbox,149,r_149,388914,355904,1028.5050165332182,1123.8985793921956,1.092749730264341,95724,87471,8253,0.08621662279052275,502283,457670,"[388898, 388814, 388914, 388838]","[355824, 355884, 355904, 355804]",0.00025715799272757196,0.0002810141237698607
lego,atae_snugbox,150,r_150,394160,356184,1014.8163182463974,1123.015070862251,1.106619050827662,97018,87524,9494,0.09785812941928301,520543,468334,"[394056, 393950, 393882, 394160]","[356184, 356076, 355910, 355974]",0.0007055622671390719,0.0007695850981361436
lego,atae_snugbox,151,r_151,396620,359898,1008.5220109928899,1111.4260151487365,1.1020344653207297,97567,88387,9180,0.09408918999251796,518741,467380,"[396090, 396348, 395954, 396620]","[359378, 359238, 359898, 359618]",0.001680744372913265,0.0018357146631880802
lego,atae_snugbox,152,r_152,397690,361334,1005.8085443435842,1107.0090276586207,1.100616050523892,97880,88790,9090,0.09286881896199428,509329,458835,"[397622, 397410, 397690, 397538]","[361176, 361334, 361046, 361264]",0.0007042873492384893,0.0007973311554380476
lego,atae_snugbox,153,r_153,405946,368768,985.3527316441103,1084.6928149947935,1.100816773689691,99853,90558,9295,0.09308683765134748,501198,450975,"[405342, 405790, 405946, 405230]","[368768, 368612, 368154, 368054]",0.0017653861042416113,0.001938126531975016
lego,atae_snugbox,154,r_154,414424,376636,965.195065922823,1062.0333690884568,1.1003302923777865,101984,92537,9447,0.09263217759648572,495245,445781,"[414108, 414144, 414424, 414388]","[376612, 376310, 376354, 376636]",0.0007627949192065002,0.0008659204521910974
lego,atae_snugbox,155,r_155,418222,383400,956.4298386981077,1043.2968179447053,1.0908242044861762,102768,94062,8706,0.08471508640822045,489633,443282,"[417346, 417464, 418222, 417386]","[383400, 382562, 382522, 382638]",0.00209767854513062,0.0022937427585783495
lego,atae_snugbox,156,r_156,422984,388328,945.6622472717644,1030.05706516141,1.0892441441255845,104030,95366,8664,0.0832836681726425,484060,440521,"[422770, 422984, 422752, 422614]","[388328, 387966, 388112, 388090]",0.0008751596575050853,0.0009326916140202615
lego,atae_snugbox,157,r_157,428118,391404,934.3218458462386,1021.961962575753,1.0938007787350155,105288,96110,9178,0.08717042777904414,480107,436650,"[428098, 427794, 428118, 427808]","[391086, 391404, 391098, 391382]",0.0007570898308114531,0.0008127951334530374
lego,atae_snugbox,158,r_158,433048,395712,923.68513421145,1010.8361636745916,1.0943514475173863,106457,97122,9335,0.08768798669885494,478816,437572,"[432686, 433048, 432700, 432958]","[395712, 395616, 395348, 395356]",0.0008363212952352789,0.0009203353661619993
lego,atae_snugbox,159,r_159,438412,404228,912.383785115371,989.5405563197007,1.0845661359430816,107703,99156,8547,0.07935712097156068,475758,439309,"[437744, 437898, 437844, 438412]","[403554, 403662, 403702, 404228]",0.0015252029513133755,0.0016691989454823278
lego,atae_snugbox,160,r_160,439756,410302,909.5953210416685,974.8916651637087,1.0717861477643298,108015,100649,7366,0.06819423228255335,473496,442397,"[439756, 439144, 439208, 439202]","[409678, 410302, 409740, 409734]",0.0013930382231934035,0.0015224580866556793
lego,atae_snugbox,161,r_161,444576,419836,899.733678831066,952.7529797349441,1.0589277717966064,109235,103051,6184,0.056611891792923516,475214,449584,"[444076, 444298, 444300, 444576]","[419338, 419560, 419572, 419836]",0.0011253340835560557,0.0011869110877277445
lego,atae_snugbox,162,r_162,447678,423154,893.4993455117294,945.28233220057,1.057955259787217,110024,103893,6131,0.05572420562786301,475797,449938,"[447384, 447644, 447678, 447588]","[423124, 422858, 423062, 423154]",0.0006568753511993002,0.0006996817157330289
lego,atae_snugbox,163,r_163,449646,427024,889.5886986651722,936.7155007681067,1.0529759451459402,110435,104781,5654,0.051197537012722415,478244,454382,"[449186, 449646, 449126, 449212]","[427024, 426514, 426592, 426576]",0.0011573752065747816,0.0011952849524171122
lego,atae_snugbox,164,r_164,451712,430952,885.5199773306886,928.1776160686109,1.048172418273961,110897,105707,5190,0.04680018395448028,482181,460377,"[450910, 451000, 451712, 451450]","[430692, 430952, 430240, 430148]",0.0017772144269037468,0.0018675611138468972
lego,atae_snugbox,165,r_165,453270,430754,882.4762282966003,928.6042613649554,1.0522711338722333,111299,105671,5628,0.05056649206192329,484612,462257,"[452774, 452718, 452772, 453270]","[430208, 430754, 430264, 430260]",0.0012188565050393755,0.0012686713688057876
lego,atae_snugbox,166,r_166,452786,429062,883.4195403568132,932.2661992905454,1.0552927082799222,111183,105251,5932,0.05335348029824703,488055,463624,"[452688, 452786, 452348, 452216]","[429062, 428624, 428962, 428478]",0.0012596420627633232,0.001361999060127361
lego,atae_snugbox,167,r_167,454366,432962,880.3475612171685,923.8686074066546,1.0494362091823302,111603,106252,5351,0.047946739782980745,495939,472439,"[454158, 454144, 454366, 454270]","[432754, 432962, 432740, 432866]",0.0004887343431641585,0.0005129028568920166
lego,atae_snugbox,168,r_168,455428,435116,878.2947030046462,919.295084529183,1.046681804392392,111763,106684,5079,0.04544437783524064,505910,482309,"[454692, 454894, 455428, 454664]","[435116, 434576, 434372, 434350]",0.0016794180069221037,0.001762526072615614
lego,atae_snugbox,169,r_169,452400,433274,884.1732979664014,923.2033309176179,1.044142967267826,111012,106230,4782,0.043076424170359964,514985,491416,"[451748, 451796, 451598, 452400]","[432472, 433274, 432618, 432666]",0.0017747858694293133,0.001853231890839558
lego,atae_snugbox,170,r_170,451562,434562,885.8141296211816,920.4670449786222,1.0391198494115914,110838,106588,4250,0.03834425016691027,529816,506170,"[451102, 450970, 451562, 451304]","[433970, 434306, 434562, 434100]",0.0013119564217718282,0.0013633186676784087
lego,atae_snugbox,171,r_171,448938,432320,890.9916291336443,925.240562546262,1.0384391191709845,110210,106058,4152,0.037673532347336905,544585,519361,"[448938, 448798, 448652, 448682]","[432320, 432034, 432194, 432090]",0.0006373010523266502,0.0006617926945953983
lego,atae_snugbox,172,r_172,450080,432608,888.7308922858158,924.6246024114209,1.040387602633331,110510,106144,4366,0.03950773685639309,565108,537208,"[449934, 449960, 450080, 449926]","[432488, 432484, 432464, 432608]",0.0003422412356242013,0.00033293950905294897
lego,atae_snugbox,173,r_173,448396,432438,892.0686179180902,924.9880907783312,1.0369023998816016,110112,106121,3991,0.036244914269107815,589789,561718,"[448396, 448284, 448354, 448258]","[432296, 432386, 432438, 432316]",0.0003078137860426523,0.0003284307716504109
lego,atae_snugbox,174,r_174,444518,428664,899.8510746471459,933.1317768695295,1.0369846779762237,109157,105194,3963,0.03630550491493903,611628,579449,"[444448, 444456, 444518, 444470]","[428600, 428664, 428622, 428598]",0.00015748988127512806,0.00015398218939342682
lego,atae_snugbox,175,r_175,450566,433352,887.772268657644,923.037161476121,1.039722904244125,110598,106294,4304,0.03891571276153276,637469,599697,"[450426, 450004, 450566, 450042]","[432788, 432826, 433352, 433208]",0.001248169111368,0.0013024095731722102
lego,atae_snugbox,176,r_176,449430,431588,890.016242796431,926.809827891415,1.0413403523730966,110267,105806,4461,0.04045634686714974,624073,586143,"[448888, 448496, 448568, 449430]","[431050, 430716, 430652, 431588]",0.0020808942052443435,0.0021716861774262967
lego,atae_snugbox,177,r_177,451252,432682,886.4226640546746,924.4664672900652,1.0429183557439412,110767,106126,4641,0.041898760461148175,590798,556956,"[450648, 450602, 451252, 451120]","[432564, 432076, 432682, 432044]",0.0014415437381003337,0.001475685308951373
lego,atae_snugbox,178,r_178,456754,439032,875.7449305315334,911.0953187922521,1.0403660780990907,112097,107667,4430,0.03951934485311828,569909,539819,"[456754, 456100, 455718, 456120]","[438380, 439032, 438404, 437996]",0.0022710682131559736,0.002362853030997621
lego,atae_snugbox,179,r_179,456754,438262,875.7449305315334,912.6960585220713,1.0421939387854753,112102,107478,4624,0.0412481490071542,548086,519068,"[456168, 456134, 456754, 455596]","[437628, 437108, 437670, 438262]",0.002538566258113876,0.002636707816673407
lego,atae_snugbox,180,r_180,462212,443340,865.4037541214853,902.2420715477963,1.042567780935625,113482,108766,4716,0.04155725137026136,529399,502116,"[461448, 462212, 461282, 461940]","[442582, 443094, 443340, 442410]",0.002014205563755562,0.0021000030483915217
lego,atae_snugbox,181,r_181,463478,444044,863.0398853883032,900.8116312797831,1.0437659331057283,113777,108924,4853,0.04265361188992503,518348,490869,"[463478, 462342, 462982, 462500]","[443582, 444044, 443098, 442930]",0.0024544887868105797,0.00251232765804379
lego,atae_snugbox,182,r_182,466250,449036,857.9088471849866,890.7971743913629,1.0383354563999323,114456,110158,4298,0.03755154819319215,505342,480839,"[465168, 466250, 465040, 465678]","[447858, 448500, 447974, 449036]",0.0025991656892944445,0.002627458502660915
lego,atae_snugbox,183,r_183,468798,452158,853.2459609469323,884.6465173678228,1.0368012951225014,115158,110998,4160,0.03612428142204623,496247,472708,"[468156, 468510, 468798, 467874]","[451524, 452158, 451880, 451216]",0.001972948821835675,0.0020854803412483436
lego,atae_snugbox,184,r_184,470888,456180,849.4588946840862,876.8468586961287,1.0322416589942567,115653,111981,3672,0.03175014915306996,486579,465488,"[469870, 470888, 470356, 470144]","[455482, 456180, 455180, 455664]",0.0021645090678684155,0.0021947801543588884
lego,atae_snugbox,185,r_185,474054,457676,843.7857290519645,873.9807199853171,1.0357851405797989,116416,112322,4094,0.03516698735568994,482395,459000,"[473184, 474054, 473086, 472722]","[456340, 456718, 457676, 456808]",0.0028145116389142154,0.0029241462029326822
lego,atae_snugbox,186,r_186,473786,456808,844.263021701781,875.6414073308698,1.0371665995341588,116517,112272,4245,0.03643245191688767,478292,455460,"[473660, 473666, 473370, 473786]","[456406, 456808, 456666, 456682]",0.0008783403590005078,0.0008803424137806436
lego,atae_snugbox,187,r_187,474510,455504,842.974858274852,878.1481611577506,1.0417252098774106,116604,111853,4751,0.04074474289046688,473923,448029,"[474510, 473954, 473672, 473678]","[455504, 454664, 454952, 454678]",0.0017681059428825824,0.0018463587716878466
lego,atae_snugbox,188,r_188,472948,453416,845.758941786412,882.1920708576671,1.04307743881998,116304,111420,4884,0.04199339661576558,471125,444899,"[472224, 472692, 472910, 472948]","[452692, 453416, 453378, 453144]",0.0015316478859980092,0.0015976785113343596
lego,atae_snugbox,189,r_189,473122,450108,845.4478971597177,888.6756067432705,1.051129951033974,116324,110571,5753,0.04945668993500911,470589,441615,"[472520, 473122, 472356, 472796]","[449516, 449346, 449776, 450108]",0.00162048324672069,0.0016945138446451027
lego,atae_snugbox,190,r_190,473528,450332,844.7230153232755,888.2335698995408,1.0515086647184744,116401,110601,5800,0.049827750620699135,472312,442946,"[473528, 472666, 472488, 472984]","[450332, 449470, 449782, 449282]",0.0021991197177514423,0.0023348042600171443
lego,atae_snugbox,191,r_191,469714,443258,851.5820265097485,902.4089807741767,1.0596853299884041,115566,108951,6615,0.05724001869061835,473766,440222,"[469684, 469356, 469714, 469222]","[442756, 442890, 443232, 443258]",0.001047936714846196,0.0011330958797744642
lego,atae_snugbox,192,r_192,467960,441870,854.7739123001966,905.2436236902256,1.059044515355195,115135,108611,6524,0.0566639162722022,478929,444758,"[467960, 467810, 467162, 467878]","[441688, 441780, 441870, 441088]",0.0017062128169081842,0.0017708072684618546
lego,atae_snugbox,193,r_193,464226,437194,861.6492828923843,914.9256394186563,1.0618306747119128,114263,107505,6758,0.05914425492066548,483055,447347,"[464136, 464226, 464084, 463842]","[437194, 436806, 437114, 437046]",0.0008274578082711303,0.0008877905912502289
lego,atae_snugbox,194,r_194,462876,438102,864.1623242509874,913.0293858507836,1.0565484750126684,113918,107724,6194,0.05437244333643498,489900,454259,"[462876, 462564, 462442, 462556]","[438102, 437794, 437792, 437646]",0.0009381562635440906,0.0010414917999650552
lego,atae_snugbox,195,r_195,456752,427378,875.7487651942411,935.9396131761579,1.0687307254935912,112418,105078,7340,0.06529203508334964,499796,456981,"[456348, 456428, 456752, 456400]","[427074, 427042, 426994, 427378]",0.0008850294206562361,0.0008990405551575428
lego,atae_snugbox,196,r_196,451408,423330,886.1163293517172,944.8893298372428,1.0663265065079253,111071,104049,7022,0.06322082271700084,508184,465537,"[451222, 451408, 450964, 450812]","[423144, 422712, 422868, 423330]",0.001321210414950959,0.0014609462818562528
lego,atae_snugbox,197,r_197,448974,421712,890.9201869150552,948.5146260955344,1.064646014341541,110534,103720,6814,0.061646190312483036,523875,480280,"[448836, 448974, 448880, 448944]","[421628, 421712, 421688, 421582]",0.0003074123123086331,0.0003083107535233397
lego,atae_snugbox,198,r_198,444212,420718,900.4709463049174,950.7556130234503,1.0558426309309323,109320,103447,5873,0.053723015001829494,541309,501593,"[444212, 443830, 444096, 443952]","[420340, 420462, 420602, 420718]",0.0008603167632270887,0.0008988646483429858
lego,atae_snugbox,199,r_199,441426,415352,906.154145881756,963.0385793254878,1.062775669793332,108647,102127,6520,0.06001086086132153,561550,517017,"[441296, 441360, 441426, 441330]","[415278, 415352, 415244, 415218]",0.00029454880787034413,0.0003226792977149971
playroom,atae_snugbox,0,DSC05572,1914316,1671954,208.95191807413195,239.24103175087353,1.144957337343013,470755,410238,60517,0.12855306900617094,3676969,3088653,"[1913482, 1914316, 1913692, 1913830]","[1671954, 1671784, 1671364, 1671946]",0.0004357753823484845,0.0003529210497666534
playroom,atae_snugbox,1,DSC05580,1342550,1306906,297.94048638784403,306.0663888604077,1.027273575911351,327880,318968,8912,0.027180675857020862,2439659,2354650,"[1342392, 1342072, 1342306, 1342550]","[1306426, 1306906, 1306738, 1306658]",0.0003560972339141642,0.000367342628122221
playroom,atae_snugbox,2,DSC05588,2104084,2024266,190.10647863868553,197.60248900095146,1.0394305886676949,518064,498169,19895,0.03840259118564502,3234693,3071599,"[2103212, 2102282, 2102686, 2104084]","[2023326, 2023062, 2024266, 2023290]",0.0008568442454968127,0.0005950127650994373
playroom,atae_snugbox,3,DSC05596,1357486,1169090,294.66233905911366,342.1464557904011,1.161147559212721,331555,284487,47068,0.14196136387627994,2894618,2410676,"[1356550, 1356638, 1357446, 1357486]","[1168622, 1168568, 1169090, 1168752]",0.0006897415679830217,0.00044662795891022776
playroom,atae_snugbox,4,DSC05604,1522006,1268392,262.81105330728,315.3599202770122,1.1999492270528354,372402,309172,63230,0.16978963593106375,2888381,2281450,"[1521266, 1519006, 1522006, 1519394]","[1268392, 1267908, 1266778, 1266914]",0.0019731415965872543,0.0012733747903349748
playroom,atae_snugbox,5,DSC05612,1254958,1150166,318.7357664559292,347.77588626337416,1.0911103266832787,305958,279707,26251,0.08579935808182823,2538250,2284000,"[1254444, 1254958, 1254516, 1254650]","[1149388, 1150166, 1149444, 1149554]",0.0004096786174861036,0.0006767347634646732
playroom,atae_snugbox,6,DSC05620,1851170,1542468,216.07956049417396,259.32466670297214,1.2001351081513523,455001,377795,77206,0.16968314355353065,3370064,2701924,"[1851170, 1851140, 1850430, 1850516]","[1541554, 1541612, 1542468, 1542326]",0.00039982407740594137,0.000592740549549608
playroom,atae_snugbox,7,DSC05628,1070732,1051200,373.5762076784854,380.517503805175,1.0185806697108066,259895,255013,4882,0.018784509128686584,2496689,2451319,"[1070732, 1070490, 1070164, 1070174]","[1050930, 1050656, 1050662, 1051200]",0.0005306477078448042,0.0005176702554664646
playroom,atae_snugbox,8,DSC05636,1578770,1533778,253.3617943082273,260.7939349762482,1.0293341018061284,386735,375692,11043,0.02855443650044604,2705231,2616123,"[1578770, 1578014, 1577342, 1576874]","[1533594, 1533640, 1533300, 1533778]",0.001201711297734115,0.0003116893956486074
playroom,atae_snugbox,9,DSC05644,2389082,1789028,167.42832602648213,223.58509760607436,1.3354078303972883,589445,439491,149954,0.25439862921901113,4279623,3102292,"[2389082, 2388700, 2388206, 2388372]","[1788874, 1789028, 1788402, 1788792]",0.00036674356000820566,0.0003499603639140551
playroom,atae_snugbox,10,DSC05652,1095038,942828,365.28412712618194,424.25553759540446,1.1614398384434912,266010,227912,38098,0.14322017969249276,2319510,1976345,"[1094838, 1095038, 1094752, 1094772]","[942248, 942564, 942828, 942192]",0.00026122299858428094,0.0006748311330584493
playroom,atae_snugbox,11,DSC05661,1471138,1362716,271.89835351952024,293.53144749162703,1.0795631664998429,359933,332770,27163,0.07546682299205686,2727308,2453331,"[1470236, 1471138, 1469808, 1470986]","[1361258, 1361500, 1362716, 1362086]",0.0009044284352300036,0.0010705710446511833
playroom,atae_snugbox,12,DSC05669,1297482,1261342,308.2894406242245,317.1225567689017,1.0286520230040703,316596,307567,9029,0.028518995818014124,2449087,2368101,"[1296736, 1297084, 1297474, 1297482]","[1260724, 1261158, 1261342, 1261088]",0.0005750874580055103,0.0004900569195561258
playroom,atae_snugbox,13,DSC05678,1627364,1458528,245.7962693042245,274.2491059479146,1.1157578051295554,399084,356879,42205,0.10575467821310802,3080839,2671345,"[1627108, 1627364, 1626938, 1627174]","[1458276, 1458220, 1458280, 1458528]",0.0002618080983513465,0.00021120106203962626
playroom,atae_snugbox,14,DSC05686,1161934,1138598,344.2536323061379,351.3092417165672,1.0204953811617445,282604,276772,5832,0.02063665057819422,2020721,1966620,"[1161934, 1161042, 1161116, 1160812]","[1137452, 1137722, 1137820, 1138598]",0.0009662201845291097,0.0010071201460939382
playroom,atae_snugbox,15,DSC05695,1310146,1111476,305.3094845917936,359.88181481201576,1.178744300371758,319799,270108,49691,0.15538197430260883,2811138,2351256,"[1309730, 1310146, 1310004, 1310144]","[1111446, 1111042, 1111004, 1111476]",0.0003175557974543628,0.0004247499644541873
playroom,atae_snugbox,16,DSC05703,1749938,1417080,228.57952681752153,282.27058458238065,1.2348900556073052,429742,346520,83222,0.19365572832071337,3288503,2630590,"[1749938, 1749802, 1749564, 1749808]","[1417038, 1416840, 1417080, 1416602]",0.00021374140033764282,0.00033735858111780026
playroom,atae_snugbox,17,DSC05711,1631842,1446358,245.1217703674743,276.5567031122309,1.1282421088001726,400172,353835,46337,0.11579270913507192,3131100,2700646,"[1631602, 1631842, 1631022, 1631526]","[1446356, 1446126, 1446358, 1445760]",0.0005026055808833354,0.00041351173806313316
playroom,atae_snugbox,18,DSC05719,1266726,1177592,315.7746821333106,339.67622062649883,1.075691750623306,308896,286635,22261,0.07206632653061225,2673827,2470522,"[1266122, 1266184, 1266544, 1266726]","[1177192, 1177592, 1177286, 1177330]",0.0004769447739013293,0.00033974603983522316
playroom,atae_snugbox,19,DSC05728,1462856,1286352,273.43771362321377,310.95687650036695,1.137212831324552,357942,313821,44121,0.12326298674086864,2829773,2450401,"[1462276, 1462746, 1462434, 1462856]","[1286002, 1285720, 1286352, 1286302]",0.0003965600467120386,0.0004914104256765057
playroom,atae_snugbox,20,DSC05738,1307158,1207836,306.0073839581749,331.17078808712444,1.0822313625359734,318997,294202,24795,0.07772800371163366,2517838,2276646,"[1306406, 1307158, 1306730, 1306898]","[1207836, 1207794, 1207676, 1207166]",0.0005754523652469624,0.0005548112068551479
playroom,atae_snugbox,21,DSC05747,1262070,1133144,316.93963092379977,353.00014826006225,1.113777242786442,307659,275404,32255,0.10484009894071034,2670677,2377577,"[1262070, 1261078, 1261240, 1261396]","[1132036, 1132164, 1132360, 1133144]",0.0007863991007145768,0.0009784303786737499
playroom,atae_snugbox,22,DSC05755,1267044,1182352,315.69542967726454,338.308727011922,1.0716301067702343,308858,287695,21163,0.06852016136865485,2497582,2297998,"[1265902, 1267044, 1266018, 1266004]","[1182352, 1181258, 1181314, 1181436]",0.0009018813149461162,0.0009258710720300612
playroom,atae_snugbox,23,DSC05763,2055470,1986678,194.60269427430222,201.34113328883694,1.0346266481030142,505849,488656,17193,0.033988403654054866,2940729,2819018,"[2053376, 2055470, 2053744, 2054234]","[1985012, 1986678, 1984636, 1985410]",0.0010193719617214631,0.0010284904962844395
playroom,atae_snugbox,24,DSC05771,2058952,1918214,194.2735916135976,208.52730717219248,1.073369290392,506752,471703,35049,0.06916400921949988,3004895,2766381,"[2057752, 2058952, 2057242, 2057326]","[1918214, 1917680, 1917604, 1916990]",0.0008309772778739422,0.0006382905494409221
playroom,atae_snugbox,25,DSC05780,1352670,1332694,295.71144477219127,300.1439190091649,1.0149891873153176,330433,325419,5014,0.015174029228315573,2349379,2300888,"[1352670, 1352598, 1352514, 1352386]","[1332258, 1332576, 1332694, 1332416]",0.00020997499523120168,0.0003272079406462807
playroom,atae_snugbox,26,DSC05788,1548692,1424430,258.28247320965045,280.8140800179721,1.087236298027983,379404,348351,31053,0.08184679128317045,2897379,2598829,"[1548146, 1548692, 1548326, 1548540]","[1424346, 1424430, 1423952, 1424128]",0.0003526161405194695,0.00033562371946912475
playroom,atae_snugbox,27,DSC05797,1792864,1652938,223.10671640459066,241.9933476028744,1.0846529028916996,440326,405319,35007,0.07950245954133983,3337554,3017763,"[1791856, 1792658, 1792864, 1791078]","[1651942, 1651906, 1652938, 1651558]",0.000996588386676294,0.0008353076050520372
playroom,atae_snugbox,28,DSC05805,1156026,1090148,346.0129789468403,366.92265637326307,1.0604303268913946,281181,264779,16402,0.05833253313701851,2033409,1902139,"[1156026, 1155438, 1155028, 1155644]","[1089858, 1090148, 1090000, 1089698]",0.0008636699569203502,0.0004128720665439672
train,atae_snugbox,0,00001,1813452,1308014,220.5738006851022,305.8071243885769,1.3864163533417837,449261,322898,126363,0.28126857216629086,2667203,1992191,"[1813152, 1813430, 1813452, 1813242]","[1307742, 1307798, 1308014, 1307914]",0.0001654424841961067,0.00020797221735849287
train,atae_snugbox,1,00009,1557832,1103730,256.7670968371429,362.40747284209,1.4114248955813469,385355,271822,113533,0.29461924718765814,2603328,1890179,"[1557832, 1557760, 1557580, 1557608]","[1103730, 1103570, 1103546, 1103406]",0.00016177749816234885,0.00029359447534939103
train,atae_snugbox,2,00017,1735934,1108302,230.42350688447831,360.9124588785367,1.5663005209771343,429627,272781,156846,0.3650748207165751,2882186,1888793,"[1735490, 1735934, 1733870, 1733838]","[1108198, 1108302, 1106528, 1106568]",0.0012082202788475562,0.0016019519613075324
train,atae_snugbox,3,00025,1174646,936164,340.5281250691698,427.27556282873513,1.254743826936306,289573,229950,59623,0.20589972131379652,1781334,1411181,"[1174500, 1174490, 1174646, 1174632]","[936016, 936144, 936164, 935976]",0.00013281490115080706,0.00020083860801751996
train,atae_snugbox,4,00033,1374468,1030766,291.0216898465443,388.0609178028767,1.3334432839267107,339376,253402,85974,0.25332964028098626,2278027,1720497,"[1374468, 1373356, 1373948, 1373344]","[1029356, 1029432, 1029978, 1030766]",0.0008181810902626988,0.0013690875565476855
train,atae_snugbox,5,00041,1634054,1204452,244.78995186205597,332.10123774131307,1.356678389840359,404376,296955,107421,0.26564632915900055,2516241,1865762,"[1633246, 1634054, 1633950, 1633866]","[1204314, 1204020, 1203594, 1204452]",0.0004945589336134202,0.0007125683604698965
train,atae_snugbox,6,00049,1588982,1204520,251.7334998130879,332.0824892903397,1.3191827449938565,393117,296953,96164,0.2446192863702155,2485070,1901543,"[1588586, 1588982, 1588730, 1588674]","[1203904, 1203940, 1204520, 1203984]",0.00024925365524820564,0.0005115909398573359
train,atae_snugbox,7,00057,1809488,1331610,221.0570061807539,300.3882518154715,1.3588723425026847,448250,328757,119493,0.2665766871165644,2468933,1843754,"[1809350, 1808914, 1809488, 1809348]","[1331048, 1331610, 1331482, 1331072]",0.00031725414876124415,0.0004221428179760731
train,atae_snugbox,8,00065,1904394,1340390,210.04056933596723,298.4206089272525,1.4207760427935152,471994,330990,141004,0.29874108569176727,2696489,1922534,"[1904258, 1904074, 1904278, 1904394]","[1340314, 1340158, 1340390, 1340078]",0.00016804507388994413,0.00023279499490760948
train,atae_snugbox,9,00073,2013016,1263864,198.70681604120384,316.4897488970332,1.5927473209142755,498778,311832,186946,0.37480803082734204,2976247,1856746,"[2009822, 2010172, 2012538, 2013016]","[1263864, 1263820, 1262964, 1263764]",0.0015879589556858028,0.0007122490212511367
train,atae_snugbox,10,00081,1704300,892706,234.70046353341547,448.07585027993537,1.9091391790802348,421696,219086,202610,0.48046460009106084,2545793,1271518,"[1702158, 1703902, 1701876, 1704300]","[892702, 892426, 892706, 892642]",0.001423321212007335,0.00031368366570731744
train,atae_snugbox,11,00089,1636888,926842,244.36613867289637,431.5730189180033,1.7660917394766313,405124,227594,177530,0.43821151054985635,2528035,1486830,"[1636744, 1636822, 1636888, 1636630]","[926718, 926842, 926800, 926244]",0.00015762742619462343,0.0006453346513412277
train,atae_snugbox,12,00097,1398044,774150,286.11402788467313,516.6957308015243,1.8059084156817153,345236,189293,155943,0.4516997068671865,2238109,1311668,"[1398044, 1396106, 1396980, 1397746]","[773198, 773974, 772466, 774150]",0.0013870409721024406,0.0021772661863062367
train,atae_snugbox,13,00105,1742064,910824,229.61268931566235,439.162780076063,1.9126241732760665,431321,223518,207803,0.48178270939740936,2668606,1429633,"[1742064, 1741418, 1741406, 1741348]","[910088, 910824, 910258, 910218]",0.00041112589352413557,0.0008084829191506096
train,atae_snugbox,14,00113,1761422,1214988,227.08924948138494,329.22135856485824,1.4497443596150743,436246,299635,136611,0.3131512953700435,2503274,1822124,"[1761348, 1761136, 1761130, 1761422]","[1214686, 1214988, 1214674, 1214912]",0.00016579049418626108,0.0002584755703543338
train,atae_snugbox,15,00121,1755398,1267420,227.86855174723908,315.6017736819681,1.3850168057944485,434689,312678,122011,0.2806857316380217,2656620,2003541,"[1755224, 1755398, 1755392, 1754110]","[1267296, 1267420, 1267090, 1266142]",0.0007338901706009751,0.001008692275453497
train,atae_snugbox,16,00129,1268000,1001922,315.45741324921136,399.23267479903626,1.2655675791129448,312789,246251,66538,0.21272487203833895,2044225,1617711,"[1267738, 1268000, 1267230, 1266756]","[1001066, 1001922, 1000928, 1001200]",0.0009815129975517406,0.0009927302979489234
train,atae_snugbox,17,00137,1561422,1204366,256.17674145746633,332.12495204946003,1.29646801719743,386216,296933,89283,0.2311737473330986,2649785,2121469,"[1561398, 1561132, 1561422, 1560604]","[1204366, 1203914, 1203782, 1203966]",0.000523976404407295,0.000485047013846265
train,atae_snugbox,18,00145,1619034,1268658,247.0609017475853,315.2937986439214,1.2761784499841564,400544,312943,87601,0.21870506111688104,2476404,2035138,"[1619034, 1618282, 1618454, 1618034]","[1268658, 1268094, 1267978, 1267458]",0.0006178747456673078,0.0009463371625815131
train,atae_snugbox,19,00153,1681280,1097980,237.9139703083365,364.30536075338347,1.5312482923186215,416071,270256,145815,0.3504570133462798,2360975,1658180,"[1680442, 1681280, 1680798, 1679716]","[1096656, 1097552, 1097008, 1097980]",0.0009306427206661593,0.0012065991129127066
train,atae_snugbox,20,00161,1503476,968230,266.0501398093485,413.12498063476653,1.5528087334620906,371761,237959,133802,0.35991403078859807,1992712,1518783,"[1503476, 1503294, 1503144, 1503362]","[968090, 968130, 967994, 968230]",0.00022084467767652773,0.00024377369950346603
train,atae_snugbox,21,00169,1793954,1240652,222.97115756591307,322.41111931468294,1.4459767928476317,444368,306030,138338,0.3113140460159147,2488994,1774966,"[1793538, 1793560, 1793936, 1793954]","[1240212, 1240490, 1240226, 1240652]",0.00023191676418134777,0.0003547257123738809
train,atae_snugbox,22,00177,1572838,857306,254.31735499778108,466.57786134705697,1.8346284757134559,388730,209858,178872,0.4601445733542562,2773998,1593140,"[1571392, 1570798, 1572838, 1569752]","[857306, 856128, 854748, 854646]",0.001964110120004201,0.003108540657023958
train,atae_snugbox,23,00185,1504604,956814,265.85068230577616,418.0540836568027,1.5725146162158998,371947,234900,137047,0.3684584093970377,2550287,1614054,"[1504604, 1504270, 1503466, 1503912]","[955622, 955450, 955614, 956814]",0.0007566172427617726,0.0014269648228063293
train,atae_snugbox,24,00193,1675476,945172,238.73812576246988,423.20339578404776,1.772667831886683,414706,232158,182548,0.440186541791052,2759760,1571493,"[1674936, 1674700, 1675284, 1675476]","[944736, 945018, 945172, 944702]",0.00046325620157375774,0.0004974034481700316
train,atae_snugbox,25,00201,1963792,1223660,203.68755957861117,326.8881878953304,1.6048510207083666,486713,301780,184933,0.37996314049552815,2908390,1775851,"[1962774, 1962910, 1963032, 1963792]","[1223660, 1223466, 1223372, 1223082]",0.0005185604395436464,0.00047245574814348595
train,atae_snugbox,26,00209,1769296,938218,226.07862110127417,426.34014695944865,1.8858047916369116,438114,230400,207714,0.4741094783549487,2568341,1281963,"[1767364, 1769204, 1769060, 1769296]","[937996, 938048, 937238, 938218]",0.0010923085534205032,0.0010449153671864587
train,atae_snugbox,27,00217,1838308,922266,217.59139382519143,433.71435139103033,1.9932514046923555,455434,226466,228968,0.5027468304957469,2761959,1460126,"[1837822, 1837916, 1838308, 1837998]","[922114, 922266, 922116, 922060]",0.000264416263014748,0.00022339365323449068
train,atae_snugbox,28,00225,1882436,1052662,212.49062385122255,379.9890183173706,1.7882625192131947,466461,259049,207412,0.44465024943135656,2859366,1669704,"[1882436, 1881934, 1881898, 1882208]","[1052222, 1052358, 1052642, 1052662]",0.00028584802554992535,0.0004180637756289722
train,atae_snugbox,29,00233,1625288,869548,246.11022784884895,460.00910818034197,1.8691182085405291,402114,213226,188888,0.4697374376420617,2837077,1599161,"[1624216, 1625288, 1624294, 1625126]","[869402, 868930, 869548, 868836]",0.0006598015302225414,0.0008191638316158122
train,atae_snugbox,30,00241,1312118,890826,304.8506308121678,449.0214699615862,1.4729228828076415,323920,218614,105306,0.32509878982464807,2350852,1644432,"[1311986, 1312118, 1311802, 1311914]","[890826, 890612, 890744, 890742]",0.00024086191980670068,0.0002402521075386396
train,atae_snugbox,31,00249,1539948,904220,259.7490304867437,442.37021963681406,1.7030678374731814,380493,221817,158676,0.4170273828953489,2386736,1472627,"[1539948, 1537596, 1538650, 1536794]","[904146, 904220, 902942, 902864]",0.002050385926317425,0.001500758679996414
train,atae_snugbox,32,00257,1654826,915152,241.7172560740525,437.0858611465636,1.8082526181443084,409443,224649,184794,0.45133022178911353,2483323,1446126,"[1654612, 1653882, 1652868, 1654826]","[914658, 914858, 915152, 914816]",0.001183763218336601,0.0005399668368545947
train,atae_snugbox,33,00265,1612168,817062,248.11309987544723,489.5589318803224,1.9731281102290892,398857,200123,198734,0.4982587744479851,2570908,1401169,"[1611184, 1612168, 1612000, 1611460]","[817062, 816742, 816246, 817018]",0.0006105343230111255,0.0009990609316977792
train,atae_snugbox,34,00273,1778052,979178,224.96529910261341,408.5059100592538,1.8158618759816907,440305,240568,199737,0.45363327693303507,2535209,1525364,"[1776348, 1778052, 1778014, 1777566]","[978772, 979024, 979178, 977214]",0.0009586524856610005,0.002007057402454864
train,atae_snugbox,35,00281,1612342,904340,248.08632411733987,442.3115200035385,1.782893601963863,398681,221884,176797,0.44345479217720435,2396904,1444234,"[1611048, 1612342, 1610824, 1609782]","[903034, 904260, 904340, 903610]",0.0015890760950193017,0.0014449923711926497
train,atae_snugbox,36,00289,1638292,1176768,244.15671931499392,339.914069723174,1.3921962527872953,405368,290082,115286,0.2843983738232914,2698815,1977560,"[1637662, 1638292, 1637496, 1637538]","[1176718, 1176510, 1176768, 1176416]",0.0004860335570756655,0.0002991663288296902
train,atae_snugbox,37,00297,1817594,1372324,220.0711490024725,291.47635689531046,1.3244641935869372,450212,338934,111278,0.2471680008529315,2662406,2083249,"[1817594, 1816818, 1816988, 1817092]","[1372088, 1371706, 1371926, 1372324]",0.00042704869180567304,0.00045043370643529825
truck,atae_snugbox,0,000001,2261864,1882638,176.8452922014763,212.46782440384183,1.2014333079434283,561153,466390,94763,0.16887194757935892,2997397,2420379,"[2261864, 2260224, 2260896, 2260564]","[1882256, 1881552, 1880894, 1882638]",0.0007253790215963912,0.0009267550024311377
truck,atae_snugbox,1,000009,2292006,1880330,174.5196129504024,212.7286167853515,1.2189381651093159,568732,465846,102886,0.18090418685778187,3070301,2441487,"[2290854, 2292006, 2290986, 2290966]","[1879594, 1879200, 1879512, 1880330]",0.0005027926377540532,0.000601172872313542
truck,atae_snugbox,2,000017,2230286,1778368,179.34919557402054,224.925324792169,1.2541195073235685,553100,440278,112822,0.20398119689025493,3135553,2417468,"[2228152, 2228406, 2227856, 2230286]","[1777020, 1778368, 1777454, 1776706]",0.001090333942813555,0.0009350805423917244
truck,atae_snugbox,3,000025,1708156,1467082,234.17064951913056,272.6500631866521,1.1643221033316475,422878,362540,60338,0.1426841784155241,2523916,2048185,"[1707688, 1707722, 1707582, 1708156]","[1466258, 1467082, 1466196, 1466204]",0.0003361074888144716,0.0006041863430700985
truck,atae_snugbox,4,000033,2237926,1617520,178.73691980878723,247.29215094712893,1.383553835501261,555346,400255,155091,0.2792691403197286,3179458,2200774,"[2237524, 2237780, 2237406, 2237926]","[1617432, 1617046, 1617182, 1617520]",0.00023238572096999588,0.0002930819671117514
truck,atae_snugbox,5,000041,2150482,1761628,186.004811944485,227.0626942805178,1.2207355923043912,533282,436188,97094,0.182068774119509,2970766,2365832,"[2148910, 2150104, 2148116, 2150482]","[1760278, 1761628, 1761010, 1761192]",0.0011007707721632472,0.0007665981271155978
truck,atae_snugbox,6,000049,1979556,1664948,202.0655136808456,240.24774347306942,1.1889596551964385,490708,412097,78611,0.16019914083324502,2841379,2292227,"[1979034, 1978922, 1979556, 1978916]","[1664528, 1664948, 1664650, 1664526]",0.00032337817005346353,0.00025350476342659147
truck,atae_snugbox,7,000057,2387112,1781846,167.5664987650349,224.48629118341316,1.3396847987985494,592349,441034,151315,0.25544906803252815,3273293,2320541,"[2385810, 2385114, 2384648, 2387112]","[1779320, 1781846, 1780722, 1779756]",0.0010328331106845832,0.001418773530381468
truck,atae_snugbox,8,000065,2338330,1705980,171.06225383072535,234.4693372724182,1.3706667135605342,580401,422339,158062,0.27233240466505054,3039835,2185979,"[2337732, 2337838, 2338330, 2337616]","[1705550, 1705980, 1705576, 1705418]",0.00030540502737737925,0.00032949682551501467
truck,atae_snugbox,9,000073,2248896,1647720,177.86505022909017,242.75969218071032,1.3648532517660767,558115,407786,150329,0.2693512985674995,3221963,2327686,"[2248896, 2248640, 2248868, 2248536]","[1647424, 1647720, 1647522, 1647010]",0.0001600900061590183,0.0004309771830967107
truck,atae_snugbox,10,000081,1988410,1699594,201.16575555343215,235.35032484228586,1.169932348549124,493007,420806,72201,0.14645025324184038,2684819,2222405,"[1988264, 1988162, 1988410, 1988376]","[1699344, 1699592, 1699466, 1699594]",0.00012472948036592007,0.00014710217540581078
truck,atae_snugbox,11,000089,2270194,1688288,176.19639555033623,236.92640118273658,1.344672236016604,563066,417878,145188,0.2578525430411355,3020228,2177846,"[2270194, 2267448, 2268880, 2267634]","[1688058, 1687586, 1688288, 1687216]",0.0012104707038318495,0.0006351512365008144
truck,atae_snugbox,12,000097,2310600,1795930,173.11520817103784,222.72583007132795,1.2865757574070258,573466,444795,128671,0.22437424363432182,3127125,2357670,"[2309330, 2310370, 2310256, 2310600]","[1794252, 1795808, 1795930, 1795830]",0.0005497504695604897,0.0009345820418779641
truck,atae_snugbox,13,000105,2231162,1849350,179.27877939835835,216.2922107767594,1.2064574039527403,553641,458258,95383,0.17228312209536506,2855037,2371600,"[2230874, 2230900, 2230420, 2231162]","[1849250, 1849350, 1849314, 1849314]",0.00033261028698171406,5.407430999828584e-05
truck,atae_snugbox,14,000113,2027576,1657708,197.27990467435006,241.29701974050917,1.2231201152434565,502729,410249,92480,0.18395596832488278,2609105,2128986,"[2027236, 2027060, 2026892, 2027576]","[1657708, 1657004, 1657362, 1657010]",0.0003374127055615381,0.0004247947378551848
truck,atae_snugbox,15,000121,2085136,1683774,191.83400986794146,237.5615729901994,1.238370470146231,517129,416797,100332,0.19401735350367122,2680397,2186969,"[2084766, 2084244, 2085136, 2085018]","[1683416, 1683556, 1683774, 1683106]",0.0004278606344712731,0.00039680111769608244
truck,atae_snugbox,16,000129,2063302,1777674,193.86401021275606,225.0131351417639,1.1606751294106794,511668,440286,71382,0.13950843124838763,2694678,2297889,"[2062946, 2063152, 2063302, 2062388]","[1777470, 1777008, 1777674, 1777524]",0.00044305549294286283,0.00037470061926872614
truck,atae_snugbox,17,000137,2059396,1644044,194.2317067722769,243.30249068759716,1.2526404402801872,510440,406722,103718,0.2031933234072565,2889647,2257123,"[2059396, 2057098, 2057578, 2058068]","[1643082, 1642896, 1644044, 1642630]",0.0011165990860213747,0.0008605354429231915
truck,atae_snugbox,18,000145,1834878,1531922,217.99814483578746,261.10989985129794,1.1977620270483744,454562,378749,75813,0.1667825291159402,2666243,2083283,"[1834480, 1834404, 1834330, 1834878]","[1531922, 1531010, 1531134, 1531018]",0.0002987152518665615,0.0005955836687300942
truck,atae_snugbox,19,000153,2297216,1484392,174.1238089931465,269.4705980630453,1.547580423499992,570032,366860,203172,0.35642209560165045,3394083,2073439,"[2296262, 2296100, 2296034, 2297216]","[1484392, 1483628, 1483330, 1483510]",0.000514718017699855,0.0007157708859181177
truck,atae_snugbox,20,000161,2143334,1385578,186.62513635299024,288.6881864463783,1.5468880135221545,531695,342286,189409,0.3562361880401358,3118024,1983046,"[2143334, 2143112, 2142732, 2143042]","[1385494, 1385058, 1385578, 1385546]",0.00028090739621708263,0.00037533771371693327
truck,atae_snugbox,21,000169,2304336,1664728,173.5857965157859,240.27949310638135,1.384211715066966,571888,411903,159985,0.2797488319391209,3298401,2303694,"[2303930, 2302764, 2304336, 2304278]","[1663848, 1663968, 1663004, 1664728]",0.0006823429016154425,0.0010361280543690768
truck,atae_snugbox,22,000177,2229084,1742928,179.4459069285859,229.4988662756006,1.278930627082702,553072,431576,121496,0.2196748343796106,3158662,2478761,"[2228476, 2228268, 2229084, 2228424]","[1742512, 1742398, 1742928, 1742478]",0.0003661552309717069,0.00030414689950929055
truck,atae_snugbox,23,000185,2055964,1518894,194.5559358043234,263.3495161611014,1.353592811611607,509854,375633,134221,0.26325379422344436,2841900,2145565,"[2055576, 2055830, 2055964, 2055394]","[1518754, 1518716, 1518894, 1518864]",0.0002772790268576357,0.00011719724757655185
truck,atae_snugbox,24,000193,2122156,1613456,188.48755699392504,247.91503455935583,1.3152859452008607,526417,399225,127192,0.24161833679383454,3048382,2283822,"[2122120, 2121864, 2122156, 2121632]","[1613022, 1612838, 1613384, 1613456]",0.0002469434852868338,0.0003830954484169417
truck,atae_snugbox,25,000201,2192438,1827626,182.44529605854305,218.86315909272466,1.1996097669873376,543816,452683,91133,0.16758057872515703,3001370,2430346,"[2190994, 2190974, 2191750, 2192438]","[1826694, 1827626, 1826670, 1827038]",0.0006680237038902798,0.0005232601736063409
truck,atae_snugbox,26,000209,2151170,1685930,185.9453227778372,237.25777464070276,1.2759545176846014,533483,417245,116238,0.21788510599213096,3226747,2439915,"[2149786, 2149074, 2150798, 2151170]","[1685562, 1684932, 1685930, 1684596]",0.0009747898690684199,0.0007915716019237445
truck,atae_snugbox,27,000217,2142850,1437376,186.66728889096296,278.28487466049245,1.4908068591655905,531552,355220,176332,0.3317304798025405,3174052,2077865,"[2142850, 2142690, 2141938, 2142454]","[1437258, 1437050, 1436936, 1437376]",0.00042567432273674983,0.0003061604350261454
truck,atae_snugbox,28,000225,2457368,1810260,162.77578287012773,220.96273463480384,1.3574668832101466,610074,448218,161856,0.2653055203139291,3396119,2381534,"[2456718, 2454856, 2457368, 2457342]","[1809036, 1808260, 1810260, 1809032]",0.001022563565229745,0.0011054933623414792
truck,atae_snugbox,29,000233,2346606,1507124,170.4589522058667,265.40616432357257,1.5570092440967034,582544,372693,209851,0.3602320168090307,3308497,1997558,"[2346456, 2346526, 2346606, 2346216]","[1506900, 1507124, 1507066, 1507098]",0.00016620845694199451,0.00014863504588775268
truck,atae_snugbox,30,000241,2415142,1674168,165.62173155864127,238.92464794453124,1.4425923802151277,599651,414392,185259,0.30894470283548264,3326495,2259015,"[2414784, 2415074, 2414516, 2415142]","[1673676, 1673994, 1674168, 1673534]",0.0002592262386645459,0.00037876909602632984
truck,atae_snugbox,31,000249,2161310,1826002,185.07294187321577,219.0578104514672,1.1836295907671515,536184,452354,83830,0.15634558285961536,2841883,2361801,"[2161310, 2161216, 2161078, 2160440]","[1825302, 1826002, 1825522, 1825938]",0.00040258934359889886,0.00038341647080475285
bicycle,baseline_aabb,0,_DSC8679,13771364,13359612,29.04577934328074,29.94098930418039,1.0308206555699373,3429953,3327016,102937,0.030011198404176383,9400632,9017617,"[13768822, 13770874, 13771364, 13769188]","[13359130, 13359612, 13357080, 13357434]",0.0001846033808707615,0.00018954487819346065
bicycle,baseline_aabb,1,_DSC8687,14096458,13606052,28.375922518976044,29.398682292262297,1.036043225470548,3510951,3388352,122599,0.034919029060787234,9306311,8844148,"[14092602, 14096458, 14096100, 14091056]","[13606052, 13600666, 13605708, 13602206]",0.00038328219829440133,0.0003959229201439789
bicycle,baseline_aabb,2,_DSC8695,12072008,11504366,33.13450421835373,34.769408414162065,1.0493414413275794,3005227,2863313,141914,0.047222389523320536,8079728,7688940,"[12070540, 12070760, 12072008, 12071324]","[11503100, 11503656, 11504366, 11502886]",0.00012161219329578819,0.00012865647348085828
bicycle,baseline_aabb,3,_DSC8703,15740746,15346820,25.411756215366157,26.064031506201285,1.0256682491877795,3922480,3823998,98482,0.025107075115743102,10251551,9979934,"[15740454, 15740562, 15738918, 15740746]","[15346820, 15346630, 15344994, 15346524]",0.00011613597565972922,0.00011898678516864259
bicycle,baseline_aabb,4,_DSC8711,11999560,11595892,33.33455560037201,34.49497459962545,1.034811293516704,2986894,2885970,100924,0.0337889459753175,7799380,7506863,"[11996008, 11996858, 11998878, 11999560]","[11595162, 11593150, 11592316, 11595892]",0.0002960536350502166,0.00030843193926581813
bicycle,baseline_aabb,5,_DSC8719,10645612,10305590,37.57416670831137,38.81388644415313,1.0329939382412845,2648623,2563618,85005,0.03209403527795387,7102518,6859330,"[10644948, 10643994, 10644414, 10645612]","[10304932, 10303970, 10305590, 10304396]",0.00015199992634861418,0.0001572094812455882
bicycle,baseline_aabb,6,_DSC8727,13837606,13434274,28.90673430071647,29.774589977843238,1.0300226123123586,3446298,3345466,100832,0.029258061839109676,9401453,9010606,"[13834570, 13834842, 13834750, 13837606]","[13431526, 13434274, 13431244, 13431412]",0.000219436430003465,0.00022557878826817582
bicycle,baseline_aabb,7,_DSC8735,12479434,12042660,32.052735725033685,33.2152531085325,1.0362688974030654,3106954,2997765,109189,0.03514342343015056,8093688,7748493,"[12479434, 12477290, 12479196, 12476344]","[12040542, 12042430, 12039608, 12042660]",0.00024763452926118517,0.00025346079454810147
bicycle,baseline_aabb,8,_DSC8744,10226300,9956422,39.114831366183274,40.17507494158042,1.0271059221877097,2543776,2476307,67469,0.026523168706678577,6928989,6752371,"[10226300, 10224950, 10224394, 10225772]","[9955896, 9955072, 9956422, 9954522]",0.000186399414631513,0.0001908497010389657
bicycle,baseline_aabb,9,_DSC8752,12807386,12590510,31.231978172595095,31.769960073102677,1.0172253546520356,3188925,3134704,54221,0.01700290850364935,8080743,7942412,"[12804444, 12806360, 12807386, 12805610]","[12590510, 12588730, 12587554, 12589470]",0.0002297369582108317,0.00023480693484329972
bicycle,baseline_aabb,10,_DSC8760,13804042,13614118,28.97701991923815,29.38126436101112,1.0139505181312516,3438372,3390890,47482,0.013809442375635911,8635758,8502825,"[13803208, 13803962, 13803740, 13804042]","[13613818, 13613276, 13614028, 13614118]",6.0418417098325106e-05,6.184896072444085e-05
bicycle,baseline_aabb,11,_DSC8768,10403548,10114110,38.448421634619265,39.548709673911,1.0286172485764937,2587968,2515607,72361,0.027960546652817962,6914626,6729987,"[10402444, 10401226, 10403548, 10401270]","[10114110, 10113002, 10111778, 10111822]",0.00022322368455205582,0.00023060162698743103
bicycle,baseline_aabb,12,_DSC8776,12189214,11819158,32.81589772728578,33.84335838475126,1.031309844576069,3034258,2941746,92512,0.030489167368101196,7832664,7559740,"[12187310, 12186006, 12186598, 12189214]","[11815962, 11819158, 11817266, 11816550]",0.00026322522117728955,0.00027045245951802256
bicycle,baseline_aabb,13,_DSC8784,11833736,11532628,33.80166669258128,34.68420207432339,1.0261092267954883,2945590,2870314,75276,0.0255554914295608,7561282,7299922,"[11832556, 11833736, 11830444, 11833704]","[11532628, 11529346, 11532596, 11531454]",0.0002782141894307342,0.000284611567647799
bicycle,baseline_aabb,14,_DSC8792,9386704,9158880,42.61346687825674,43.673462257393915,1.0248746571633214,2333907,2276950,56957,0.024404142924289614,6385828,6256792,"[9385490, 9386704, 9386540, 9384778]","[9156950, 9157662, 9158880, 9158708]",0.00020520190013123972,0.00021074355348573112
bicycle,baseline_aabb,15,_DSC8800,13927844,13885326,28.719448609562257,28.80738990211681,1.0030620815096456,3469172,3458542,10630,0.003064131729415549,9164856,9132413,"[13926324, 13926014, 13927844, 13927570]","[13885326, 13883496, 13885050, 13883800]",0.00013140002490138176,0.00013180242772869557
bicycle,baseline_aabb,16,_DSC8808,8675962,8491886,46.10439741437318,47.103788251514445,1.0216766923154645,2156129,2110110,46019,0.02134334262931392,5821371,5714363,"[8673720, 8674936, 8675962, 8674446]","[8490858, 8490372, 8489644, 8491886]",0.00025845077550218647,0.00026405392259050794
bicycle,baseline_aabb,17,_DSC8816,12673798,12376090,31.561178424967796,32.32038551755846,1.0240550933291532,3155457,3081031,74426,0.02358644088637557,8604024,8326568,"[12671008, 12671146, 12673798, 12672360]","[12374658, 12373442, 12376090, 12373306]",0.0002201690993379302,0.0002249810778306846
bicycle,baseline_aabb,18,_DSC8824,10860718,10564482,36.8299775392382,37.86271773665761,1.0280407501285913,2702374,2628316,74058,0.027404792970921122,6911499,6682378,"[10860552, 10858728, 10860718, 10858986]","[10564482, 10564320, 10562760, 10562494]",0.0001832455381553123,0.00018819495103617983
bicycle,baseline_aabb,19,_DSC8832,8620702,8567586,46.39993355529515,46.68759671627457,1.006199645967954,2142434,2129155,13279,0.006198090582953781,5871637,5835319,"[8619648, 8619340, 8620702, 8620254]","[8566224, 8567134, 8567586, 8566536]",0.00015800489699171205,0.00015898455328492204
bicycle,baseline_aabb,20,_DSC8840,12090888,12069844,33.08276447519818,33.14044489721657,1.0017435188060426,3009925,3004665,5260,0.0017475518492985705,7485437,7469121,"[12088364, 12090154, 12090394, 12090888]","[12067320, 12069844, 12069116, 12069360]",0.0002087684399025637,0.00020913239058042524
bicycle,baseline_aabb,21,_DSC8848,8599872,8575372,46.51232018337017,46.645206761875755,1.0028570189141648,2137267,2131144,6123,0.002864873691494792,5744541,5727915,"[8599858, 8597950, 8599592, 8599872]","[8575110, 8575356, 8575372, 8573466]",0.00022350609664626892,0.00022227856285363692
bicycle,baseline_aabb,22,_DSC8856,11052686,10903916,36.190297996342245,36.68406836589717,1.0136437221269863,2750229,2713036,37193,0.013523601125578997,6790528,6676197,"[11052686, 11052094, 11050004, 11049880]","[10901106, 10903916, 10903324, 10901230]",0.00025390985892348374,0.00025774155657922474
bicycle,baseline_aabb,23,_DSC8864,11425912,11377228,35.00814639566627,35.157948843074955,1.0042790739536906,2843605,2831309,12296,0.004324088612869931,6545469,6515056,"[11425084, 11424314, 11423370, 11425912]","[11374842, 11375720, 11374154, 11377228]",0.00022250095626394462,0.0002702302125816866
bicycle,baseline_aabb,24,_DSC8872,12477428,12198278,32.05788885337587,32.79151368742375,1.0228843776146108,3106364,3036581,69783,0.02246452765999091,7148240,6943470,"[12476174, 12475256, 12473966, 12477428]","[12196332, 12198278, 12197244, 12194442]",0.0002774993254890745,0.0003145145513813961
drjohnson,baseline_aabb,0,IMG_6292,5314778,5175930,75.26184536776512,77.28079784695697,1.0268257105486358,1319900,1285216,34684,0.02627774831426623,3992439,3868500,"[5314264, 5314778, 5314764, 5313194]","[5175752, 5175930, 5175386, 5174988]",0.0002980665192642424,0.0001820109075156593
drjohnson,baseline_aabb,1,IMG_6301,2497174,2486796,160.1810686800359,160.84954294602372,1.0041732413917346,615465,612872,2593,0.004213074667121607,2149757,2140386,"[2497036, 2495964, 2497174, 2495866]","[2485596, 2486668, 2486796, 2485492]",0.0005239314082459113,0.0005245082935862772
drjohnson,baseline_aabb,2,IMG_6313,12246426,8789920,32.66259070197297,45.50667127800936,1.3932352057811674,3052527,2188347,864180,0.28310314699919115,8037968,5738410,"[12242814, 12244932, 12246426, 12244860]","[8787302, 8787892, 8789920, 8787038]",0.0002949833716599381,0.00032794578266502714
drjohnson,baseline_aabb,3,IMG_6322,4552092,4390402,87.87168624887195,91.10783021691408,1.0368280626694322,1129040,1088640,40400,0.03578261177637639,3729056,3569822,"[4551716, 4552092, 4550772, 4548660]","[4389200, 4389766, 4390402, 4387472]",0.0007541514587512992,0.0006675460959944956
drjohnson,baseline_aabb,4,IMG_6332,5560890,5299822,71.93093191917121,75.47423290819955,1.0492597675921946,1381534,1316036,65498,0.04740961858340077,4014007,3790428,"[5560890, 5560842, 5560586, 5560826]","[5297726, 5298238, 5299822, 5299390]",5.466853067174317e-05,0.00039556170706013484
drjohnson,baseline_aabb,5,IMG_6340,5487160,5299592,72.89745514984072,75.47750845725483,1.035392913265776,1362492,1315652,46840,0.03437818350493067,4129418,3980180,"[5482316, 5486028, 5487160, 5482968]","[5296138, 5294964, 5299592, 5298338]",0.0008831973348007099,0.0008736595423519111
drjohnson,baseline_aabb,6,IMG_6349,10052374,8125136,39.79159549774013,49.22994519722501,1.2371945528050239,2503611,2021714,481897,0.19248078076026987,6880567,5502043,"[10047946, 10051194, 10052374, 10044862]","[8125136, 8116580, 8120508, 8123800]",0.0007475300758456434,0.0010534991909136064
drjohnson,baseline_aabb,7,IMG_6358,7433770,7082446,53.80849824517035,56.47766322538852,1.0496048963874909,1848849,1761721,87128,0.04712553594155066,5247482,4937996,"[7431998, 7425604, 7433770, 7428812]","[7081550, 7082446, 7081266, 7080874]",0.001099051069132008,0.0002219858013814521
drjohnson,baseline_aabb,8,IMG_6366,6038924,5002234,66.2369653931727,79.9642719632868,1.2072454027540496,1499846,1241398,258448,0.17231635781273544,5015573,4095259,"[6036360, 6029482, 6031370, 6038924]","[4999830, 5002234, 4999488, 4999416]",0.0015647906524888656,0.000563572723080203
drjohnson,baseline_aabb,9,IMG_6374,3811834,3785244,104.93636396548223,105.67350479916222,1.0070246462315242,944067,937430,6637,0.007030221372000081,3034034,3013069,"[3810460, 3811834, 3811754, 3809624]","[3783130, 3785244, 3783930, 3785176]",0.0005799127664253075,0.0005586134548154647
drjohnson,baseline_aabb,10,IMG_6382,6730806,6118204,59.42824678054902,65.37866341168095,1.1001277499083064,1673543,1520392,153151,0.09151303551805959,5128906,4574549,"[6730806, 6726926, 6729690, 6727866]","[6118204, 6114320, 6117096, 6115252]",0.0005766239618167935,0.0006350329566408523
drjohnson,baseline_aabb,11,IMG_6392,5545318,4785812,72.13292366641552,83.58038301546321,1.158699505956356,1376453,1184078,192375,0.13976140122474215,3638265,3103236,"[5543258, 5543630, 5545318, 5529642]","[4785812, 4777262, 4759574, 4761200]",0.0028293669372698523,0.005499519803343645
drjohnson,baseline_aabb,12,IMG_6401,7185724,6243048,55.66592872200491,64.07126775254652,1.1509961159997488,1787399,1551617,235782,0.13191346755816694,5191104,4409529,"[7183780, 7185172, 7185724, 7182308]","[6243048, 6240742, 6241976, 6238706]",0.0004754848316719667,0.0006957086855271764
drjohnson,baseline_aabb,13,IMG_6410,4597114,4379960,87.01111175402654,91.32503493182587,1.0495789915889642,1140220,1085981,54239,0.0475688902141692,3664722,3439921,"[4596522, 4596120, 4592364, 4597114]","[4378732, 4375720, 4379884, 4379960]",0.0010336130979451772,0.0009683517967265142
drjohnson,baseline_aabb,14,IMG_6421,9210846,7814080,43.42706413721389,51.18964740570867,1.1787498976207051,2293187,1943597,349590,0.152447227373956,6188986,5136951,"[9205852, 9209372, 9210846, 9203522]","[7805814, 7805086, 7814080, 7811172]",0.0007954473131279869,0.0011517423785106437
drjohnson,baseline_aabb,15,IMG_6434,4606842,4566106,86.827375455898,87.60199609908311,1.0089213872827307,1142744,1132534,10210,0.008934634528818352,3531993,3499085,"[4606266, 4606842, 4604474, 4604922]","[4563370, 4566106, 4565596, 4564072]",0.0005141537762727586,0.0005993709234124009
drjohnson,baseline_aabb,16,IMG_6442,3973474,3935730,100.66757703712167,101.63298803525649,1.0095900887510068,984602,974997,9605,0.009755210734895927,3124516,3090460,"[3973060, 3972396, 3973474, 3973302]","[3934810, 3935730, 3934330, 3933682]",0.00027132752655511193,0.0005205053171346385
drjohnson,baseline_aabb,17,IMG_6450,5904888,5547680,67.74048889665646,72.1022120958671,1.0643887174458513,1467307,1377666,89641,0.06109219134100771,4142112,3857219,"[5904568, 5904554, 5904888, 5901502]","[5543398, 5543206, 5546972, 5547680]",0.0005735213363148765,0.0008068073331825754
drjohnson,baseline_aabb,18,IMG_6459,5796282,5680508,69.0097548739002,70.41623742101939,1.0203809236779529,1440397,1411366,29031,0.020154860083713033,3866664,3739600,"[5796282, 5796250, 5796184, 5796236]","[5679192, 5680394, 5680508, 5680362]",1.690751829031175e-05,0.0002316854908193744
drjohnson,baseline_aabb,19,IMG_6471,8875726,7319838,45.06673594926207,54.64601812225899,1.2125577096105133,2209910,1820914,388996,0.17602345796887656,5637042,4690579,"[8872412, 8875340, 8875726, 8873682]","[7319838, 7319824, 7316288, 7317274]",0.00037343832577028697,0.0004850849363226954
drjohnson,baseline_aabb,20,IMG_6483,7528778,5850912,53.12947200727661,68.36541038388545,1.286769994147921,1873419,1453950,419469,0.22390559719955866,5870127,4442630,"[7527772, 7528632, 7528778, 7528122]","[5850760, 5849912, 5850216, 5850912]",0.00013362864466815065,0.00017092702270765496
drjohnson,baseline_aabb,21,IMG_6491,5365016,5243310,74.55709358555501,76.28768850211031,1.0232116735420946,1332574,1302146,30428,0.022834003965258216,3715929,3621282,"[5365016, 5364938, 5364956, 5364874]","[5243112, 5243272, 5243310, 5243242]",2.646811356535555e-05,3.7762953169742186e-05
drjohnson,baseline_aabb,22,IMG_6500,4365650,4330880,91.62438583028873,92.3599822668834,1.0080283914585488,1082729,1073995,8734,0.008066653797949441,2882445,2858404,"[4365544, 4365612, 4365458, 4365650]","[4330632, 4330188, 4330820, 4330880]",4.398055143365144e-05,0.00015979199331275125
drjohnson,baseline_aabb,23,IMG_6508,4454072,4380010,89.80546340517172,91.32399241097623,1.0169090938148544,1104650,1086162,18488,0.0167365228805504,3588420,3523091,"[4453770, 4451306, 4453852, 4454072]","[4377376, 4380010, 4379816, 4379990]",0.0006211194071745355,0.0006014662624009602
drjohnson,baseline_aabb,24,IMG_6516,5196458,4923118,76.97550908715128,81.24932207596893,1.0555217242406134,1290396,1222060,68336,0.05295738672469536,3922894,3678493,"[5196458, 5196054, 5196284, 5196140]","[4923118, 4922968, 4922822, 4922652]",7.77486156320135e-05,9.465984411595628e-05
drjohnson,baseline_aabb,25,IMG_6525,5628046,5461886,71.0726244952511,73.23477641239674,1.0304217261217097,1398053,1356518,41535,0.029709174115716643,3924988,3778296,"[5628046, 5626790, 5626188, 5626424]","[5460036, 5460296, 5461886, 5460670]",0.0003302018069751844,0.0003387830400448878
drjohnson,baseline_aabb,26,IMG_6534,4299414,4219996,93.03593466458452,94.78681970314663,1.0188194491179612,1065769,1045852,19917,0.018687914548086874,3094343,3035467,"[4295804, 4299414, 4298634, 4297052]","[4219996, 4215974, 4217284, 4218978]",0.0008399790959218898,0.0009535193683918049
drjohnson,baseline_aabb,27,IMG_6543,5519128,5195124,72.47521709951282,76.99527479998552,1.0623669425407363,1370750,1289687,81063,0.05913769834032464,3739929,3495654,"[5514718, 5517690, 5519064, 5519128]","[5195124, 5194942, 5192346, 5191180]",0.000799253305302076,0.0007594257170353591
drjohnson,baseline_aabb,28,IMG_6552,6909800,6280144,57.88879562360705,63.69280704391492,1.1002613952801081,1718380,1560963,157417,0.09160779338679453,5157144,4606901,"[6907196, 6909114, 6906570, 6909800]","[6280144, 6277524, 6276884, 6279456]",0.00046756232113569874,0.000519232135308709
drjohnson,baseline_aabb,29,IMG_6560,8076570,7624118,49.52597451640981,52.4650851416518,1.0593448317562766,2010339,1896698,113641,0.056528277071677964,5654203,5242743,"[8076106, 8075326, 8076022, 8076570]","[7620606, 7619920, 7621124, 7624118]",0.00015403653736760473,0.0005508143996897175
drjohnson,baseline_aabb,30,IMG_6569,6267404,5527988,63.82227793197949,72.35905721937168,1.1337586116322973,1557836,1372988,184848,0.11865690611848743,4806634,4168772,"[6265416, 6263912, 6267404, 6267244]","[5527988, 5527616, 5524418, 5526386]",0.0005572938627135614,0.0006459665450850269
drjohnson,baseline_aabb,31,IMG_6578,4326376,4268172,92.45613418713491,93.71693549369613,1.0136367512836877,1072477,1057927,14550,0.013566724507844923,3206745,3160668,"[4323052, 4325244, 4326376, 4323560]","[4265356, 4268172, 4267048, 4264856]",0.0007686334649691368,0.0007772437287260001
drjohnson,baseline_aabb,32,IMG_6589,6458816,6298344,61.93085543852,63.50875722253342,1.025478443222536,1605390,1565393,39997,0.024914195304567736,4231008,4104225,"[6457172, 6453850, 6458816, 6455002]","[6295258, 6295290, 6298344, 6295996]",0.0007691819194233149,0.0004901351953600111
garden,baseline_aabb,0,DSC07956,9228800,8479256,43.342579750346744,47.173950167326,1.0883973782605456,2294631,2107245,187386,0.08166280330039993,6972280,6390696,"[9225680, 9226610, 9228006, 9228800]","[8478558, 8477016, 8476090, 8479256]",0.00033812803217938474,0.0003734490246799556
garden,baseline_aabb,1,DSC07964,9863530,8726138,40.553432696002346,45.83929339646015,1.1303431139869664,2453265,2168895,284370,0.11591491339093005,7432574,6498455,"[9860954, 9862532, 9863530, 9860224]","[8726138, 8722654, 8723416, 8725112]",0.00033523257900932993,0.00039934298679669385
garden,baseline_aabb,2,DSC07972,10506734,9249256,38.07082200805693,43.24672168226287,1.1359545027189213,2614163,2299764,314399,0.12026755791433051,7476415,6575405,"[10502932, 10505622, 10506734, 10506320]","[9247698, 9249256, 9249024, 9245246]",0.0003619090445087204,0.00043361636262698416
garden,baseline_aabb,3,DSC07980,10207576,8385750,39.186580633835106,47.69996720627255,1.2172526011388367,2539238,2083826,455412,0.17934986795251173,7734755,6289365,"[10204804, 10207576, 10206154, 10204274]","[8383218, 8384600, 8382648, 8385750]",0.0003235446224081401,0.0003699880749813873
garden,baseline_aabb,4,DSC07988,8995500,8219018,44.46667778333611,48.66761454957271,1.0944738167017032,2236508,2042385,194123,0.08679736446281436,6447984,5834877,"[8994976, 8995500, 8993712, 8994940]","[8217158, 8218528, 8218456, 8219018]",0.00019878191600418999,0.0002263244543572933
garden,baseline_aabb,5,DSC07996,9561236,8329662,41.835595314245985,48.021156200575724,1.1478540185664197,2377767,2069877,307890,0.12948703552534793,7248075,6291783,"[9561236, 9559754, 9559408, 9558874]","[8327884, 8327276, 8328210, 8329662]",0.00024707583345205946,0.0002864944866021202
garden,baseline_aabb,6,DSC08004,9828250,8439406,40.699005418055094,47.39670066826978,1.1645665583573062,2444532,2097306,347226,0.14204191231695884,7087234,6078030,"[9826232, 9827586, 9825444, 9828250]","[8436558, 8437186, 8438746, 8439406]",0.0002855433841755235,0.0003375217795172159
garden,baseline_aabb,7,DSC08012,9604124,8123428,41.6487750470527,49.24029609174846,1.182274773654669,2388489,2018564,369925,0.1548782514803292,6994520,5922086,"[9602302, 9601888, 9602510, 9604124]","[8122572, 8122924, 8123100, 8123428]",0.00023285103178208308,0.00010537970795540469
garden,baseline_aabb,8,DSC08020,9683646,8178996,41.30675574055475,48.90575811505471,1.1839651223695427,2408547,2032259,376288,0.15623029154091658,7132176,6006551,"[9682738, 9682324, 9683044, 9683646]","[8177002, 8178996, 8177738, 8177408]",0.00013652880974762,0.00024383127658268388
garden,baseline_aabb,9,DSC08028,8980572,7971734,44.54059273730003,50.17728890602722,1.1265518894634468,2232543,1980334,252209,0.11296938065694591,6605793,5827444,"[8979580, 8978194, 8977342, 8980572]","[7968516, 7971734, 7970732, 7969362]",0.0003597313797803344,0.00040375975867763537
garden,baseline_aabb,10,DSC08036,9059076,7859498,44.15461356102985,50.893835713171505,1.1526278141428372,2252218,1952323,299895,0.13315540502739967,6573328,5680003,"[9058224, 9057146, 9059076, 9056042]","[7859498, 7857562, 7858634, 7856474]",0.00033496650666146145,0.00038482868887694923
garden,baseline_aabb,11,DSC08044,9341980,7956690,42.817475524460555,50.272160911132644,1.1741038044714573,2323086,1976765,346321,0.14907799366876645,6831741,5820489,"[9339954, 9340766, 9341980, 9341676]","[7954678, 7956388, 7955484, 7956690]",0.00021689108363538576,0.00025289693946939406
garden,baseline_aabb,12,DSC08052,9152282,7893630,43.704947028511576,50.673771129379006,1.1594516084488378,2275682,1961016,314666,0.13827327368235104,6708968,5761026,"[9151356, 9150072, 9152282, 9152202]","[7891418, 7893536, 7892672, 7893630]",0.00024149104658285797,0.00028025492555633515
garden,baseline_aabb,13,DSC08060,8611688,7711164,46.448501153316286,51.872843062344415,1.1167818503146867,2140544,1915411,225133,0.10517560022125216,6397960,5697424,"[8611688, 8610910, 8609790, 8611316]","[7711164, 7710748, 7710440, 7709224]",0.0002204176414940739,0.0002516084132665594
garden,baseline_aabb,14,DSC08068,8796408,7794312,45.47310674993702,51.31947502229831,1.1285676016048627,2186478,1935951,250527,0.11458016042237791,6283702,5566916,"[8796408, 8794432, 8793726, 8794082]","[7791634, 7794312, 7791984, 7792286]",0.00030495771184839166,0.00034366139779076283
garden,baseline_aabb,15,DSC08076,9081610,7766070,44.045053685414814,51.506102829358994,1.1693958462903373,2257833,1928948,328885,0.14566400615103064,6631755,5639857,"[9078656, 9079328, 9080734, 9081610]","[7763122, 7766070, 7765192, 7763784]",0.0003253274584965202,0.00037967468010347553
garden,baseline_aabb,16,DSC08084,8264654,7413536,48.398880340302206,53.95535949376924,1.1148059441540448,2053507,1840729,212778,0.10361688564976891,6112067,5462887,"[8264654, 8261998, 8262264, 8262196]","[7411190, 7411080, 7413536, 7410858]",0.0003214415297131304,0.00036132227221248234
garden,baseline_aabb,17,DSC08092,8359166,7356894,47.85166367075376,54.370771143365666,1.1362357538385084,2077385,1826817,250568,0.12061702573186964,6158279,5374429,"[8359166, 8357342, 8358412, 8358240]","[7355064, 7355982, 7356894, 7356132]",0.00021822645541133413,0.00024877590022210385
garden,baseline_aabb,18,DSC08100,8689006,7643338,46.0351851523638,52.33315601115638,1.1368077664496847,2159810,1898390,261420,0.12103842467624466,6343094,5564240,"[8687584, 8687612, 8687758, 8689006]","[7641928, 7642068, 7641906, 7643338]",0.00016367422154031023,0.00018737790013752386
garden,baseline_aabb,19,DSC08108,9124092,7949294,43.83997881652223,50.31893398331977,1.1477864575143402,2268686,1974987,293699,0.12945775660448383,6703187,5768215,"[9123900, 9124092, 9122574, 9123410]","[7947776, 7949294, 7948620, 7949102]",0.00016638362451929054,0.00019097467283321116
garden,baseline_aabb,20,DSC08116,8112324,7422662,49.30769530408302,53.88902256360319,1.0929130276981494,2015722,1843310,172412,0.08553362021151727,5791472,5252419,"[8111512, 8111160, 8112324, 8111556]","[7422662, 7421860, 7421520, 7421918]",0.00014349752787291543,0.00015386708955414922
garden,baseline_aabb,21,DSC08124,7871844,7111660,50.81401511513694,56.24565853823158,1.1068926242255677,1955497,1765451,190046,0.09718552368016929,5583208,4996067,"[7870798, 7871844, 7870372, 7869938]","[7111660, 7110176, 7110630, 7109750]",0.00024216280607993813,0.0002686147942902902
garden,baseline_aabb,22,DSC08132,8459916,7531732,47.2817933416833,53.10863424242923,1.1232364614141874,2102717,1870676,232041,0.11035293860276965,6246234,5526291,"[8459052, 8459916, 8459776, 8459728]","[7531612, 7531732, 7531586, 7530886]",0.00010213227122075726,0.00011232890753896924
garden,baseline_aabb,23,DSC08140,7893692,7224950,50.67337311868768,55.36370493913453,1.0925600869210168,1961064,1793879,167185,0.0852521896276715,5731713,5238479,"[7892240, 7892816, 7893276, 7893692]","[7223506, 7224084, 7224524, 7224950]",0.00018396033146306996,0.00019988189803642336
hotdog,baseline_aabb,0,r_0,1057690,1021288,378.1826433075854,391.66229310439365,1.0356432269839653,261064,251963,9101,0.03486118346459106,779288,744164,"[1057658, 1057690, 1057662, 1057654]","[1021288, 1021246, 1021254, 1021260]",3.403721023461093e-05,4.112558775319164e-05
hotdog,baseline_aabb,1,r_1,1058728,1022390,377.8118648038023,391.2401334128855,1.0355422099198937,261326,252241,9085,0.034765006160887166,780823,746674,"[1058698, 1058686, 1058684, 1058728]","[1022354, 1022346, 1022390, 1022346]",4.156044352549686e-05,4.303771962686297e-05
hotdog,baseline_aabb,2,r_2,1061104,1023452,376.96587704880955,390.8341573420151,1.0367892192306039,261894,252481,9413,0.035942022344918174,782043,747458,"[1061102, 1061094, 1061094, 1061104]","[1023446, 1023440, 1023452, 1023448]",9.42419577447334e-06,1.1725087730526217e-05
hotdog,baseline_aabb,3,r_3,1063172,1024774,376.23263216111786,390.32996543628155,1.037469725032056,262428,252828,9600,0.0365814623439572,783739,747961,"[1063150, 1063172, 1063148, 1063168]","[1024748, 1024746, 1024770, 1024774]",2.25742233409004e-05,2.7323484193120435e-05
hotdog,baseline_aabb,4,r_4,1067110,1027160,374.8442053771401,389.4232641458001,1.0388936485065619,263405,253417,9988,0.037918794252197185,782958,746461,"[1067110, 1067074, 1067090, 1067086]","[1027160, 1027120, 1027134, 1027138]",3.373661078259566e-05,3.8943160510077516e-05
hotdog,baseline_aabb,5,r_5,1072844,1031514,372.84078579924017,387.7795163226093,1.0400673185240337,264847,254515,10332,0.039011202694385815,787061,748833,"[1072806, 1072830, 1072844, 1072802]","[1031500, 1031478, 1031478, 1031514]",3.914914004719336e-05,3.490088391335856e-05
hotdog,baseline_aabb,6,r_6,1077046,1034422,371.386180348843,386.6893782228143,1.041205620143423,265893,255236,10657,0.0400800321934011,787800,749517,"[1077046, 1077034, 1077042, 1077016]","[1034388, 1034422, 1034406, 1034410]",2.7854260935931023e-05,3.286908966639324e-05
hotdog,baseline_aabb,7,r_7,1083690,1038926,369.1092471094132,385.01298456290436,1.0430868031024347,267550,256359,11191,0.04182769575780228,794356,754211,"[1083690, 1083676, 1083672, 1083672]","[1038906, 1038926, 1038914, 1038908]",1.6610107711934592e-05,1.9250880848116808e-05
hotdog,baseline_aabb,8,r_8,1087914,1043132,367.67612145812996,383.46057833524424,1.0429303290475223,268616,257419,11197,0.04168403967001221,796137,756193,"[1087878, 1087894, 1087900, 1087914]","[1043088, 1043132, 1043104, 1043110]",3.309138323360724e-05,4.21816138973079e-05
hotdog,baseline_aabb,9,r_9,1092590,1048478,366.10256363320184,381.5053820871778,1.042072413536574,269788,258760,11028,0.04087654009815114,801571,762281,"[1092566, 1092590, 1092548, 1092544]","[1048436, 1048478, 1048434, 1048452]",4.210287379572052e-05,4.196671276646478e-05
hotdog,baseline_aabb,10,r_10,1098216,1050876,364.22707372684425,380.6348227573948,1.0450481312733377,271204,259369,11835,0.04363873689178626,806811,764803,"[1098176, 1098216, 1098212, 1098180]","[1050842, 1050870, 1050836, 1050876]",3.642337069157054e-05,3.8064206703868086e-05
hotdog,baseline_aabb,11,r_11,1102336,1053740,362.8657686948444,379.60028090420786,1.0461176381270523,272248,260098,12150,0.04462842702242074,811818,768851,"[1102326, 1102314, 1102336, 1102332]","[1053740, 1053714, 1053724, 1053730]",1.995778022310984e-05,2.4674322666117506e-05
hotdog,baseline_aabb,12,r_12,1109404,1060132,360.5539550966104,377.3115046050869,1.0464772311372545,274032,261713,12319,0.04495460384188708,817115,773522,"[1109390, 1109374, 1109404, 1109384]","[1060132, 1060098, 1060110, 1060108]",2.7041936635334075e-05,3.207208294972607e-05
hotdog,baseline_aabb,13,r_13,1115946,1065834,358.4402829527594,375.292963069296,1.0470167024133215,275651,263121,12530,0.045456029544605314,825359,780332,"[1115920, 1115926, 1115946, 1115934]","[1065834, 1065802, 1065802, 1065808]",2.3298921125535035e-05,3.002407086056024e-05
hotdog,baseline_aabb,14,r_14,1119040,1064252,357.4492422076065,375.8508323216682,1.051480288503099,276410,262712,13698,0.04955681777070294,833141,783656,"[1119008, 1119006, 1118996, 1119040]","[1064212, 1064210, 1064252, 1064208]",3.9320382926911e-05,4.134481528968855e-05
hotdog,baseline_aabb,15,r_15,1125644,1070746,355.3521361993668,373.5713231709481,1.0512707962485968,278040,264315,13725,0.04936340094950367,841117,791428,"[1125628, 1125612, 1125606, 1125644]","[1070746, 1070730, 1070712, 1070702]",3.3759097743692934e-05,4.109374744623373e-05
hotdog,baseline_aabb,16,r_16,1130266,1070260,353.8989936882114,373.7409601405266,1.056066750135481,279211,264210,15001,0.053726393301123526,849495,796330,"[1130266, 1130242, 1130244, 1130264]","[1070260, 1070238, 1070260, 1070242]",2.1234165063782125e-05,2.0555944872693297e-05
hotdog,baseline_aabb,17,r_17,1134250,1069992,352.6559400484902,373.83457072576243,1.0600546546142402,280192,264127,16065,0.05733568410232983,857829,801601,"[1134250, 1134244, 1134214, 1134214]","[1069980, 1069992, 1069954, 1069956]",3.173958027050057e-05,3.5514997843398484e-05
hotdog,baseline_aabb,18,r_18,1139824,1070610,350.9313718609189,373.6187780797863,1.0646491252650359,281592,264289,17303,0.06144705815506123,870878,809264,"[1139794, 1139804, 1139810, 1139824]","[1070584, 1070592, 1070610, 1070598]",2.632022235323844e-05,2.4285538148844194e-05
hotdog,baseline_aabb,19,r_19,1145588,1078342,349.16566863479716,370.93983170459836,1.0623605498070186,282997,266186,16811,0.0594034565737446,884128,823564,"[1145588, 1145572, 1145550, 1145542]","[1078326, 1078306, 1078342, 1078302]",4.0154928188148536e-05,3.709477436639807e-05
hotdog,baseline_aabb,20,r_20,1148636,1080540,348.23912884499526,370.18527773150464,1.0630203416810113,283754,266731,17023,0.059992105838155584,892917,830781,"[1148636, 1148604, 1148622, 1148592]","[1080510, 1080532, 1080540, 1080504]",3.830705454881037e-05,3.331724542269635e-05
hotdog,baseline_aabb,21,r_21,1150994,1078594,347.5257038698725,370.85316625162017,1.0671244230915433,284377,266277,18100,0.06364790401474099,906702,840337,"[1150950, 1150982, 1150956, 1150994]","[1078580, 1078560, 1078594, 1078548]",3.8228607944339145e-05,4.2649043340235986e-05
hotdog,baseline_aabb,22,r_22,1152348,1074660,347.117363851892,372.21074572422907,1.0722907710345597,284754,265332,19422,0.06820624117659453,917781,847154,"[1152348, 1152316, 1152314, 1152336]","[1074624, 1074626, 1074652, 1074660]",2.9505475218221192e-05,3.3499574974142515e-05
hotdog,baseline_aabb,23,r_23,1157166,1075188,345.67209890370094,372.02796162159547,1.0762452705945378,285962,265467,20495,0.0716703617963226,933560,858938,"[1157122, 1157166, 1157166, 1157158]","[1075176, 1075144, 1075188, 1075184]",3.802435805809603e-05,4.0923646706157987e-05
hotdog,baseline_aabb,24,r_24,1157784,1071668,345.48758663101233,373.2499244168903,1.0803569762277123,286105,264576,21529,0.07524859754286013,941173,862288,"[1157784, 1157748, 1157768, 1157750]","[1071636, 1071668, 1071652, 1071630]",3.1094460219604624e-05,3.54594542136796e-05
hotdog,baseline_aabb,25,r_25,1161216,1074662,344.46649029982365,372.21005302132204,1.0805406723230189,287002,265363,21639,0.07539668713110013,948217,867843,"[1161194, 1161198, 1161194, 1161216]","[1074642, 1074638, 1074662, 1074636]",1.8945909857944428e-05,2.4194047426846737e-05
hotdog,baseline_aabb,26,r_26,1162016,1075044,344.22933935505193,372.0777940251748,1.0809008747548938,287208,265466,21742,0.07570123394891508,945663,865822,"[1161988, 1161986, 1161988, 1162016]","[1075024, 1075026, 1075044, 1075012]",2.5817678138751947e-05,2.976670807649858e-05
hotdog,baseline_aabb,27,r_27,1161256,1069700,344.45462499224976,373.9366177432925,1.0855903524352621,287013,264124,22889,0.0797490009163348,941169,856836,"[1161226, 1161226, 1161256, 1161210]","[1069674, 1069660, 1069700, 1069660]",3.96131858517201e-05,3.739458816171477e-05
hotdog,baseline_aabb,28,r_28,1162372,1072644,344.1239121382828,372.91030388460666,1.083651239367395,287353,264920,22433,0.07806774246310287,932971,850362,"[1162368, 1162364, 1162372, 1162354]","[1072644, 1072626, 1072628, 1072632]",1.5485675964811382e-05,1.6781143588321257e-05
hotdog,baseline_aabb,29,r_29,1161284,1070388,344.4463197632965,373.69626714798744,1.0849187397467086,287081,264357,22724,0.07915536033384306,927529,841212,"[1161258, 1161284, 1161260, 1161274]","[1070358, 1070378, 1070388, 1070368]",2.2389299981313544e-05,2.8027612804134634e-05
hotdog,baseline_aabb,30,r_30,1158248,1065432,345.34918255848487,375.43456550957734,1.0871158365808424,286317,263113,23204,0.08104303970773653,922699,835927,"[1158248, 1158212, 1158210, 1158242]","[1065394, 1065426, 1065432, 1065396]",3.280873886661348e-05,3.566695325376474e-05
hotdog,baseline_aabb,31,r_31,1156178,1061962,345.9674894350178,376.6613117983506,1.0887188053809835,285818,262264,23554,0.08240908550196278,914665,826219,"[1156166, 1156178, 1156176, 1156168]","[1061958, 1061962, 1061948, 1061956]",1.0379078545406739e-05,1.31832203970786e-05
hotdog,baseline_aabb,32,r_32,1151660,1061394,347.3247312574892,376.862880325308,1.0850447618886105,284716,262150,22566,0.07925792719762852,906706,821012,"[1151660, 1151638, 1151650, 1151628]","[1061368, 1061394, 1061390, 1061368]",2.7786364536262942e-05,2.4496410333716482e-05
hotdog,baseline_aabb,33,r_33,1151390,1060038,347.4061786188867,377.3449631050962,1.0861780426739418,284650,261813,22837,0.08022835060600737,899434,813782,"[1151360, 1151382, 1151390, 1151358]","[1060012, 1060014, 1060034, 1060038]",2.7792916714616686e-05,2.4527734972163378e-05
hotdog,baseline_aabb,34,r_34,1144308,1059678,349.5562383554078,377.47315694012707,1.0798638831796075,282899,261741,21158,0.07478994270039838,889131,809102,"[1144308, 1144294, 1144270, 1144272]","[1059636, 1059640, 1059662, 1059678]",3.320848109650909e-05,3.9635579160744925e-05
hotdog,baseline_aabb,35,r_35,1138822,1058082,351.2401411282887,378.04253356545144,1.0763078854001864,281529,261344,20185,0.07169776470630024,881586,804817,"[1138796, 1138796, 1138822, 1138810]","[1058074, 1058082, 1058058, 1058050]",2.283092993890092e-05,3.0243860023854844e-05
hotdog,baseline_aabb,36,r_36,1131782,1055612,353.4249528619469,378.92710579265866,1.072157194120567,279793,260751,19042,0.06805745676267812,871053,797170,"[1131754, 1131782, 1131774, 1131778]","[1055586, 1055612, 1055608, 1055610]",2.4739965293362974e-05,2.46304485394144e-05
hotdog,baseline_aabb,37,r_37,1123326,1046064,356.08541064659767,382.38578136710566,1.0738597255999633,277737,258422,19315,0.0695442090898944,861097,785516,"[1123314, 1123310, 1123282, 1123326]","[1046026, 1046056, 1046046, 1046064]",3.917002282544057e-05,3.63272048701398e-05
hotdog,baseline_aabb,38,r_38,1117902,1041852,357.8131177867112,383.9316908735598,1.0729950127273356,276375,257363,19012,0.06879059249208502,853690,777035,"[1117902, 1117860, 1117900, 1117898]","[1041818, 1041852, 1041850, 1041848]",3.757078066714972e-05,3.263450695978853e-05
hotdog,baseline_aabb,39,r_39,1108212,1035726,360.94176926436455,386.20252846795387,1.0699856911963204,273958,255837,18121,0.06614517553785616,843073,768379,"[1108168, 1108212, 1108188, 1108200]","[1035704, 1035726, 1035716, 1035686]",3.970431116629609e-05,3.862092404422868e-05
hotdog,baseline_aabb,40,r_40,1101776,1028764,363.050202582013,388.8160938757577,1.0709706016151421,272362,254109,18253,0.06701742533833648,838850,763951,"[1101728, 1101766, 1101752, 1101776]","[1028756, 1028764, 1028712, 1028742]",4.356683492843921e-05,5.054709944704389e-05
hotdog,baseline_aabb,41,r_41,1090792,1020960,366.7060264468386,391.78812098417177,1.0683983701614168,269642,252184,17458,0.06474510647451065,830525,759295,"[1090766, 1090792, 1090770, 1090784]","[1020954, 1020960, 1020938, 1020932]",2.3836197649750912e-05,2.7425544543981758e-05
hotdog,baseline_aabb,42,r_42,1083566,1019920,369.1514868499012,392.18762255863203,1.0624029335634166,267856,251944,15912,0.059405053461561434,823968,758298,"[1083524, 1083528, 1083528, 1083566]","[1019920, 1019874, 1019880, 1019880]",3.876196141062161e-05,4.510296958932275e-05
hotdog,baseline_aabb,43,r_43,1069868,1011290,373.877898955759,395.53441643841035,1.057924037615323,264491,249847,14644,0.055366723253343214,814945,750218,"[1069862, 1069830, 1069816, 1069868]","[1011244, 1011252, 1011290, 1011286]",4.860521720923798e-05,4.548744744222105e-05
hotdog,baseline_aabb,44,r_44,1060904,1003294,377.03694207958495,398.6867259248037,1.0574208557013198,262260,247858,14402,0.05491496987722108,810449,745695,"[1060904, 1060838, 1060838, 1060890]","[1003230, 1003232, 1003282, 1003294]",6.221323586593047e-05,6.379206974865426e-05
hotdog,baseline_aabb,45,r_45,1052250,996474,380.1377999524828,401.41539066749357,1.0559733620746754,260138,246194,13944,0.05360231876926862,803926,741010,"[1052250, 1052210, 1052214, 1052244]","[996474, 996472, 996430, 996438]",3.801452059650485e-05,4.415660138681835e-05
hotdog,baseline_aabb,46,r_46,1044694,990166,382.88723779403347,403.97266720933663,1.0550695539939767,258303,244670,13633,0.05277910051373774,800620,738567,"[1044692, 1044666, 1044666, 1044694]","[990166, 990136, 990136, 990152]",2.6802478654936754e-05,3.0298516130172523e-05
hotdog,baseline_aabb,47,r_47,1035098,985184,386.4368397968115,406.0155260337155,1.0506646474161172,255886,243408,12478,0.04876390267541014,796692,740008,"[1035098, 1035054, 1035082, 1035052]","[985184, 985146, 985144, 985164]",4.444137433984029e-05,4.0602562326202e-05
hotdog,baseline_aabb,48,r_48,1026004,979356,389.86202782835153,408.43166325626225,1.0476313005689453,253660,241998,11662,0.045974927067728454,793151,738932,"[1025972, 1025994, 1025980, 1026004]","[979326, 979342, 979334, 979356]",3.1189463809256933e-05,3.063289084122513e-05
hotdog,baseline_aabb,49,r_49,1017550,969492,393.10107611419585,412.58721062164517,1.0495702904201376,251557,239543,12014,0.04775855969024913,789181,734014,"[1017524, 1017542, 1017506, 1017550]","[969450, 969488, 969492, 969468]",4.3241947047287524e-05,4.3322439115211386e-05
hotdog,baseline_aabb,50,r_50,1011262,966444,395.5453680648536,413.888440509745,1.0463741303169143,250030,238826,11204,0.04481062272527297,786154,734072,"[1011258, 1011222, 1011258, 1011262]","[966410, 966444, 966442, 966440]",3.9555006180469714e-05,3.518088146733248e-05
hotdog,baseline_aabb,51,r_51,1005642,959628,397.75586142981297,416.8281875893575,1.0479498305593418,248593,237090,11503,0.04627242118643727,781656,728402,"[1005604, 1005642, 1005630, 1005612]","[959620, 959594, 959628, 959598]",3.7787558346973314e-05,3.543106053500901e-05
hotdog,baseline_aabb,52,r_52,1001974,960864,399.2119555996463,416.2920038631898,1.0427844106970394,247757,237479,10278,0.0414841962083816,779835,732599,"[1001962, 1001954, 1001962, 1001974]","[960840, 960864, 960850, 960850]",1.9960816916393122e-05,2.4977858169476848e-05
hotdog,baseline_aabb,53,r_53,998900,952060,400.44048453298626,420.14158771506,1.0491985799214336,246998,235288,11710,0.04740929076348796,779074,728930,"[998896, 998876, 998886, 998900]","[952034, 952058, 952060, 952046]",2.402668162995006e-05,2.7309504390265424e-05
hotdog,baseline_aabb,54,r_54,996704,947442,401.32275981635473,422.1894321763232,1.0519947395196751,246481,234166,12315,0.04996328317395661,777672,727722,"[996674, 996686, 996682, 996704]","[947426, 947442, 947416, 947422]",3.0099735473491412e-05,2.7442762050670948e-05
hotdog,baseline_aabb,55,r_55,995792,946094,401.6903128364156,422.79097003046206,1.0525296640714348,246291,233866,12425,0.050448453252453396,777966,727383,"[995792, 995790, 995792, 995792]","[946094, 946086, 946092, 946094]",2.008452572652006e-06,8.455841744693827e-06
hotdog,baseline_aabb,56,r_56,996574,947358,401.3751111307339,422.22686671775614,1.0519507936809527,246508,234204,12304,0.04991318740162591,781227,731345,"[996574, 996544, 996544, 996556]","[947358, 947330, 947336, 947330]",3.0103722375444594e-05,2.955648904800132e-05
hotdog,baseline_aabb,57,r_57,997114,947174,401.15774124122214,422.30888939096724,1.0527252648404624,246652,234167,12485,0.05061787457632616,781842,733004,"[997102, 997102, 997114, 997084]","[947174, 947160, 947162, 947146]",3.008723794642566e-05,2.9562043602958527e-05
hotdog,baseline_aabb,58,r_58,1001436,946206,399.4264236556305,422.7409253376115,1.0583699532659907,247742,233934,13808,0.05573540215223902,782497,728420,"[1001436, 1001404, 1001390, 1001402]","[946206, 946174, 946162, 946162]",4.593532306512431e-05,4.650297619047619e-05
hotdog,baseline_aabb,59,r_59,1007538,947706,397.00735853139037,422.07182396228364,1.0631335034282783,249351,234392,14959,0.059991738553284324,788850,731592,"[1007536, 1007538, 1007524, 1007518]","[947706, 947690, 947676, 947700]",1.985054524485151e-05,3.165582103065022e-05
hotdog,baseline_aabb,60,r_60,1013918,949260,394.50922066676003,421.38086509491603,1.0681141099382676,250977,234812,16165,0.06440829239332688,792199,732309,"[1013904, 1013918, 1013912, 1013918]","[949258, 949242, 949252, 949260]",1.3807890815089657e-05,1.8962278760246215e-05
hotdog,baseline_aabb,61,r_61,1018574,946324,392.7058809669204,422.6882124938182,1.076348058381696,252157,234093,18064,0.07163790812866587,797081,730071,"[1018554, 1018566, 1018568, 1018574]","[946324, 946302, 946304, 946308]",1.963545790624167e-05,2.3248207906609834e-05
hotdog,baseline_aabb,62,r_62,1025144,951358,390.1890856308967,420.45160707115514,1.0775586056983806,253850,235404,18446,0.07266495962182391,803798,732280,"[1025100, 1025144, 1025110, 1025126]","[951316, 951344, 951326, 951358]",4.29218042765725e-05,4.414843966800373e-05
hotdog,baseline_aabb,63,r_63,1036056,953718,386.0795169373084,419.41118863227916,1.0863336961240115,256579,235995,20584,0.08022480405645045,814281,734188,"[1036034, 1036010, 1036056, 1036044]","[953700, 953674, 953708, 953718]",4.440000154434788e-05,4.61361014994233e-05
hotdog,baseline_aabb,64,r_64,1043150,951748,383.45396155874033,420.2793176344999,1.0960359254760714,258372,235521,22851,0.08844224606381497,820478,730633,"[1043138, 1043136, 1043150, 1043138]","[951748, 951740, 951730, 951728]",1.3421010880125928e-05,2.101421979718126e-05
hotdog,baseline_aabb,65,r_65,1054802,951778,379.21809021977583,420.2660704492014,1.1082437291048963,261271,235516,25755,0.09857580826038864,827695,727660,"[1054802, 1054790, 1054770, 1054764]","[951752, 951768, 951748, 951778]",3.602641874170148e-05,3.152050172233275e-05
hotdog,baseline_aabb,66,r_66,1063252,954424,376.2043240925011,419.10094465352927,1.1140247940118857,263379,236172,27207,0.10329980750173703,834688,731077,"[1063216, 1063216, 1063252, 1063230]","[954424, 954400, 954392, 954386]",3.385913752311944e-05,3.981557008823864e-05
hotdog,baseline_aabb,67,r_67,1070960,955952,373.4966758795847,418.43105093142754,1.120307295763804,265288,236536,28752,0.10838032628690329,840799,727529,"[1070960, 1070926, 1070958, 1070944]","[955916, 955952, 955950, 955938]",3.174760282254864e-05,3.765930671308525e-05
hotdog,baseline_aabb,68,r_68,1079154,959714,370.6607212686975,416.79083560310676,1.1244537435110877,267319,237459,29860,0.11170174959505311,850361,730656,"[1079110, 1079110, 1079154, 1079120]","[959676, 959714, 959674, 959670]",4.077383172546979e-05,4.5848448993861e-05
hotdog,baseline_aabb,69,r_69,1086818,960540,368.0469038974327,416.43242342848816,1.1314656339142566,269251,237681,31570,0.11725118941062429,857554,729154,"[1086808, 1086818, 1086814, 1086786]","[960540, 960536, 960522, 960508]",2.9444063869695294e-05,3.3315062103960695e-05
hotdog,baseline_aabb,70,r_70,1093426,953934,365.82265283613157,419.31622103835275,1.1462281457627048,270848,235976,34872,0.12875118147448014,859212,717425,"[1093426, 1093390, 1093402, 1093400]","[953916, 953910, 953906, 953934]",3.2924686152288564e-05,2.9352673949973607e-05
hotdog,baseline_aabb,71,r_71,1100210,957646,363.56695539942376,417.6908795108004,1.1488692063664443,272482,236842,35640,0.13079763066918182,868496,721057,"[1100210, 1100170, 1100164, 1100178]","[957610, 957616, 957646, 957610]",4.181132096051511e-05,3.7593180179413453e-05
hotdog,baseline_aabb,72,r_72,1102792,949904,362.71572517754936,421.0951843554717,1.1609510013643485,273165,234943,38222,0.13992275730785422,872752,711677,"[1102766, 1102754, 1102768, 1102792]","[949868, 949878, 949904, 949878]",3.4458681320674304e-05,3.789944435203531e-05
hotdog,baseline_aabb,73,r_73,1101100,941612,363.2730905458178,424.80342221636937,1.1693776205061108,272744,232872,39872,0.1461883671134837,872490,700894,"[1101046, 1101100, 1101084, 1101084]","[941558, 941612, 941596, 941596]",4.9042824830382214e-05,5.734977147709116e-05
hotdog,baseline_aabb,74,r_74,1099784,942060,363.7077826191325,424.601405430652,1.1674245801753604,272422,232990,39432,0.14474601904398324,867502,694070,"[1099784, 1099762, 1099748, 1099778]","[942050, 942060, 942018, 942032]",3.273417666271432e-05,4.458409409366906e-05
hotdog,baseline_aabb,75,r_75,1098120,936756,364.25891523695043,427.00553826183125,1.1722583041902053,272019,231678,40341,0.14830214065929218,867278,693954,"[1098114, 1098112, 1098120, 1098098]","[936756, 936742, 936744, 936746]",2.003440453651771e-05,1.4945337428355788e-05
hotdog,baseline_aabb,76,r_76,1089990,916254,366.97584381508085,436.5601678137285,1.189615543288215,269997,226563,43434,0.16086845409393438,864767,677932,"[1089966, 1089972, 1089990, 1089984]","[916252, 916238, 916254, 916224]",2.201879303985952e-05,3.27424414074011e-05
hotdog,baseline_aabb,77,r_77,1080146,905490,370.32030855088107,441.74977084230636,1.1928856199405846,267555,223892,43663,0.16319261460260506,856409,666908,"[1080120, 1080130, 1080146, 1080114]","[905468, 905490, 905462, 905482]",2.9626132100145585e-05,3.092297914189837e-05
hotdog,baseline_aabb,78,r_78,1068538,897072,374.3432615405348,445.8950898032711,1.1911396186705192,264664,221798,42866,0.1619638485022519,842661,659845,"[1068538, 1068522, 1068512, 1068502]","[897052, 897072, 897038, 897056]",3.369150838286843e-05,3.79018220186176e-05
hotdog,baseline_aabb,79,r_79,1054652,879338,379.2720252746878,454.8876541216233,1.1993704354866956,261254,217426,43828,0.1677601108499774,831666,646349,"[1054620, 1054638, 1054652, 1054644]","[879338, 879326, 879308, 879334]",3.0342150414573336e-05,3.4117020242196725e-05
hotdog,baseline_aabb,80,r_80,1037290,864192,385.6202219244377,462.8601051618159,1.20030039620825,256944,213669,43275,0.16842191294601158,819310,636513,"[1037290, 1037252, 1037250, 1037262]","[864150, 864162, 864192, 864150]",3.8563007374693124e-05,4.860191387393705e-05
hotdog,baseline_aabb,81,r_81,1016874,842518,393.3624028149014,474.76730467479626,1.2069463204346969,252013,208423,43590,0.17296726756159406,804795,620038,"[1016838, 1016854, 1016862, 1016874]","[842518, 842504, 842492, 842474]",3.5403208120709204e-05,5.2225705254736815e-05
hotdog,baseline_aabb,82,r_82,997440,825352,401.02662816811034,484.641704387946,1.2085025540617822,247147,204124,43023,0.17407858480985,784838,604194,"[997440, 997438, 997440, 997404]","[825346, 825310, 825346, 825352]",3.609274029619106e-05,5.088821132177888e-05
hotdog,baseline_aabb,83,r_83,974128,806722,410.62365520752917,495.83375685800064,1.207513864751426,241370,199518,41852,0.1733935451795998,767021,593280,"[974114, 974094, 974084, 974128]","[806680, 806706, 806722, 806680]",4.516966856755689e-05,5.2064157918028705e-05
hotdog,baseline_aabb,84,r_84,951342,783884,420.45867837223625,510.2795821830781,1.2136259956830346,235767,193902,41865,0.17756937993866825,750523,578189,"[951342, 951336, 951342, 951342]","[783884, 783872, 783884, 783882]",6.3068901197836105e-06,1.5308455816926175e-05
hotdog,baseline_aabb,85,r_85,927614,761456,431.2138454141486,525.3094072408649,1.218210901220819,229891,188352,41539,0.18068997916403862,732945,565248,"[927606, 927596, 927614, 927570]","[761456, 761440, 761452, 761414]",4.743441787458232e-05,5.515861055460013e-05
hotdog,baseline_aabb,86,r_86,903336,738066,442.80312087639595,541.956952359274,1.223923063791043,223853,182535,41318,0.1845764854614412,715258,548008,"[903336, 903326, 903336, 903330]","[738058, 738064, 738066, 738052]",1.107012704077792e-05,1.8968647535430724e-05
hotdog,baseline_aabb,87,r_87,878362,716004,455.39310671454365,558.6560968933135,1.2267557164485114,217702,177112,40590,0.18644752919127983,696200,531084,"[878340, 878360, 878362, 878320]","[715978, 715960, 716004, 716000]",4.7817174449006686e-05,6.145375849091916e-05
hotdog,baseline_aabb,88,r_88,857530,705646,466.45598404720533,566.8564691077396,1.2152410698848999,212505,174533,37972,0.178687560292699,675943,523662,"[857490, 857500, 857500, 857530]","[705608, 705646, 705604, 705610]",4.66469583267736e-05,5.9522375452972366e-05
hotdog,baseline_aabb,89,r_89,838000,693702,477.326968973747,576.6164722027614,1.2080115092647852,207645,171570,36075,0.17373401719280504,654568,512359,"[837996, 837964, 837970, 838000]","[693674, 693696, 693658, 693702]",4.2960324350448845e-05,6.342959495158087e-05
hotdog,baseline_aabb,90,r_90,818410,683152,488.7525812245696,585.521230999836,1.1979910766564397,202757,168944,33813,0.16676612891293519,637693,504510,"[818366, 818410, 818372, 818364]","[683118, 683118, 683116, 683152]",5.6208744614346915e-05,5.2698916451723404e-05
hotdog,baseline_aabb,91,r_91,799854,676608,500.09126665616475,591.1842603102535,1.1821527383654937,198163,167351,30812,0.1554881587380086,620071,500894,"[799848, 799824, 799822, 799854]","[676578, 676576, 676608, 676594]",4.0008151660900906e-05,4.729606895766854e-05
hotdog,baseline_aabb,92,r_92,783326,665522,510.64307836073357,601.031971895745,1.1770099260430158,194054,164601,29453,0.15177734032794996,603563,489738,"[783326, 783326, 783326, 783326]","[665510, 665522, 665516, 665508]",0.0,2.103637188699261e-05
hotdog,baseline_aabb,93,r_93,772674,667860,517.6827484812483,598.9279190249454,1.1569400772617016,191386,165182,26204,0.13691701587367938,591768,488316,"[772638, 772674, 772664, 772640]","[667826, 667818, 667848, 667860]",4.6592653373955224e-05,6.288950314297779e-05
hotdog,baseline_aabb,94,r_94,763318,664924,524.0279935754168,601.5725105425582,1.1479778140058112,189070,164470,24600,0.13011054106944517,577725,480204,"[763300, 763310, 763302, 763318]","[664910, 664898, 664898, 664924]",2.358158409291144e-05,3.910318352552799e-05
hotdog,baseline_aabb,95,r_95,758642,672576,527.2579161185381,594.7283280997241,1.1279647207155772,187883,166367,21516,0.11451807773987002,567971,483260,"[758602, 758598, 758642, 758606]","[672536, 672536, 672576, 672544]",5.800066437124643e-05,5.947530882554108e-05
hotdog,baseline_aabb,96,r_96,755278,680320,529.6063171441509,587.9586077140169,1.1101805032925682,187083,168344,18739,0.10016409828792568,560050,484106,"[755234, 755278, 755270, 755236]","[680284, 680320, 680314, 680276]",5.8258507562682513e-05,6.467749083674299e-05
hotdog,baseline_aabb,97,r_97,754418,679352,530.210042708419,588.7963824350263,1.1104964731096691,186836,168070,18766,0.10044102849557901,553229,481559,"[754418, 754398, 754376, 754384]","[679352, 679314, 679320, 679334]",5.567382561367137e-05,5.593746779915505e-05
hotdog,baseline_aabb,98,r_98,755614,687188,529.3708163162673,582.0823413680099,1.0995739157261186,187150,170044,17106,0.0914026182206786,552825,485169,"[755592, 755590, 755614, 755594]","[687188, 687164, 687172, 687170]",3.17629425719381e-05,3.492567743080896e-05
hotdog,baseline_aabb,99,r_99,758888,684744,527.0870009803818,584.159919619595,1.1082798827006881,187935,169399,18536,0.09862984542528001,556723,481548,"[758888, 758878, 758874, 758880]","[684740, 684744, 684728, 684732]",1.8448239510858107e-05,2.3366669782222638e-05
hotdog,baseline_aabb,100,r_100,764210,697472,523.4163384410044,573.4997247201321,1.0956855615709304,189298,172613,16685,0.08814144893237118,557153,485406,"[764198, 764210, 764210, 764200]","[697460, 697458, 697472, 697468]",1.5702603164467103e-05,2.0072706209419977e-05
hotdog,baseline_aabb,101,r_101,770532,698476,519.1218534726656,572.6753675144171,1.103161740704047,190884,172870,18014,0.09437145072399991,564111,493487,"[770532, 770486, 770526, 770530]","[698432, 698472, 698476, 698470]",5.97000591160368e-05,6.299550799076544e-05
hotdog,baseline_aabb,102,r_102,779064,703602,513.4366367846544,568.5032163069462,1.107250974272387,193028,174162,18866,0.09773711585883914,573121,500499,"[779038, 779022, 779044, 779064]","[703602, 703556, 703570, 703584]",5.3912369294595156e-05,6.538010000312687e-05
hotdog,baseline_aabb,103,r_103,788226,703504,507.4686701529764,568.5824103345539,1.1204285974209103,195355,174174,21181,0.10842312712753704,583772,507323,"[788192, 788222, 788226, 788220]","[703498, 703504, 703466, 703496]",4.3135438934808394e-05,5.401632714562091e-05
hotdog,baseline_aabb,104,r_104,800910,710968,499.431896218052,562.6132259117147,1.1265063969123785,198470,175984,22486,0.11329671990729077,593739,508693,"[800876, 800910, 800876, 800878]","[710968, 710938, 710936, 710922]",4.2453036328561526e-05,6.470297816555804e-05
hotdog,baseline_aabb,105,r_105,810868,718552,493.298539343025,556.6750910163773,1.1284750442556697,200943,177863,23080,0.11485844244387712,607586,524871,"[810852, 810866, 810852, 810868]","[718552, 718544, 718532, 718530]",1.9732148417820843e-05,3.061766263371742e-05
hotdog,baseline_aabb,106,r_106,825934,728574,484.3001983209312,549.0176701337133,1.1336309009105459,204666,180326,24340,0.11892546881260199,619332,530573,"[825902, 825916, 825914, 825934]","[728544, 728552, 728556, 728574]",3.874483679645582e-05,4.117731431947968e-05
hotdog,baseline_aabb,107,r_107,837600,742968,477.5549188156638,538.3811954216063,1.1273702232128435,207560,183902,23658,0.11398149932549624,629048,540563,"[837600, 837554, 837560, 837586]","[742924, 742956, 742968, 742924]",5.4920454884637196e-05,5.922392431182473e-05
hotdog,baseline_aabb,108,r_108,853758,753634,468.5168396665097,530.7616163814265,1.132854940196435,211587,186556,25031,0.11830121888395789,642914,550998,"[853748, 853758, 853712, 853754]","[753622, 753634, 753588, 753632]",5.3880383206655866e-05,6.103880077333507e-05
hotdog,baseline_aabb,109,r_109,865682,757822,462.06343668922307,527.8284346456028,1.1423289374021868,214511,187547,26964,0.12569984756026498,654796,554411,"[865670, 865668, 865666, 865682]","[757806, 757816, 757818, 757822]",1.8482761648038547e-05,2.1113318479234063e-05
hotdog,baseline_aabb,110,r_110,876636,767566,456.28972572424584,521.1278248385155,1.1420985296378423,217168,189900,27268,0.12556177705739335,667946,562892,"[876628, 876624, 876630, 876636]","[767552, 767560, 767566, 767552]",1.3688793270132935e-05,1.823967585490338e-05
hotdog,baseline_aabb,111,r_111,889490,772994,449.6958931522558,517.468440893461,1.1507075087258116,220321,191197,29124,0.13218894249753768,680064,566821,"[889484, 889468, 889484, 889490]","[772972, 772994, 772990, 772986]",2.4733510477733376e-05,2.846107721296195e-05
hotdog,baseline_aabb,112,r_112,900986,781246,443.9580637213009,512.0026214534219,1.153267984732082,223178,193243,29935,0.1341306042710303,691084,575378,"[900976, 900986, 900970, 900976]","[781246, 781236, 781234, 781232]",1.775849993951011e-05,1.7920298193761944e-05
hotdog,baseline_aabb,113,r_113,914790,787594,437.25882442965053,507.87588529115254,1.1614994527637337,226577,194779,31798,0.14034081129152562,702815,580640,"[914790, 914776, 914784, 914782]","[787590, 787586, 787594, 787594]",1.53041759630426e-05,1.0157556396657656e-05
hotdog,baseline_aabb,114,r_114,924644,793818,432.59892455907357,503.8938396458634,1.1648060386637744,229015,196308,32707,0.14281597275287644,710993,585799,"[924638, 924642, 924636, 924644]","[793810, 793812, 793808, 793818]",8.652015919709293e-06,1.2597441207741884e-05
hotdog,baseline_aabb,115,r_115,933944,794532,428.2912037552573,503.44101936737604,1.1754642984801116,231271,196418,34853,0.15070199030574521,721948,587589,"[933932, 933932, 933928, 933944]","[794532, 794516, 794528, 794512]",1.71318315855296e-05,2.5172367788431284e-05
hotdog,baseline_aabb,116,r_116,944086,803832,423.69021466264724,497.6164173608416,1.1744817325013186,233692,198629,35063,0.1500393680571008,731387,595694,"[944042, 944076, 944068, 944086]","[803828, 803814, 803832, 803790]",4.660681222115356e-05,5.225076385640495e-05
hotdog,baseline_aabb,117,r_117,952874,809716,419.78267850733675,494.0003655602705,1.176800260832193,235903,200113,35790,0.15171489976812502,739656,601388,"[952836, 952872, 952874, 952856]","[809674, 809710, 809716, 809698]",3.987996131643752e-05,5.187109538785685e-05
hotdog,baseline_aabb,118,r_118,958634,810928,417.26039343482495,493.26204052640924,1.1821444073949845,237339,200412,36927,0.15558757726290243,748669,606769,"[958634, 958616, 958622, 958632]","[810904, 810928, 810922, 810918]",1.8776874401487127e-05,2.9596087397246083e-05
hotdog,baseline_aabb,119,r_119,970474,813892,412.16972324863934,491.4656981515975,1.1923867048699337,240280,201136,39144,0.16290993840519394,757030,605058,"[970466, 970474, 970428, 970432]","[813892, 813858, 813892, 813854]",4.7400690401360193e-05,4.669027392446497e-05
hotdog,baseline_aabb,120,r_120,977158,824568,409.35038141221787,485.10250215870616,1.1850544770109923,241959,203811,38148,0.1576630751490955,769958,615973,"[977136, 977146, 977134, 977158]","[824568, 824540, 824544, 824554]",2.4561387349964462e-05,3.395785466402038e-05
hotdog,baseline_aabb,121,r_121,986648,830790,405.41307538250726,481.46944474536286,1.187602161797807,244282,205317,38965,0.15950827322520694,779584,618015,"[986616, 986648, 986612, 986646]","[830790, 830788, 830746, 830758]",3.6487823962466194e-05,5.2962882047448724e-05
hotdog,baseline_aabb,122,r_122,991034,836346,403.6188465784221,478.2709548440478,1.1849569436572902,245424,206751,38673,0.15757627615881087,785108,622014,"[990994, 991034, 991014, 991032]","[836338, 836302, 836320, 836346]",4.036251593688715e-05,5.2611031696353036e-05
hotdog,baseline_aabb,123,r_123,997134,841600,401.14969502594437,475.2851711026616,1.1848075095057033,246954,208070,38884,0.15745442471067486,785373,623433,"[997100, 997102, 997098, 997134]","[841560, 841566, 841600, 841564]",3.610439586063102e-05,4.753007019597242e-05
hotdog,baseline_aabb,124,r_124,1003830,845242,398.47384517298747,473.2372503969277,1.1876243726648699,248635,208987,39648,0.1594626661572184,794094,629659,"[1003792, 1003830, 1003828, 1003820]","[845242, 845198, 845232, 845230]",3.785548667960063e-05,5.2057113752483805e-05
hotdog,baseline_aabb,125,r_125,1008308,847804,396.70418165877885,471.8071629763483,1.1893173422158896,249713,209587,40126,0.16068847036397785,803378,633606,"[1008300, 1008308, 1008300, 1008300]","[847790, 847804, 847794, 847804]",7.934130845718843e-06,1.6513367571048762e-05
hotdog,baseline_aabb,126,r_126,1013768,854892,394.567593374421,467.89535988171605,1.1858433579914187,251052,211333,39719,0.15821025126268662,801829,634281,"[1013768, 1013726, 1013732, 1013736]","[854860, 854852, 854854, 854892]",4.1430721175685496e-05,4.679104115330558e-05
hotdog,baseline_aabb,127,r_127,1015020,862860,394.08090480975744,463.5746239250863,1.1763437869411029,251356,213314,38042,0.15134709336558508,804045,643754,"[1014984, 1015020, 1015004, 1014998]","[862860, 862832, 862814, 862828]",3.5467927879909535e-05,5.331271908195498e-05
hotdog,baseline_aabb,128,r_128,1019230,869168,392.453126379718,460.21022403033703,1.172650166596101,252400,214885,37515,0.14863312202852616,803137,639842,"[1019224, 1019222, 1019214, 1019230]","[869168, 869156, 869158, 869168]",1.5698240570631044e-05,1.3806394086261199e-05
hotdog,baseline_aabb,129,r_129,1021052,872612,391.75281964091937,458.3938795249206,1.170109968691698,252805,215695,37110,0.14679298273372757,805502,643615,"[1021016, 1021034, 1021018, 1021052]","[872576, 872596, 872576, 872612]",3.525851346189632e-05,4.125648930196312e-05
hotdog,baseline_aabb,130,r_130,1022294,882398,391.27687338476017,453.3101842932554,1.158540703854723,253076,218102,34974,0.13819564083516414,806712,649725,"[1022288, 1022294, 1022282, 1022252]","[882386, 882398, 882390, 882358]",4.1084674536012185e-05,4.533178903038703e-05
hotdog,baseline_aabb,131,r_131,1023124,893068,390.95945359506766,447.8942252997532,1.1456283284139617,253279,220765,32514,0.12837226931565585,801413,655222,"[1023116, 1023088, 1023124, 1023096]","[893042, 893068, 893030, 893060]",3.5186969874089296e-05,4.2550809025250544e-05
hotdog,baseline_aabb,132,r_132,1023722,901494,390.7310773823362,443.70788934812657,1.135583819748107,253382,222824,30558,0.12060051621662154,798673,662373,"[1023722, 1023722, 1023722, 1023716]","[901482, 901490, 901488, 901494]",5.860974748478711e-06,1.3311317892574337e-05
hotdog,baseline_aabb,133,r_133,1022884,902606,391.051184689564,443.16124643532174,1.133256370996869,253132,223061,30071,0.11879572713050898,795392,663547,"[1022884, 1022850, 1022852, 1022866]","[902582, 902606, 902566, 902562]",3.324003312271536e-05,4.8749195361292475e-05
hotdog,baseline_aabb,134,r_134,1020926,904842,391.8011687428864,442.0661286721881,1.1282920112019557,252620,223598,29022,0.11488401551737788,792211,667477,"[1020926, 1020918, 1020886, 1020890]","[904800, 904798, 904842, 904828]",3.918092280868445e-05,4.862861772048934e-05
hotdog,baseline_aabb,135,r_135,1021740,916640,391.4890285199757,436.3763309478094,1.1146578809565368,252769,226493,26276,0.10395262077232573,788641,675629,"[1021702, 1021724, 1021740, 1021738]","[916598, 916632, 916618, 916640]",3.719196731804809e-05,4.5820414522016706e-05
hotdog,baseline_aabb,136,r_136,1016956,910392,393.3306849067216,439.3711719786641,1.117052873926836,251590,224949,26641,0.10589053618983267,782193,669801,"[1016942, 1016932, 1016956, 1016940]","[910378, 910380, 910364, 910392]",2.3600154384343266e-05,3.075643811887034e-05
hotdog,baseline_aabb,137,r_137,1013578,907744,394.64155693987044,440.65287129410933,1.1165901399513518,250746,224287,26459,0.10552112496311009,776440,669137,"[1013578, 1013548, 1013570, 1013570]","[907744, 907714, 907732, 907732]",2.9598452592898445e-05,3.304945685971772e-05
hotdog,baseline_aabb,138,r_138,1012920,910374,394.8979188879675,439.37985926663106,1.11264161762089,250569,224932,25637,0.10231513076238481,772629,667041,"[1012878, 1012904, 1012920, 1012882]","[910334, 910330, 910354, 910374]",4.1465263956023126e-05,4.833316489957686e-05
hotdog,baseline_aabb,139,r_139,1007004,911160,397.21788592696754,439.0008341015848,1.1051889898590808,249098,225137,23961,0.09619105733486419,767659,671076,"[1006996, 1007004, 1006966, 1006992]","[911146, 911148, 911160, 911128]",3.7736242532816875e-05,3.5120625630044816e-05
hotdog,baseline_aabb,140,r_140,1005574,912062,397.7827589018809,438.566676388228,1.10252811760604,248750,225371,23379,0.0939859296482412,763072,668660,"[1005572, 1005564, 1005530, 1005574]","[912018, 912052, 912062, 912044]",4.3756712677513025e-05,4.824328650810707e-05
hotdog,baseline_aabb,141,r_141,1000862,917038,399.65549696161906,436.18694099917343,1.0914073353557867,247536,226579,20957,0.08466243293904725,759475,675434,"[1000844, 1000842, 1000862, 1000838]","[917018, 917038, 917008, 917010]",2.3979701182948633e-05,3.271471622437279e-05
hotdog,baseline_aabb,142,r_142,996614,921722,401.35900157934765,433.9703294485756,1.0812522647826568,246469,227745,18724,0.07596898595766607,756127,682459,"[996614, 996576, 996614, 996570]","[921722, 921678, 921712, 921678]",4.415039833191768e-05,4.7738005148109874e-05
hotdog,baseline_aabb,143,r_143,993628,926442,402.56514510460653,431.75935460611674,1.0725204599964164,245745,228949,16796,0.06834727054467028,753050,684624,"[993628, 993620, 993622, 993590]","[926430, 926442, 926442, 926410]",3.824418914770812e-05,3.454115848886749e-05
hotdog,baseline_aabb,144,r_144,992448,931124,403.0437866769846,429.588325507666,1.0658601861835804,245441,230110,15331,0.06246307666608268,755474,686422,"[992416, 992448, 992416, 992436]","[931124, 931092, 931114, 931090]",3.224412023429384e-05,3.6515752788353624e-05
hotdog,baseline_aabb,145,r_145,990596,937778,403.79730990232144,426.54018328431675,1.0563224985017776,245038,231833,13205,0.05388960079661114,757128,695241,"[990596, 990592, 990558, 990592]","[937734, 937778, 937774, 937772]",3.836118978239615e-05,4.692009561035846e-05
hotdog,baseline_aabb,146,r_146,990246,937448,403.9400310629884,426.6903337571791,1.0563209906042788,244916,231716,13200,0.05389602965914844,757456,696447,"[990246, 990212, 990224, 990214]","[937410, 937418, 937420, 937448]",3.4335665465591624e-05,4.053661950195429e-05
hotdog,baseline_aabb,147,r_147,990472,942904,403.84786243326414,424.22134172725964,1.0504484019582057,244986,233094,11892,0.048541549313021966,761522,705088,"[990472, 990468, 990436, 990430]","[942866, 942860, 942904, 942904]",4.2404903218380706e-05,4.666536215767908e-05
hotdog,baseline_aabb,148,r_148,992926,944108,402.8497591965564,423.68034165582753,1.0517080672973855,245557,233351,12206,0.04970739991122224,765898,708715,"[992896, 992906, 992926, 992904]","[944070, 944080, 944108, 944078]",3.021427967142978e-05,4.0250655661996175e-05
hotdog,baseline_aabb,149,r_149,994904,950434,402.0488408931917,420.8603648438503,1.046789151061515,246021,234902,11119,0.045195328854040914,769319,716654,"[994882, 994866, 994884, 994904]","[950406, 950434, 950404, 950388]",3.819540770582299e-05,4.840026599102701e-05
hotdog,baseline_aabb,150,r_150,1000740,957040,399.70421887803025,417.9553623672992,1.0456616233386273,247458,236534,10924,0.044144864987189746,775981,726360,"[1000734, 1000710, 1000740, 1000734]","[957040, 957020, 957038, 957036]",2.9978130953469443e-05,2.0897910052260448e-05
hotdog,baseline_aabb,151,r_151,1005642,959628,397.75586142981297,416.8281875893575,1.0479498305593418,248593,237090,11503,0.04627242118643727,781651,728398,"[1005604, 1005642, 1005630, 1005612]","[959620, 959594, 959628, 959598]",3.7787558346973314e-05,3.543106053500901e-05
hotdog,baseline_aabb,152,r_152,1012352,968714,395.1194841320015,412.9185703933256,1.04504735143706,250270,239361,10909,0.04358892396212091,789412,739300,"[1012352, 1012346, 1012308, 1012344]","[968676, 968712, 968714, 968704]",4.346376578957117e-05,3.9227770370955344e-05
hotdog,baseline_aabb,153,r_153,1019434,975854,392.3745921756583,409.89738219036866,1.0446583197896406,252008,241114,10894,0.043228786387733725,794148,746962,"[1019384, 1019428, 1019422, 1019434]","[975854, 975850, 975850, 975810]",4.904764193651862e-05,4.508931270565594e-05
hotdog,baseline_aabb,154,r_154,1028498,983298,388.9166532166324,406.7942780316852,1.0459677534175804,254243,242943,11300,0.04444566812065622,804219,757304,"[1028498, 1028470, 1028452, 1028488]","[983288, 983254, 983298, 983268]",4.472632834764414e-05,4.474832626004676e-05
hotdog,baseline_aabb,155,r_155,1038134,994658,385.3067137768342,402.14827609087746,1.0437094961283175,256633,245764,10869,0.042352308549563,808621,761426,"[1038130, 1038124, 1038134, 1038090]","[994656, 994646, 994614, 994658]",4.238433051300934e-05,4.423695525080091e-05
hotdog,baseline_aabb,156,r_156,1049914,1004676,380.9835853222264,398.1383052844897,1.0450274516361493,259576,248266,11310,0.0435710543347613,816209,768066,"[1049914, 1049882, 1049896, 1049874]","[1004676, 1004644, 1004632, 1004654]",3.809917500998913e-05,4.3796281596155484e-05
hotdog,baseline_aabb,157,r_157,1061080,1014132,376.97440343800656,394.4259721614149,1.0462937763525852,262365,250628,11737,0.044735387723210035,825132,774563,"[1061066, 1061080, 1061058, 1061076]","[1014108, 1014132, 1014132, 1014116]",2.0733787591770572e-05,2.3665791689757247e-05
hotdog,baseline_aabb,158,r_158,1071478,1022722,373.3161110167451,391.1131275165685,1.0476727791129945,264891,252702,12189,0.04601515340272037,831083,779871,"[1071446, 1071478, 1071470, 1071472]","[1022718, 1022690, 1022712, 1022722]",2.9865609424093054e-05,3.1289402035082266e-05
hotdog,baseline_aabb,159,r_159,1086184,1034450,368.26173097744027,386.6789114988641,1.0500111170187056,268541,255608,12933,0.048160243687183704,840817,789384,"[1086160, 1086130, 1086184, 1086152]","[1034400, 1034432, 1034416, 1034450]",4.971659240634292e-05,4.833605545885659e-05
hotdog,baseline_aabb,160,r_160,1099722,1050968,363.72828769452644,380.60150261473234,1.0463896141461966,271924,259735,12189,0.04482502463923743,850436,802033,"[1099674, 1099722, 1099688, 1099670]","[1050920, 1050968, 1050934, 1050908]",4.72861178415524e-05,5.709215387287005e-05
hotdog,baseline_aabb,161,r_161,1113592,1063144,359.1979827441289,376.2425409916248,1.0474517092698636,275355,262744,12611,0.04579905939605237,857470,808353,"[1113592, 1113562, 1113554, 1113542]","[1063112, 1063098, 1063120, 1063144]",4.4900937307066286e-05,4.326893003931359e-05
hotdog,baseline_aabb,162,r_162,1127968,1077974,354.61998921955234,371.0664635696223,1.0463777419492493,278894,266396,12498,0.04481272454767761,863866,815589,"[1127946, 1127968, 1127930, 1127960]","[1077934, 1077974, 1077970, 1077958]",3.368940672068202e-05,3.7107162702848626e-05
hotdog,baseline_aabb,163,r_163,1140570,1086132,350.70184206142545,368.2793619928333,1.0501209797704147,282039,268430,13609,0.04825219207272753,872200,821009,"[1140560, 1140558, 1140526, 1140570]","[1086088, 1086132, 1086132, 1086118]",3.8577760710041224e-05,4.051127064981459e-05
hotdog,baseline_aabb,164,r_164,1151022,1100656,347.5172498874913,363.41963338227384,1.045759983137329,284624,272032,12592,0.04424082298049356,880663,832599,"[1150984, 1151004, 1150984, 1151022]","[1100618, 1100636, 1100612, 1100656]",3.301481279080729e-05,3.997708586124044e-05
hotdog,baseline_aabb,165,r_165,1163262,1108768,343.86062641090314,360.76077231666136,1.0491482438165605,287665,274040,13625,0.04736412146072689,890212,839097,"[1163258, 1163230, 1163262, 1163230]","[1108768, 1108724, 1108754, 1108734]",2.750925213519078e-05,3.968450816012699e-05
hotdog,baseline_aabb,166,r_166,1175530,1121384,340.27204750197785,356.70207529267407,1.0482849764219928,290746,277209,13537,0.04655953994208003,899467,849064,"[1175530, 1175498, 1175526, 1175512]","[1121378, 1121384, 1121348, 1121364]",2.722207642342749e-05,3.210363051931635e-05
hotdog,baseline_aabb,167,r_167,1184712,1127298,337.63480069417716,354.83075460082426,1.0509306323616292,293016,278662,14354,0.04898708602943184,909061,858196,"[1184668, 1184672, 1184694, 1184712]","[1127258, 1127298, 1127272, 1127254]",3.7140627499342655e-05,3.903233518485581e-05
hotdog,baseline_aabb,168,r_168,1193266,1135322,335.2144450608666,352.32295331192387,1.0510375030167654,295144,280656,14488,0.049087902854199984,917743,866361,"[1193242, 1193230, 1193236, 1193266]","[1135282, 1135322, 1135282, 1135280]",3.0169868932870785e-05,3.6994903951980616e-05
hotdog,baseline_aabb,169,r_169,1202844,1143960,332.54520120647396,349.662575614532,1.0514738277562152,297512,282792,14720,0.04947699588588023,927777,875850,"[1202840, 1202800, 1202844, 1202798]","[1143922, 1143922, 1143958, 1143960]",3.824344530210451e-05,3.3218510927797384e-05
hotdog,baseline_aabb,170,r_170,1207162,1147722,331.355692110918,348.5164525904357,1.0517895448549388,298596,283736,14860,0.04976623933341371,937077,887263,"[1207148, 1207162, 1207162, 1207154]","[1147720, 1147716, 1147708, 1147722]",1.1597502063734073e-05,1.2198134295359525e-05
hotdog,baseline_aabb,171,r_171,1212878,1151442,329.79409305799925,347.3904894905692,1.0533557052808564,299976,284618,15358,0.05119742912766355,947911,896394,"[1212838, 1212840, 1212840, 1212878]","[1151404, 1151412, 1151442, 1151410]",3.298019786469709e-05,3.300281305556545e-05
hotdog,baseline_aabb,172,r_172,1217206,1159356,328.6214494506271,345.0191313108312,1.049898391865829,301059,286596,14463,0.04804041732683627,958673,909721,"[1217180, 1217206, 1217174, 1217164]","[1159328, 1159314, 1159318, 1159356]",3.45059609047463e-05,3.622785249053548e-05
hotdog,baseline_aabb,173,r_173,1217652,1160244,328.50108241106653,344.7550687613985,1.0494792474686359,301175,286822,14353,0.0476566780111231,967776,919357,"[1217626, 1217622, 1217652, 1217620]","[1160204, 1160244, 1160212, 1160212]",2.62805614184933e-05,3.447627945782603e-05
hotdog,baseline_aabb,174,r_174,1219910,1164766,327.8930412899312,343.4166175867084,1.0473434149005036,301752,287967,13785,0.04568321005328879,978828,931820,"[1219882, 1219910, 1219872, 1219908]","[1164746, 1164766, 1164734, 1164766]",3.11502730157481e-05,2.747363604128944e-05
hotdog,baseline_aabb,175,r_175,1216736,1162232,328.74838913289324,344.1653645743707,1.0468959725769038,300923,287297,13626,0.04528068642144336,986637,939499,"[1216726, 1216712, 1216704, 1216736]","[1162200, 1162222, 1162208, 1162232]",2.630022778462908e-05,2.753362005583302e-05
hotdog,baseline_aabb,176,r_176,1212560,1156578,329.88058322887116,345.84783732701123,1.048403134073102,299880,285884,13996,0.046672002134187006,981563,932868,"[1212560, 1212552, 1212524, 1212524]","[1156566, 1156542, 1156578, 1156538]",2.9689742194071948e-05,3.458544160421112e-05
hotdog,baseline_aabb,177,r_177,1208812,1153808,330.90339937062174,346.6781301568372,1.0476717096778667,298939,285188,13751,0.04599935103817167,972246,925453,"[1208810, 1208772, 1208812, 1208800]","[1153772, 1153802, 1153808, 1153796]",3.309070949376592e-05,3.12013967825293e-05
hotdog,baseline_aabb,178,r_178,1199754,1147602,333.4016806778723,348.5528955160413,1.0454443265173814,296666,283628,13038,0.04394841336722105,956368,911298,"[1199730, 1199754, 1199754, 1199738]","[1147580, 1147602, 1147584, 1147602]",2.000426757708311e-05,1.9170576302379243e-05
hotdog,baseline_aabb,179,r_179,1197494,1146470,334.0309011986699,348.89704920320634,1.044505307596361,296115,283359,12756,0.043077858264525606,943004,899897,"[1197494, 1197482, 1197494, 1197480]","[1146458, 1146468, 1146470, 1146458]",1.1691145001513586e-05,1.0466970819393726e-05
hotdog,baseline_aabb,180,r_180,1188702,1139330,336.50149490789113,351.08353154924384,1.0433342402991233,293918,281574,12344,0.04199810831592485,927541,885228,"[1188662, 1188696, 1188678, 1188702]","[1139302, 1139330, 1139318, 1139284]",3.365064489357773e-05,4.0375368041228514e-05
hotdog,baseline_aabb,181,r_181,1179664,1128424,339.0796023274424,354.4766860683573,1.0454084634853567,291602,278792,12810,0.04392973985089266,912297,867409,"[1179644, 1179624, 1179650, 1179664]","[1128382, 1128424, 1128404, 1128412]",3.390849200035095e-05,3.722066225306417e-05
hotdog,baseline_aabb,182,r_182,1170904,1122342,341.6163921209595,356.39760429530395,1.0432684511494714,289394,277253,12141,0.04195318493127017,895847,852673,"[1170904, 1170900, 1170878, 1170902]","[1122338, 1122342, 1122336, 1122312]",2.22052172011861e-05,2.6730058485367967e-05
hotdog,baseline_aabb,183,r_183,1158298,1111072,345.3342749447897,360.0126724460701,1.0425048961723453,286268,274461,11807,0.04124456802716336,880349,838627,"[1158260, 1158292, 1158268, 1158298]","[1111032, 1111072, 1111062, 1111040]",3.280728010812589e-05,3.600193150362517e-05
hotdog,baseline_aabb,184,r_184,1149298,1103506,348.03854178811764,362.48103771071476,1.0414968291971227,284026,272579,11447,0.0403026483490948,865646,823568,"[1149256, 1149288, 1149298, 1149284]","[1103472, 1103494, 1103502, 1103506]",3.6544571543177194e-05,3.081123722069953e-05
hotdog,baseline_aabb,185,r_185,1138612,1095732,351.30492213326403,365.052768377669,1.0391336567700862,281278,270557,10721,0.038115316519599825,853061,814703,"[1138610, 1138600, 1138596, 1138612]","[1095732, 1095720, 1095722, 1095708]",1.40522894473015e-05,2.1903395984651194e-05
hotdog,baseline_aabb,186,r_186,1127366,1085496,354.8093520649017,368.49513954910935,1.038572228732303,278471,268003,10468,0.03759098793052059,838448,800173,"[1127350, 1127366, 1127354, 1127346]","[1085470, 1085474, 1085488, 1085496]",1.7740656439769583e-05,2.39524929938958e-05
hotdog,baseline_aabb,187,r_187,1116414,1073598,358.2900250265582,372.57893550472335,1.0398808492564255,275751,265047,10704,0.03881762894785513,826931,787136,"[1116372, 1116410, 1116400, 1116414]","[1073582, 1073598, 1073558, 1073594]",3.762095809831431e-05,3.7258414114232436e-05
hotdog,baseline_aabb,188,r_188,1107980,1067920,361.01734688351775,374.5598921267511,1.037512173196494,273650,263635,10015,0.036597843961264385,814361,777909,"[1107976, 1107980, 1107936, 1107968]","[1067910, 1067914, 1067920, 1067876]",3.971244579025511e-05,4.120216685941165e-05
hotdog,baseline_aabb,189,r_189,1098780,1058878,364.04011722091775,377.75834420962565,1.0376832836266312,271363,261386,9977,0.036766250373116455,804396,767306,"[1098748, 1098750, 1098750, 1098780]","[1058844, 1058878, 1058832, 1058842]",2.9123819006386306e-05,4.3443399389336914e-05
hotdog,baseline_aabb,190,r_190,1092802,1051882,366.0315409378826,380.27079083015013,1.0389017019019244,269826,259595,10231,0.037917028010643894,795240,756863,"[1092768, 1092786, 1092770, 1092802]","[1051882, 1051860, 1051844, 1051844]",3.1113264637075205e-05,3.612656657389428e-05
hotdog,baseline_aabb,191,r_191,1086230,1047716,368.2461357171133,381.78284955083245,1.036759961669002,268178,258550,9628,0.035901528089552465,787918,751935,"[1086190, 1086230, 1086198, 1086200]","[1047676, 1047684, 1047716, 1047694]",3.682547807526115e-05,3.817914130338816e-05
hotdog,baseline_aabb,192,r_192,1076162,1039028,371.6912509454896,384.9751883491109,1.0357391716103896,265702,256419,9283,0.03493763690149115,781503,747456,"[1076122, 1076134, 1076162, 1076154]","[1039028, 1038998, 1038992, 1039026]",3.716978133946882e-05,3.464833384824607e-05
hotdog,baseline_aabb,193,r_193,1070366,1033666,373.7039479953586,386.972194112992,1.035504698809867,264298,255123,9175,0.034714602456318244,776228,743241,"[1070340, 1070366, 1070356, 1070356]","[1033658, 1033656, 1033666, 1033638]",2.4291017602112196e-05,2.708835495806384e-05
hotdog,baseline_aabb,194,r_194,1062950,1028148,376.31120937014913,389.04904741340744,1.0338492123702034,262402,253702,8700,0.03315523509729346,773193,740844,"[1062938, 1062914, 1062910, 1062950]","[1028112, 1028108, 1028148, 1028144]",3.763189980882995e-05,3.8905661551869025e-05
hotdog,baseline_aabb,195,r_195,1060162,1025228,377.30082760936534,390.1571162707222,1.0340743717495036,261688,252954,8734,0.0333756228791538,771205,739231,"[1060162, 1060116, 1060124, 1060156]","[1025228, 1025220, 1025184, 1025182]",4.339051605944312e-05,4.48691406145219e-05
hotdog,baseline_aabb,196,r_196,1058344,1023742,377.94894665628567,390.72344399272475,1.0337995315225907,261259,252607,8652,0.03311656249162708,773786,741891,"[1058344, 1058326, 1058344, 1058320]","[1023714, 1023734, 1023712, 1023742]",2.267716178312413e-05,2.930473061382177e-05
hotdog,baseline_aabb,197,r_197,1054150,1018194,379.452639567424,392.8524426582753,1.0353135060705523,260189,251200,8989,0.0345479632113579,774000,741147,"[1054150, 1054122, 1054136, 1054136]","[1018180, 1018194, 1018180, 1018166]",2.6562037535953615e-05,2.7500049107230548e-05
hotdog,baseline_aabb,198,r_198,1055302,1019478,379.0384174387995,392.3576575463129,1.0351395518098478,260483,251527,8956,0.034382282145092,774528,740707,"[1055280, 1055302, 1055266, 1055280]","[1019458, 1019462, 1019434, 1019478]",3.4114104097293427e-05,4.3160189041628e-05
hotdog,baseline_aabb,199,r_199,1056710,1022872,378.53337244844846,391.05577237425604,1.0330813630640001,260828,252368,8460,0.03243516800343521,779484,747565,"[1056710, 1056702, 1056678, 1056708]","[1022860, 1022872, 1022872, 1022834]",3.028297070264536e-05,3.7150752376059466e-05
lego,baseline_aabb,0,r_0,1045902,979814,382.44500918824133,408.24074773375355,1.0674495363405707,258897,242373,16524,0.06382460978690367,728180,672396,"[1045858, 1045902, 1045856, 1045836]","[979814, 979758, 979760, 979736]",6.310577962888065e-05,7.961076460015494e-05
lego,baseline_aabb,1,r_1,1047574,978482,381.83460070601217,408.7964827150627,1.0706114164593727,259315,242042,17273,0.06661010739833793,713110,655248,"[1047560, 1047564, 1047574, 1047502]","[978468, 978466, 978416, 978482]",6.873180277791037e-05,6.745307412275234e-05
lego,baseline_aabb,2,r_2,1044454,981592,382.9752195884165,407.5012836290434,1.0640408642287222,258532,242816,15716,0.06078938003806105,693202,641194,"[1044394, 1044454, 1044434, 1044420]","[981592, 981556, 981570, 981528]",5.74478505168631e-05,6.520223134261073e-05
lego,baseline_aabb,3,r_3,1050680,980428,380.70582860623597,407.9850840653266,1.0716544203143934,260081,242518,17563,0.06752896213102841,679366,623285,"[1050680, 1050522, 1050610, 1050674]","[980428, 980270, 980424, 980356]",0.00015038717559082886,0.00016116372449367304
lego,baseline_aabb,4,r_4,1055266,988108,379.05134819088266,404.81404866674495,1.0679662547009032,261180,244391,16789,0.06428133854047018,664184,613482,"[1055072, 1055150, 1055266, 1055182]","[988030, 987990, 987918, 988108]",0.00018385706534744485,0.00019230545393449368
lego,baseline_aabb,5,r_5,1056468,982044,378.62008125186946,407.31372525059976,1.0757847917201266,261485,242878,18607,0.07115895749278162,656508,603151,"[1056390, 1056468, 1056408, 1056434]","[982002, 981980, 981962, 982044]",7.383392100717041e-05,8.350331009157869e-05
lego,baseline_aabb,6,r_6,1064038,989248,375.9264236803573,404.34754480170795,1.0756028821892993,263347,244649,18698,0.07100137840947496,649397,598127,"[1063908, 1063816, 1063820, 1064038]","[989028, 989248, 989116, 989022]",0.00020866711063257623,0.0002284897384348554
lego,baseline_aabb,7,r_7,1063644,984298,376.0656761096758,406.38099437365514,1.08061176594893,263196,243360,19836,0.07536588701955957,642081,591340,"[1063350, 1063644, 1063386, 1063326]","[983978, 984050, 984298, 984004]",0.0002990333605566534,0.0003251759888017519
lego,baseline_aabb,8,r_8,1071968,992192,373.1454670288665,403.1477778494485,1.080403792814294,265285,245341,19944,0.07517952390824961,639179,589480,"[1071842, 1071968, 1071890, 1071940]","[992066, 992192, 992114, 992164]",0.00011754718213282831,0.00012699897392892491
lego,baseline_aabb,9,r_9,1076672,998672,371.5151875408667,400.5319063716616,1.078103721742474,266440,246940,19500,0.0731872091277586,636162,588749,"[1076644, 1076672, 1076648, 1076666]","[998672, 998644, 998672, 998642]",2.6006413367296472e-05,3.0040329141872964e-05
lego,baseline_aabb,10,r_10,1080750,999672,370.11334721258385,400.13124304771964,1.0811046023095576,267413,247143,20270,0.07580035375991444,635312,587059,"[1080678, 1080750, 1080666, 1080704]","[999622, 999602, 999582, 999672]",7.77274348697302e-05,9.003425803518239e-05
lego,baseline_aabb,11,r_11,1084342,1010328,368.88730677221764,395.9110308731422,1.0732573975976119,268290,249786,18504,0.06897014424689701,635009,589501,"[1084288, 1084342, 1084308, 1084342]","[1010326, 1010294, 1010268, 1010328]",4.9800796812749006e-05,5.938806537438236e-05
lego,baseline_aabb,12,r_12,1090726,1023230,366.7282158855661,390.91895272812565,1.0659636640833439,269818,252944,16874,0.06253845184531795,637014,595866,"[1090716, 1090706, 1090690, 1090726]","[1023220, 1023196, 1023208, 1023230]",3.300603872983594e-05,3.322864680733786e-05
lego,baseline_aabb,13,r_13,1095436,1028376,365.15141003216985,388.96279181933454,1.0652096120485115,270971,254205,16766,0.061873779850980366,640284,599501,"[1095430, 1095386, 1095394, 1095436]","[1028376, 1028330, 1028322, 1028362]",4.5644947127175494e-05,5.2511432176380064e-05
lego,baseline_aabb,14,r_14,1101180,1037138,363.24669899562286,385.67673732907286,1.0617487740300713,272391,256380,16011,0.05877947509278941,642925,603833,"[1101166, 1101142, 1101180, 1101148]","[1037102, 1037138, 1037118, 1037102]",3.450909450860411e-05,3.471167614006161e-05
lego,baseline_aabb,15,r_15,1104092,1040664,362.28864985888856,384.3699791671471,1.0609495475965345,273111,257254,15857,0.058060642010025226,649369,609666,"[1104072, 1104092, 1104092, 1104080]","[1040654, 1040664, 1040642, 1040664]",1.8114563746961283e-05,2.1140511369751388e-05
lego,baseline_aabb,16,r_16,1105830,1048174,361.71925160286844,381.6160293996989,1.0550061344776727,273519,259105,14414,0.052698350023215934,655971,619278,"[1105800, 1105830, 1105794, 1105830]","[1048144, 1048174, 1048174, 1048138]",3.255521839803909e-05,3.434598330880617e-05
lego,baseline_aabb,17,r_17,1112284,1056502,359.6203847218876,378.6078966248999,1.0527987642238255,275156,261211,13945,0.050680341333643464,665388,628066,"[1112252, 1112250, 1112284, 1112240]","[1056468, 1056466, 1056502, 1056470]",3.9559220377673675e-05,3.4075533151944226e-05
lego,baseline_aabb,18,r_18,1113098,1057022,359.3573971025013,378.4216411768156,1.0530509298765778,275355,261336,14019,0.05091245846271177,673627,636373,"[1113098, 1113086, 1113088, 1113088]","[1057022, 1057010, 1057012, 1057012]",1.0780799396275234e-05,1.1352735157717873e-05
lego,baseline_aabb,19,r_19,1114556,1054050,358.88730579710665,379.48863905886816,1.0574033489872396,275670,260543,15127,0.05487358073058367,684334,642851,"[1114548, 1114554, 1114552, 1114556]","[1054044, 1054036, 1054048, 1054050]",7.177768656030111e-06,1.3282171673017601e-05
lego,baseline_aabb,20,r_20,1115346,1057420,358.6331057806277,378.2792078833387,1.0547805034896256,275860,261378,14482,0.052497643732327993,702298,661821,"[1115316, 1115312, 1115346, 1115306]","[1057390, 1057420, 1057384, 1057374]",3.586414661263135e-05,4.350326085311786e-05
lego,baseline_aabb,21,r_21,1115922,1058490,358.44799188473746,377.8968152745893,1.0542584247371256,276038,261680,14358,0.052014577703069866,716810,673598,"[1115922, 1115864, 1115860, 1115882]","[1058490, 1058450, 1058432, 1058428]",5.5561430330447124e-05,5.8576219944258115e-05
lego,baseline_aabb,22,r_22,1116556,1061654,358.24445885383267,376.7705862738708,1.0517136468190202,276195,262469,13726,0.04969677220804142,739656,697031,"[1116540, 1116556, 1116538, 1116556]","[1061654, 1061634, 1061634, 1061652]",1.612112337361375e-05,1.8838715632884296e-05
lego,baseline_aabb,23,r_23,1113992,1063006,359.0690058815503,376.29138499688617,1.0479639813886281,275571,262824,12747,0.046256681581153314,761461,718479,"[1113944, 1113966, 1113974, 1113992]","[1063006, 1062978, 1062954, 1062986]",4.308917034495574e-05,4.8919030537704815e-05
lego,baseline_aabb,24,r_24,1114270,1056986,358.97942150466224,378.4345298802444,1.0541956090241498,275599,261278,14321,0.05196317838598834,788785,736817,"[1114270, 1114234, 1114258, 1114252]","[1056986, 1056968, 1056978, 1056946]",3.230862635836459e-05,3.7844043749606774e-05
lego,baseline_aabb,25,r_25,1107464,1050612,361.1855554672658,380.7304694787419,1.0541132216270135,273936,259723,14213,0.05188438175340226,807313,753085,"[1107464, 1107442, 1107444, 1107456]","[1050598, 1050612, 1050602, 1050586]",1.9865429772771086e-05,2.474777496086758e-05
lego,baseline_aabb,26,r_26,1103604,1055114,362.4488494061276,379.1059544276732,1.0459571193254946,272958,260836,12122,0.044409762674111036,781160,735424,"[1103604, 1103566, 1103578, 1103590]","[1055084, 1055100, 1055114, 1055088]",3.443324910779374e-05,2.84334181754939e-05
lego,baseline_aabb,27,r_27,1099520,1047798,363.7951105937136,381.75297146969166,1.0493625679758884,271919,258988,12931,0.04755460265740901,750105,707191,"[1099506, 1099460, 1099520, 1099468]","[1047798, 1047738, 1047784, 1047738]",5.4570829981395895e-05,5.7264776579088144e-05
lego,baseline_aabb,28,r_28,1092428,1036028,366.1568542732336,386.08995123683917,1.0544386831243944,270161,256061,14100,0.05219110086207854,722787,680795,"[1092428, 1092416, 1092402, 1092370]","[1035974, 1036002, 1036028, 1036012]",5.309391031156971e-05,5.212335087509315e-05
lego,baseline_aabb,29,r_29,1083430,1026054,369.19782542480823,389.84302970408964,1.0559190841807546,267887,253543,14344,0.05354496485458421,697624,654871,"[1083376, 1083418, 1083430, 1083368]","[1026054, 1025992, 1026002, 1026040]",5.722735319799372e-05,6.0427554184997984e-05
lego,baseline_aabb,30,r_30,1077162,1024312,371.3461856248178,390.5060176977327,1.0515956075883128,266296,253082,13214,0.04962147384864962,681185,643568,"[1077146, 1077162, 1077160, 1077148]","[1024306, 1024312, 1024282, 1024292]",1.4853957744203708e-05,2.9288351632044582e-05
lego,baseline_aabb,31,r_31,1064154,1010222,375.88544515173555,395.9525728008299,1.0533862853907359,263052,249569,13483,0.05125602542463087,664959,627583,"[1064098, 1064146, 1064134, 1064154]","[1010204, 1010212, 1010166, 1010222]",5.2625000822265635e-05,5.54345125376039e-05
lego,baseline_aabb,32,r_32,1057672,998248,378.1890794121429,400.7020299564838,1.0595282935703352,261461,246605,14856,0.0568191814457988,649331,610020,"[1057672, 1057658, 1057654, 1057672]","[998234, 998246, 998232, 998248]",1.7018637298801888e-05,1.602820964898221e-05
lego,baseline_aabb,33,r_33,1048478,987822,381.5053820871778,404.93125279655646,1.06140377517407,259120,243956,15164,0.058521148502624264,638129,598837,"[1048476, 1048444, 1048478, 1048432]","[987822, 987822, 987776, 987786]",4.3873976770636865e-05,4.656806048583648e-05
lego,baseline_aabb,34,r_34,1037106,980256,385.6886374198973,408.05667091045603,1.0579950543531487,256331,242119,14212,0.055443937721149604,628964,591572,"[1037106, 1037094, 1037088, 1037078]","[980232, 980246, 980256, 980240]",2.6998582092322617e-05,2.4483712465321117e-05
lego,baseline_aabb,35,r_35,1026150,965224,389.8065584953467,414.41157700181515,1.0631210993510314,253595,238363,15232,0.06006427571521521,621016,582921,"[1026130, 1026148, 1026132, 1026150]","[965200, 965222, 965224, 965202]",1.9490517863059623e-05,2.48650037504714e-05
lego,baseline_aabb,36,r_36,1014212,953146,394.3948602461813,419.66288480463646,1.0640678343086998,250610,235343,15267,0.060919356769482465,611573,573544,"[1014164, 1014212, 1014162, 1014202]","[953132, 953146, 953096, 953094]",4.9300669996105246e-05,5.455783497723784e-05
lego,baseline_aabb,37,r_37,1002634,939956,398.9491678917731,425.5518343411819,1.0666818446820916,247716,232047,15669,0.06325388751634937,605952,567053,"[1002634, 1002606, 1002594, 1002602]","[939918, 939932, 939926, 939956]",3.989591156672242e-05,4.04284135145803e-05
lego,baseline_aabb,38,r_38,993142,924290,402.762142775152,432.764608510316,1.0744917720628806,245362,228149,17213,0.07015348750010189,601175,559689,"[993116, 993142, 993134, 993110]","[924260, 924262, 924282, 924290]",3.222150674814009e-05,3.2457925062224546e-05
lego,baseline_aabb,39,r_39,981820,909332,407.4066529506427,439.883342937453,1.0797156594071253,242529,224407,18122,0.07472096120463945,598932,554672,"[981784, 981780, 981790, 981820]","[909302, 909292, 909296, 909332]",4.074176494344279e-05,4.398961625108393e-05
lego,baseline_aabb,40,r_40,968690,887842,412.92880075153045,450.530612428788,1.0910612473841066,239284,219071,20213,0.08447284398455392,594991,547090,"[968688, 968670, 968666, 968690]","[887842, 887818, 887814, 887832]",2.4776022178669188e-05,3.153769345699864e-05
lego,baseline_aabb,41,r_41,956698,873954,418.10477287503477,457.68999283715164,1.094677751918293,236322,215636,20686,0.0875331116019668,596085,542066,"[956698, 956646, 956682, 956666]","[873920, 873940, 873902, 873954]",5.435504085513023e-05,5.950140114357116e-05
lego,baseline_aabb,42,r_42,947170,865418,422.3106728464795,462.2043914039227,1.0944653335151338,233984,213547,20437,0.08734357904814004,595188,539894,"[947158, 947170, 947160, 947166]","[865418, 865412, 865414, 865418]",1.266940712981444e-05,6.93308589920102e-06
lego,baseline_aabb,43,r_43,938870,858278,426.04407425948216,466.049461829384,1.0938996455693843,231959,211811,20148,0.08686017787626261,598121,541246,"[938830, 938870, 938826, 938828]","[858278, 858236, 858236, 858236]",4.6866420582453746e-05,4.893698954787465e-05
lego,baseline_aabb,44,r_44,926972,845486,431.5124944442766,473.1006781898222,1.0963777046574397,229049,208678,20371,0.0889373016254164,601120,541523,"[926936, 926972, 926970, 926926]","[845444, 845452, 845486, 845486]",4.9625061087371395e-05,4.96766875584736e-05
lego,baseline_aabb,45,r_45,917922,839904,435.7668734380481,476.2449041795253,1.0928891873356954,226846,207342,19504,0.08597903423467904,605787,547213,"[917922, 917880, 917886, 917878]","[839864, 839872, 839904, 839862]",4.7935948856700386e-05,5.000741181282226e-05
lego,baseline_aabb,46,r_46,908944,831006,440.0711154922636,481.3442983564499,1.0937875298132624,224674,205189,19485,0.08672565583912692,613729,554201,"[908944, 908932, 908942, 908916]","[831006, 830994, 830996, 830978]",3.0805333943572326e-05,3.369460771955496e-05
lego,baseline_aabb,47,r_47,901410,823132,443.7492373059984,485.9487907164343,1.0950977485992526,222807,203237,19570,0.08783386518376891,618065,556678,"[901358, 901364, 901410, 901370]","[823082, 823072, 823132, 823096]",5.768960882562262e-05,7.289555100228346e-05
lego,baseline_aabb,48,r_48,896164,819184,446.3468740096679,488.2907869294322,1.0939715619445691,221544,202300,19244,0.08686310620012277,626697,564083,"[896146, 896096, 896108, 896164]","[819168, 819184, 819120, 819138]",7.588197451593159e-05,7.812953021568024e-05
lego,baseline_aabb,49,r_49,886878,813396,451.02032072055005,491.76538856842177,1.0903397607069618,219242,200871,18371,0.08379325129309165,630704,569839,"[886856, 886854, 886794, 886878]","[813396, 813316, 813364, 813370]",9.471773832082364e-05,9.83572495132853e-05
lego,baseline_aabb,50,r_50,883820,809054,452.58084225294743,494.40457620875736,1.09241163136206,218496,199804,18692,0.08554847685998829,647437,584525,"[883820, 883746, 883778, 883802]","[808978, 809054, 809010, 809032]",8.373062951289706e-05,9.394099146064027e-05
lego,baseline_aabb,51,r_51,881906,808834,453.5630781511862,494.53905251262927,1.090342394113007,218016,199749,18267,0.08378742844561866,638006,577694,"[881826, 881892, 881902, 881906]","[808822, 808834, 808766, 808832]",9.071513576370521e-05,8.407376978747264e-05
lego,baseline_aabb,52,r_52,878050,809334,455.55492284038496,494.23353028539515,1.0849043781677281,217047,199868,17179,0.07914875579943514,623981,568537,"[878006, 878050, 878010, 878046]","[809294, 809332, 809334, 809288]",5.011229710214253e-05,5.683840101221778e-05
lego,baseline_aabb,53,r_53,881398,814726,453.82449245403325,490.9626058331267,1.0818336471402656,217871,201204,16667,0.07649939643183351,616397,563881,"[881398, 881354, 881320, 881374]","[814688, 814652, 814708, 814726]",8.84994409218011e-05,9.083170542050476e-05
lego,baseline_aabb,54,r_54,885502,817684,451.72117059024146,489.1865317164088,1.0829391305198586,218880,201924,16956,0.07746710526315789,608980,556509,"[885476, 885482, 885502, 885460]","[817684, 817646, 817638, 817656]",4.743190134164521e-05,5.625837760623049e-05
lego,baseline_aabb,55,r_55,884600,826064,452.1817770743839,484.22398264541243,1.0708613376203298,218611,203978,14633,0.06693624748983354,603917,560479,"[884564, 884556, 884526, 884600]","[826032, 826024, 826064, 825998]",8.365726973195193e-05,7.990029411782508e-05
lego,baseline_aabb,56,r_56,891238,826360,448.813897073509,484.05053487584104,1.0785105765041871,220195,203975,16220,0.07366198142555462,600179,554440,"[891164, 891228, 891190, 891238]","[826310, 826360, 826282, 826348]",8.303364545755466e-05,9.439385229782471e-05
lego,baseline_aabb,57,r_57,897644,839436,445.61095489971524,476.5104189003093,1.069341796158373,221786,207234,14552,0.06561279792232151,599603,560201,"[897644, 897632, 897620, 897620]","[839414, 839424, 839410, 839436]",2.673710408197596e-05,3.09737307024723e-05
lego,baseline_aabb,58,r_58,906632,855204,441.1933397453432,467.7246598472411,1.0601353595165597,223986,211129,12857,0.05740090898538301,599140,564785,"[906612, 906632, 906618, 906604]","[855204, 855178, 855182, 855190]",3.08840617835656e-05,3.0402653917820457e-05
lego,baseline_aabb,59,r_59,914306,872174,437.49029318412,458.62408189191603,1.0483068745456756,225890,215357,10533,0.04662889016778078,600106,570993,"[914306, 914278, 914266, 914260]","[872130, 872132, 872174, 872146]",5.03129520304284e-05,5.0450297570760845e-05
lego,baseline_aabb,60,r_60,924842,890222,432.50630918578526,449.3261231468106,1.0388891759583565,228533,219879,8654,0.037867616493022886,600928,576430,"[924788, 924842, 924830, 924818]","[890204, 890172, 890222, 890216]",5.838977227448167e-05,5.6166932617092606e-05
lego,baseline_aabb,61,r_61,931832,894496,429.26192704264287,447.17919364647804,1.0417397059349622,230300,220966,9334,0.040529743812418584,603980,579796,"[931762, 931822, 931832, 931774]","[894440, 894496, 894486, 894424]",7.512361859738838e-05,8.049535949842447e-05
lego,baseline_aabb,62,r_62,944746,911812,423.39422447938387,438.68692230415917,1.0361192877479128,233526,225292,8234,0.035259457191062236,609307,587607,"[944714, 944704, 944702, 944746]","[911812, 911774, 911770, 911766]",4.6574819006548526e-05,5.0450738966231454e-05
lego,baseline_aabb,63,r_63,954052,917996,419.2643587561265,435.73174610782615,1.0392768595941595,235795,226781,9014,0.03822812188553616,616524,593950,"[954050, 954048, 954052, 954040]","[917994, 917996, 917984, 917992]",1.2577990089591976e-05,1.3072016462026064e-05
lego,baseline_aabb,64,r_64,964712,930708,414.631516970868,429.78033926859985,1.0365356266412236,238461,229960,8501,0.035649435337434636,622291,601345,"[964712, 964682, 964700, 964692]","[930696, 930708, 930688, 930678]",3.109786342129364e-05,3.2234062270835966e-05
lego,baseline_aabb,65,r_65,976960,941326,409.43334425155587,424.9324888508338,1.0378551107692766,241493,232585,8908,0.036887197558521365,629713,607112,"[976948, 976960, 976932, 976938]","[941314, 941308, 941326, 941302]",2.8660788816560204e-05,2.549631498572472e-05
lego,baseline_aabb,66,r_66,989412,954182,404.2805221687224,419.2072371937429,1.036921677415839,244574,235766,8808,0.036013640043504214,637613,615555,"[989394, 989412, 989386, 989392]","[954162, 954182, 954150, 954162]",2.627865889896462e-05,3.3537211632381854e-05
lego,baseline_aabb,67,r_67,999412,969018,400.23533837896684,412.7890297187462,1.031365774423179,247099,239501,7598,0.030748809181744968,646421,625788,"[999376, 999404, 999402, 999412]","[969018, 968984, 969012, 969012]",3.602166703272018e-05,3.508748393328631e-05
lego,baseline_aabb,68,r_68,1011744,980108,395.35692823481037,408.1182890048852,1.0322780754773964,250130,242220,7910,0.031623555751009474,651947,628976,"[1011726, 1011738, 1011744, 1011692]","[980084, 980052, 980096, 980108]",5.1397365884998395e-05,5.7137901304478695e-05
lego,baseline_aabb,69,r_69,1019080,988576,392.5108921772579,404.6224063703752,1.0308565047098048,251949,244323,7626,0.03026803043473084,662053,639178,"[1019042, 1019080, 1019046, 1019046]","[988576, 988542, 988538, 988542]",3.728950442739267e-05,3.844015904110012e-05
lego,baseline_aabb,70,r_70,1029990,999410,388.35328498334934,400.2361393222001,1.0305980528511822,254631,246987,7644,0.030019911165569,672687,649092,"[1029962, 1029960, 1029964, 1029990]","[999384, 999394, 999384, 999410]",2.9127090232812833e-05,2.6015791585492393e-05
lego,baseline_aabb,71,r_71,1039422,1008674,384.8292608776801,396.56023650852507,1.0304835853804104,257014,249328,7686,0.029904985720622224,686018,661807,"[1039392, 1039394, 1039422, 1039376]","[1008634, 1008648, 1008652, 1008674]",4.425647202798548e-05,3.965688859983423e-05
lego,baseline_aabb,72,r_72,1045068,1017744,382.750213383244,393.02614409910547,1.02684761590341,258378,251548,6830,0.02643413912949245,696229,674189,"[1045036, 1045068, 1045022, 1045032]","[1017710, 1017706, 1017744, 1017718]",4.401747493755021e-05,3.733838253074644e-05
lego,baseline_aabb,73,r_73,1054648,1029666,379.2734637528351,388.47548622563045,1.0242622364922218,260828,254583,6245,0.023942981581732022,715781,694206,"[1054632, 1054648, 1054590, 1054588]","[1029618, 1029650, 1029666, 1029604]",5.6892826715354286e-05,6.0215542505617285e-05
lego,baseline_aabb,74,r_74,1056420,1031986,378.6372844133962,387.602157393608,1.0236766777843886,261251,255143,6108,0.023379814814105976,726068,704211,"[1056396, 1056420, 1056410, 1056420]","[1031986, 1031984, 1031962, 1031986]",2.2718419858170798e-05,2.3256275924085703e-05
lego,baseline_aabb,75,r_75,1060994,1033650,377.00495950024225,386.9781841048711,1.026453828665409,262422,255586,6836,0.026049645227915343,727604,702901,"[1060970, 1060988, 1060994, 1060950]","[1033626, 1033646, 1033650, 1033604]",4.147126865794733e-05,4.450328768037739e-05
lego,baseline_aabb,76,r_76,1064154,1041914,375.88544515173555,383.90884468391823,1.0213453317644259,263198,257639,5559,0.02112098116247084,734933,713680,"[1064140, 1064116, 1064148, 1064154]","[1041908, 1041912, 1041914, 1041880]",3.570960386302736e-05,3.263258065646195e-05
lego,baseline_aabb,77,r_77,1063552,1041734,376.09820676375017,383.97517984437485,1.0209439261846114,263086,257631,5455,0.020734664710398882,724437,703973,"[1063534, 1063552, 1063508, 1063512]","[1041734, 1041692, 1041692, 1041708]",4.1371794684946734e-05,4.031845822215759e-05
lego,baseline_aabb,78,r_78,1061374,1035002,376.8699817406494,386.47268314457364,1.0254801439997216,262549,255957,6592,0.025107694182800164,709414,686245,"[1061374, 1061344, 1061348, 1061328]","[1034986, 1035002, 1034978, 1034956]",4.334108918983727e-05,4.4445281819319304e-05
lego,baseline_aabb,79,r_79,1059738,1033138,377.4517852525813,387.1699618056833,1.025746802460078,262159,255509,6650,0.025366285345916027,700920,678738,"[1059738, 1059698, 1059714, 1059704]","[1033094, 1033118, 1033138, 1033104]",3.7746051173265225e-05,4.258970577772916e-05
lego,baseline_aabb,80,r_80,1053080,1028506,379.83818893151516,388.91362811689964,1.0238929087433617,260513,254370,6143,0.02358039713949016,696653,675188,"[1053060, 1053036, 1053072, 1053080]","[1028500, 1028466, 1028488, 1028506]",4.178291496607037e-05,3.88919678363426e-05
lego,baseline_aabb,81,r_81,1048458,1017840,381.5126595438253,392.98907490371766,1.030081348738505,259380,251724,7656,0.029516539440203562,687112,661824,"[1048442, 1048458, 1048424, 1048436]","[1017810, 1017804, 1017840, 1017810]",3.242913280683682e-05,3.536985073922988e-05
lego,baseline_aabb,82,r_82,1036822,1005648,385.7942829145215,397.75348829809235,1.030998918110512,256502,248709,7793,0.030381829381447317,678860,653770,"[1036796, 1036810, 1036822, 1036804]","[1005642, 1005628, 1005648, 1005626]",2.507696699871143e-05,2.1876702902441837e-05
lego,baseline_aabb,83,r_83,1029196,996622,388.6528902172181,401.3557798242463,1.0326844079299875,254643,246499,8144,0.03198202974360183,673835,647536,"[1029186, 1029196, 1029168, 1029188]","[996614, 996622, 996592, 996606]",2.7206006308878533e-05,3.0102091242448764e-05
lego,baseline_aabb,84,r_84,1015454,985152,393.91247658682715,406.02871435067885,1.0307587052556357,251247,243672,7575,0.030149613726731066,667213,643402,"[1015454, 1015448, 1015430, 1015410]","[985134, 985152, 985106, 985150]",4.333116185124511e-05,4.669408421481106e-05
lego,baseline_aabb,85,r_85,1000956,968164,399.6179652252447,413.15314347569216,1.0338702947021372,247639,239441,8198,0.033104640222259014,664698,638058,"[1000944, 1000914, 1000956, 1000930]","[968120, 968164, 968146, 968146]",4.1960724761623124e-05,4.544778462708027e-05
lego,baseline_aabb,86,r_86,988762,951926,404.5462912207387,420.2007298886678,1.0386962852154473,244655,235446,9209,0.03764075943675788,659347,629602,"[988738, 988762, 988756, 988754]","[951898, 951926, 951920, 951922]",2.4273010687710018e-05,2.941434464052257e-05
lego,baseline_aabb,87,r_87,972510,935496,411.3068246084873,427.5806630920923,1.0395661766592268,240639,231385,9254,0.038455944381417806,653549,622767,"[972500, 972510, 972502, 972492]","[935480, 935496, 935478, 935486]",1.850897839693738e-05,1.9241356088018515e-05
lego,baseline_aabb,88,r_88,955020,916694,418.8393960335909,436.3506251813582,1.0418089351517519,236317,226734,9583,0.040551462653977494,646502,614197,"[955020, 954984, 955018, 954990]","[916694, 916682, 916652, 916656]",3.7696216661099495e-05,4.5817965224164395e-05
lego,baseline_aabb,89,r_89,938126,900896,426.3819572210982,444.0024153731396,1.041325524810855,232184,222877,9307,0.04008458808531165,640833,610159,"[938126, 938112, 938080, 938126]","[900896, 900884, 900896, 900856]",4.903470911224791e-05,4.440088224553022e-05
lego,baseline_aabb,90,r_90,921684,879904,433.9882215596669,454.5950467323708,1.047482452631196,228121,217675,10446,0.045791487850745875,635780,602501,"[921670, 921684, 921672, 921630]","[879890, 879904, 879880, 879846]",5.858968127213388e-05,6.591807973814611e-05
lego,baseline_aabb,91,r_91,907354,857892,440.84227324726623,466.25915616417916,1.0576552759554816,224568,212204,12364,0.05505682020590645,628945,591055,"[907312, 907324, 907354, 907308]","[857864, 857892, 857860, 857858]",5.069850973934904e-05,3.963311393296292e-05
lego,baseline_aabb,92,r_92,891232,839740,448.81691860256365,476.3379141162741,1.061318979684188,220632,207758,12874,0.05835055658290728,621552,580220,"[891210, 891216, 891224, 891232]","[839714, 839740, 839716, 839728]",2.4685249048916626e-05,3.096253592696176e-05
lego,baseline_aabb,93,r_93,874372,819976,457.47119075176244,487.81915568260536,1.0663385269812775,216437,202839,13598,0.06282659619196349,612828,569539,"[874372, 874330, 874344, 874326]","[819976, 819932, 819950, 819946]",5.2610931865412084e-05,5.366174320172791e-05
lego,baseline_aabb,94,r_94,860640,803978,464.7704034207102,497.5260517078826,1.07047705285468,213085,198918,14167,0.06648520543445104,610328,565303,"[860636, 860640, 860604, 860630]","[803968, 803978, 803936, 803956]",4.18299438491101e-05,5.2241437535099714e-05
lego,baseline_aabb,95,r_95,848334,787756,471.5123995973284,507.7714419185636,1.0768994460213568,210047,194903,15144,0.07209814946178712,604931,554988,"[848326, 848300, 848312, 848334]","[787730, 787756, 787728, 787754]",4.007930988143597e-05,3.554463263352722e-05
lego,baseline_aabb,96,r_96,835550,781034,478.72658727784096,512.1415969087133,1.0697997782426885,206898,193269,13629,0.06587303888872778,600405,553414,"[835512, 835548, 835550, 835528]","[781034, 781000, 781008, 781032]",4.547986947277461e-05,4.353289966882987e-05
lego,baseline_aabb,97,r_97,828124,771912,483.0194511932996,518.1937837473702,1.072821772430018,205129,191077,14052,0.06850323454996612,597468,550097,"[828124, 828088, 828110, 828072]","[771910, 771878, 771912, 771862]",6.279446225298078e-05,6.477602716965684e-05
lego,baseline_aabb,98,r_98,818764,752232,488.54126463791766,531.7508428250859,1.0884461176870965,202840,186207,16633,0.08200059159929009,594257,537577,"[818764, 818740, 818760, 818756]","[752206, 752230, 752224, 752232]",2.931279808978266e-05,3.456421832355565e-05
lego,baseline_aabb,99,r_99,815650,736686,490.40642432415865,542.972175390872,1.107188137143912,202092,182352,19740,0.09767828513746214,600619,536540,"[815650, 815634, 815632, 815626]","[736684, 736664, 736668, 736686]",2.942490855290139e-05,2.986389529718309e-05
lego,baseline_aabb,100,r_100,815420,738470,490.5447499448137,541.6604601405609,1.1042019310195403,202017,182779,19238,0.09522960938930881,598594,532716,"[815390, 815374, 815420, 815368]","[738470, 738416, 738440, 738418]",6.377332018621809e-05,7.312752899371104e-05
lego,baseline_aabb,101,r_101,815436,738212,490.535124767609,541.8497667336754,1.1046095159656033,202063,182756,19307,0.0955494078579453,598213,537526,"[815426, 815436, 815394, 815402]","[738198, 738164, 738212, 738172]",5.150754616210529e-05,6.50242181345771e-05
lego,baseline_aabb,102,r_102,820404,752658,487.5646632634653,531.4498749764169,1.0900090080753808,203307,186371,16936,0.08330259164711495,595193,540486,"[820404, 820348, 820360, 820360]","[752658, 752618, 752618, 752602]",6.82620482515164e-05,7.440634367227195e-05
lego,baseline_aabb,103,r_103,830136,770882,481.8487573120549,518.8861589711526,1.0768652011591917,205699,190886,14813,0.07201298985410721,601470,551555,"[830118, 830076, 830104, 830136]","[770850, 770830, 770864, 770882]",7.227970801407286e-05,6.745743209014908e-05
lego,baseline_aabb,104,r_104,841468,780590,475.3597284745231,512.432903316722,1.0779897257202884,208496,193274,15222,0.07300859488911059,607889,556567,"[841444, 841460, 841468, 841444]","[780572, 780550, 780552, 780590]",2.8522058246796616e-05,5.1244865904997145e-05
lego,baseline_aabb,105,r_105,852702,783510,469.0970585268945,510.5231586067823,1.0883102959758013,211221,193924,17297,0.08189053171796365,614591,560855,"[852672, 852628, 852702, 852674]","[783442, 783510, 783486, 783486]",8.678631450187587e-05,8.679214939481621e-05
lego,baseline_aabb,106,r_106,867524,801518,461.08234469593924,499.05304684361425,1.082351238524899,214851,198349,16502,0.07680671721332458,619090,570812,"[867502, 867498, 867524, 867522]","[801518, 801492, 801488, 801516]",2.997078424896961e-05,3.742965564092983e-05
lego,baseline_aabb,107,r_107,879986,823534,454.55268606546014,485.71157960691363,1.0685484752299237,217915,203802,14113,0.06476378404423744,622859,580785,"[879972, 879950, 879942, 879986]","[823514, 823534, 823492, 823502]",5.000213077261815e-05,5.1001171205467326e-05
lego,baseline_aabb,108,r_108,896894,835658,445.9835833442971,478.6647169057198,1.0732787815110967,222048,206739,15309,0.06894455252918288,629960,585740,"[896850, 896882, 896852, 896894]","[835658, 835612, 835644, 835620]",4.9059534302370636e-05,5.504805635484935e-05
lego,baseline_aabb,109,r_109,915052,860496,437.13362737855334,464.8481805842212,1.063400643349882,226562,212923,13639,0.06019985699278785,639213,600292,"[915050, 915042, 915008, 915052]","[860486, 860492, 860496, 860454]",4.8085434703258224e-05,4.880985308234222e-05
lego,baseline_aabb,110,r_110,927684,870342,431.1813074279604,459.5894487454357,1.065884445424902,229656,215321,14335,0.06241944473473369,644846,604204,"[927648, 927684, 927662, 927652]","[870312, 870310, 870342, 870322]",3.880725889777683e-05,3.676802193212508e-05
lego,baseline_aabb,111,r_111,947060,892924,422.3597237767406,447.9664562717544,1.0606277801918191,234430,220896,13534,0.0577315190035405,654009,615798,"[947036, 947022, 947052, 947060]","[892900, 892924, 892888, 892914]",4.0124915196519694e-05,4.031777123360621e-05
lego,baseline_aabb,112,r_112,965804,911834,414.1627079614497,438.6763380176655,1.0591884049070335,239063,225570,13493,0.05644118914261095,661606,623312,"[965746, 965804, 965800, 965788]","[911814, 911834, 911776, 911826]",6.00548051868714e-05,6.36095688532456e-05
lego,baseline_aabb,113,r_113,981022,932472,407.7380527653814,428.96730411208057,1.0520659065366038,242804,230667,12137,0.04998682064545889,667810,632108,"[981022, 980988, 981014, 980990]","[932446, 932472, 932438, 932466]",3.4658388068951844e-05,3.646286605634263e-05
lego,baseline_aabb,114,r_114,998436,949202,400.62657997107476,421.40661313397993,1.0518688329775958,247115,234807,12308,0.04980677012726868,671824,636731,"[998412, 998436, 998432, 998400]","[949202, 949182, 949200, 949168]",3.605697001261994e-05,3.5820090435193025e-05
lego,baseline_aabb,115,r_115,1009800,964552,396.1180431768667,414.7002960960114,1.0469108974943808,249847,238534,11313,0.04527971118324414,676595,643100,"[1009794, 1009800, 1009776, 1009792]","[964540, 964544, 964518, 964552]",2.3767306188758956e-05,3.525001853217886e-05
lego,baseline_aabb,116,r_116,1025154,981884,390.1852794799611,407.3800978526995,1.0440683420852157,253659,242840,10819,0.0426517490016124,684674,653776,"[1025124, 1025120, 1025116, 1025154]","[981840, 981844, 981884, 981842]",3.7068523604601766e-05,4.4813248425807336e-05
lego,baseline_aabb,117,r_117,1037542,990398,385.5265618162927,403.8780369104138,1.0476010654302614,256738,244951,11787,0.0459106170492876,689436,656231,"[1037542, 1037512, 1037542, 1037512]","[990398, 990388, 990368, 990362]",2.8914910166193266e-05,3.634972066249385e-05
lego,baseline_aabb,118,r_118,1043968,999490,383.1535066208926,400.2041040930875,1.044500695354631,258262,247142,11120,0.04305705059203445,688965,657552,"[1043952, 1043968, 1043966, 1043926]","[999474, 999490, 999484, 999444]",4.023169625452487e-05,4.602425478227026e-05
lego,baseline_aabb,119,r_119,1055190,1013856,379.0786493427724,394.5333459584004,1.0407691033046114,261045,250711,10334,0.039587044379321576,697132,668495,"[1055156, 1055190, 1055154, 1055170]","[1013820, 1013834, 1013856, 1013816]",3.411780594076296e-05,3.945428801531615e-05
lego,baseline_aabb,120,r_120,1064852,1028476,375.6390559439246,388.9249724835582,1.0353688369976548,263400,254306,9094,0.03452543659832954,704497,676762,"[1064814, 1064808, 1064852, 1064806]","[1028476, 1028430, 1028430, 1028440]",4.319978963580699e-05,4.472776349514412e-05
lego,baseline_aabb,121,r_121,1069536,1035202,373.99395625766687,386.39801700537674,1.0331664737896564,264549,255964,8585,0.03245145511795546,712146,685002,"[1069508, 1069506, 1069534, 1069536]","[1035174, 1035160, 1035188, 1035202]",2.8049940113377857e-05,4.057261483740525e-05
lego,baseline_aabb,122,r_122,1070492,1040088,373.6599619614159,384.5828429902085,1.0292321418956858,264742,257141,7601,0.028710971436341798,715948,692178,"[1070468, 1070484, 1070492, 1070478]","[1040088, 1040080, 1040074, 1040064]",2.2419838567820712e-05,2.3075225716569887e-05
lego,baseline_aabb,123,r_123,1073542,1039106,372.59837062732527,384.9462903688363,1.0331400261378532,265498,256889,8609,0.03242585631530181,727429,699843,"[1073514, 1073510, 1073542, 1073542]","[1039106, 1039106, 1039074, 1039078]",2.9808286144642845e-05,3.079614778686371e-05
lego,baseline_aabb,124,r_124,1071220,1036938,373.40602303915165,385.7511249467181,1.0330608001635584,264931,256360,8571,0.032351819907825055,735022,705573,"[1071182, 1071210, 1071184, 1071220]","[1036924, 1036898, 1036938, 1036900]",3.547426761974199e-05,3.857596813625032e-05
lego,baseline_aabb,125,r_125,1068024,1034972,374.5234189493869,386.4838855543918,1.0319351634633593,264136,255872,8264,0.03128691280249568,736780,709036,"[1068024, 1068018, 1068020, 1067984]","[1034972, 1034926, 1034966, 1034958]",3.7452780236916925e-05,4.444635542301094e-05
lego,baseline_aabb,126,r_126,1064840,1034394,375.64328913263967,386.69984551341173,1.0294336587412534,263289,255677,7612,0.02891119644193263,727482,700634,"[1064824, 1064804, 1064840, 1064836]","[1034378, 1034394, 1034352, 1034388]",3.3808340517605695e-05,4.060411184305931e-05
lego,baseline_aabb,127,r_127,1058330,1028554,377.9539463116419,388.89547850671914,1.0289493794200402,261712,254269,7443,0.028439658861649446,715029,689291,"[1058326, 1058330, 1058292, 1058284]","[1028520, 1028520, 1028550, 1028554]",4.346560736571962e-05,3.3056694175021586e-05
lego,baseline_aabb,128,r_128,1049332,1016106,381.1948935132065,393.65971660437003,1.032699344359742,259479,251173,8306,0.03201029755779851,696668,668308,"[1049302, 1049324, 1049306, 1049332]","[1016076, 1016106, 1016104, 1016082]",2.859005294877806e-05,2.952488554186038e-05
lego,baseline_aabb,129,r_129,1038844,1004204,385.0433751362091,398.3254398508669,1.034494983091085,256855,248195,8660,0.03371552042981449,681413,654563,"[1038838, 1038806, 1038844, 1038822]","[1004204, 1004186, 1004194, 1004166]",3.657970163477575e-05,3.7841538557291346e-05
lego,baseline_aabb,130,r_130,1031698,994452,387.71035710062444,402.23158081033574,1.0374537936471544,255021,245709,9312,0.036514639970825935,671745,643753,"[1031698, 1031672, 1031660, 1031656]","[994410, 994424, 994452, 994408]",4.071063318120158e-05,4.424674195652054e-05
lego,baseline_aabb,131,r_131,1018590,978596,392.6997123474607,408.748860612551,1.040868754828346,251785,241785,10000,0.039716424727446034,658349,628317,"[1018550, 1018578, 1018590, 1018562]","[978552, 978568, 978596, 978564]",3.927074231520661e-05,4.496356928988217e-05
lego,baseline_aabb,132,r_132,1006702,967940,397.337047110267,413.2487550881253,1.0400458706118147,248835,239145,9690,0.03894146723732594,646400,617655,"[1006666, 1006702, 1006680, 1006672]","[967910, 967940, 967916, 967914]",3.57611157468113e-05,3.099429704934292e-05
lego,baseline_aabb,133,r_133,993642,958074,402.55947313016156,417.50428463772107,1.0371244809899862,245609,236717,8892,0.036203885036786114,637061,611876,"[993600, 993640, 993622, 993642]","[958056, 958072, 958074, 958030]",4.226942531697037e-05,4.592623828619979e-05
lego,baseline_aabb,134,r_134,979578,944276,408.3391011231367,423.604962955746,1.0373852560056593,242096,233271,8825,0.03645248166016787,626856,603386,"[979552, 979564, 979542, 979578]","[944266, 944252, 944242, 944276]",3.6751231931920386e-05,3.600707009411613e-05
lego,baseline_aabb,135,r_135,969636,931916,412.5259375683246,429.22323471214145,1.0404757510333549,239663,230232,9431,0.039351088820552195,620130,594934,"[969630, 969628, 969634, 969636]","[931904, 931910, 931916, 931902]",8.250552787036732e-06,1.5022942178841687e-05
lego,baseline_aabb,136,r_136,956826,919768,418.04884064605267,434.89227718294177,1.0402905950196137,236475,227210,9265,0.03917961729569722,611357,585821,"[956826, 956816, 956806, 956802]","[919760, 919740, 919742, 919768]",2.50832843425436e-05,3.0442972430083093e-05
lego,baseline_aabb,137,r_137,944744,911548,423.395120794628,438.81397359217505,1.0364171716684145,233471,225172,8299,0.035546170616479134,605703,583295,"[944734, 944744, 944738, 944730]","[911548, 911538, 911536, 911540]",1.4818946870370733e-05,1.3164527522364612e-05
lego,baseline_aabb,138,r_138,931078,893940,429.6095493610632,447.4573237577466,1.041544175224288,230056,220771,9285,0.04035973849845255,596550,571786,"[931064, 931042, 931032, 931078]","[893904, 893940, 893922, 893890]",4.9406371703467255e-05,5.593379228874366e-05
lego,baseline_aabb,139,r_139,918700,881682,435.3978447806683,453.67831032050105,1.0419856592286107,227007,217753,9254,0.04076526274520169,592887,568046,"[918690, 918676, 918700, 918676]","[881676, 881660, 881682, 881660]",2.6124283010888927e-05,2.495266083265895e-05
lego,baseline_aabb,140,r_140,911272,871394,438.94687864874595,459.03460432364693,1.045763454878046,225102,215132,9970,0.04429103250970671,588663,562119,"[911240, 911238, 911272, 911232]","[871394, 871352, 871358, 871358]",4.389596436964572e-05,4.820020990043788e-05
lego,baseline_aabb,141,r_141,899500,857886,444.6914952751529,466.2624171509967,1.048507610568304,222173,211769,10404,0.04682837248450532,585566,556710,"[899492, 899488, 899500, 899488]","[857886, 857876, 857872, 857870]",1.3340863509625433e-05,1.8650714089215692e-05
lego,baseline_aabb,142,r_142,892726,839846,448.06581190645284,476.2777937860036,1.0629639243385096,220533,207312,13221,0.059950211532967854,585949,549073,"[892726, 892686, 892720, 892726]","[839834, 839846, 839842, 839800]",4.4807158391624645e-05,5.4772957162189274e-05
lego,baseline_aabb,143,r_143,885330,827404,451.80893000350153,483.4397706561728,1.0700093303875737,218650,204169,14481,0.06622913331808827,587179,546979,"[885330, 885318, 885320, 885302]","[827404, 827398, 827394, 827378]",3.162707164378881e-05,3.142398387224459e-05
lego,baseline_aabb,144,r_144,880562,818758,454.2553505602104,488.54484475266196,1.0754850639627338,217465,202014,15451,0.07105051387579611,587701,542978,"[880540, 880526, 880562, 880562]","[818724, 818758, 818756, 818736]",4.088365477160517e-05,4.152704723762693e-05
lego,baseline_aabb,145,r_145,878170,813506,455.492672261635,491.69889343164033,1.079488043112159,216911,200746,16165,0.07452365255796156,594494,546895,"[878170, 878142, 878134, 878130]","[813482, 813468, 813480, 813506]",4.5550615844326214e-05,4.671265814693344e-05
lego,baseline_aabb,146,r_146,876236,812344,456.4980210810786,492.4022335365313,1.07865140876279,216482,200508,15974,0.07378904481665913,601539,553133,"[876200, 876234, 876236, 876202]","[812344, 812298, 812340, 812306]",4.108566589593001e-05,5.6627790457478686e-05
lego,baseline_aabb,147,r_147,873738,808050,457.80314007173774,495.0188725945177,1.0812919992574717,215909,199486,16423,0.07606445307976972,609060,558579,"[873724, 873698, 873734, 873738]","[808010, 808040, 808050, 808026]",4.578107376074925e-05,4.9503020612439e-05
lego,baseline_aabb,148,r_148,873064,805962,458.1565612601138,496.30131445403134,1.083257027006236,215742,198967,16775,0.07775491095845964,619711,565494,"[873064, 873040, 873050, 872978]","[805962, 805952, 805940, 805878]",9.850715837774746e-05,0.00010422702631608335
lego,baseline_aabb,149,r_149,874922,809780,457.18361179625157,493.9613228284225,1.0804440712292227,216219,199934,16285,0.07531715529162562,621588,569036,"[874816, 874922, 874866, 874860]","[809780, 809730, 809676, 809718]",0.0001211614121476889,0.0001284385088289125
lego,baseline_aabb,150,r_150,876156,803628,456.5397029752692,497.74273668911485,1.0902507130164703,216556,198424,18132,0.08372892000221652,638605,577922,"[876156, 876064, 876100, 876116]","[803590, 803628, 803570, 803536]",0.00010500976476671282,0.00011448752521525522
lego,baseline_aabb,151,r_151,881922,808852,453.5548495218398,494.52804715819457,1.0903379110146232,218020,199753,18267,0.08378589120264196,637994,577681,"[881918, 881844, 881922, 881906]","[808852, 808784, 808846, 808836]",8.844565269773414e-05,8.407210666772168e-05
lego,baseline_aabb,152,r_152,884298,811720,452.336203406544,492.7807618390578,1.0894126053318878,218631,200487,18144,0.08298914609547593,629034,569583,"[884296, 884270, 884298, 884262]","[811684, 811718, 811700, 811720]",4.071101792811452e-05,4.435106082193603e-05
lego,baseline_aabb,153,r_153,896966,819810,445.9477839739745,487.91793220380333,1.0941144899427917,221765,202476,19289,0.08697946023944265,622308,562171,"[896966, 896942, 896952, 896890]","[819796, 819734, 819810, 819786]",8.473277123545397e-05,9.27076300209263e-05
lego,baseline_aabb,154,r_154,905078,825684,441.950859483934,484.4468343821607,1.0961554299223433,223742,203893,19849,0.0887137864147098,616194,556406,"[905052, 904966, 905036, 905078]","[825570, 825684, 825654, 825640]",0.0001237523935591299,0.00013807520738532794
lego,baseline_aabb,155,r_155,912180,838874,438.50994321296236,476.82965498990313,1.0873861867217245,225488,207162,18326,0.08127261761158022,611689,555781,"[912152, 912180, 912156, 912120]","[838848, 838816, 838874, 838854]",6.577851059911067e-05,6.914244296940566e-05
lego,baseline_aabb,156,r_156,922244,847274,433.72469758545463,472.10229512530776,1.0884837726638608,227946,209203,18743,0.08222561483860212,607348,553770,"[922138, 922186, 922244, 922208]","[847214, 847236, 847164, 847274]",0.0001149432765773796,0.00012983609962914088
lego,baseline_aabb,157,r_157,936416,859800,427.16057820455865,465.22447080716444,1.0891090951384044,231402,212248,19154,0.0827737011780365,605707,552308,"[936352, 936340, 936416, 936404]","[859800, 859734, 859786, 859728]",8.116380350670348e-05,8.37441059269891e-05
lego,baseline_aabb,158,r_158,947156,869856,422.31691505939887,459.8462274215502,1.0888652834492145,234042,214717,19325,0.08257064971244478,605910,554709,"[947070, 947098, 947156, 947058]","[869772, 869758, 869856, 869796]",0.0001034742536523508,0.00011267016212431543
lego,baseline_aabb,159,r_159,958256,885904,417.4249887295253,451.51619137062255,1.0816702486951182,236795,218707,18088,0.07638674803099728,604285,558325,"[958230, 958256, 958194, 958200]","[885878, 885904, 885848, 885842]",6.47033040429129e-05,6.998785372087038e-05
lego,baseline_aabb,160,r_160,969422,904978,412.6170027088306,441.9996950202104,1.0712105708647062,239516,223405,16111,0.0672648173817198,604314,564487,"[969414, 969422, 969332, 969418]","[904968, 904978, 904888, 904976]",9.284126773719525e-05,9.945273370701777e-05
lego,baseline_aabb,161,r_161,981572,926886,407.50958666302625,431.552531810816,1.0589997043865158,242517,228845,13672,0.056375429351344444,607896,574800,"[981558, 981518, 981554, 981572]","[926830, 926866, 926886, 926868]",5.501499922826182e-05,6.041888629651108e-05
lego,baseline_aabb,162,r_162,993048,938052,402.8002674593776,426.4155931654109,1.0586278799043123,245390,231641,13749,0.05602917804311504,610487,577037,"[993014, 993048, 993040, 993038]","[938018, 938044, 938042, 938052]",3.423847095016792e-05,3.6245827732109216e-05
lego,baseline_aabb,163,r_163,1004090,955226,398.3706639843042,418.74907090049896,1.051154386501205,248123,235907,12216,0.049233646215788136,615351,584964,"[1004080, 1004090, 1004052, 1004036]","[955190, 955216, 955226, 955170]",5.378140547743696e-05,5.8626434973599786e-05
lego,baseline_aabb,164,r_164,1013736,969946,394.58004845442997,412.3940920422374,1.045146843226324,250520,239573,10947,0.04369711001117675,621216,593688,"[1013736, 1013700, 1013690, 1013724]","[969938, 969912, 969902, 969946]",4.5377757500277446e-05,4.5364355679230705e-05
lego,baseline_aabb,165,r_165,1029134,982348,388.6763045434317,407.18767687214716,1.0476267066253506,254366,242669,11697,0.04598491936815455,627037,598637,"[1029098, 1029114, 1029134, 1029130]","[982308, 982344, 982348, 982324]",3.498137727512562e-05,4.07194723570772e-05
lego,baseline_aabb,166,r_166,1037414,987420,385.57412951820584,405.09610905187253,1.0506309371898483,256395,243897,12498,0.04874510033346984,632771,601796,"[1037414, 1037376, 1037410, 1037370]","[987384, 987378, 987420, 987420]",4.2414033261277675e-05,4.2535931468537845e-05
lego,baseline_aabb,167,r_167,1045368,1000198,382.6403716203289,399.92081567849567,1.0451610581104942,258383,247091,11292,0.04370256557126436,642137,612730,"[1045346, 1045330, 1045368, 1045334]","[1000198, 1000178, 1000166, 1000164]",3.635165249350812e-05,3.399400005898959e-05
lego,baseline_aabb,168,r_168,1057764,1013332,378.15618606796977,394.7373614965283,1.0438474261150343,261493,250384,11109,0.04248297277556187,655086,625483,"[1057734, 1057758, 1057764, 1057762]","[1013296, 1013332, 1013330, 1013316]",2.8361968679877988e-05,3.552683583690616e-05
lego,baseline_aabb,169,r_169,1064914,1021586,375.6171859887277,391.54804392385955,1.0424124841178324,263266,252434,10832,0.041144697758160945,666493,636914,"[1064894, 1064914, 1064868, 1064890]","[1021558, 1021586, 1021568, 1021542]",4.319688907273652e-05,4.307123345734259e-05
lego,baseline_aabb,170,r_170,1072466,1032366,372.97219678759046,387.4594862674672,1.0388428134983136,265177,255152,10025,0.037804937833975046,683586,654216,"[1072458, 1072454, 1072434, 1072466]","[1032334, 1032356, 1032366, 1032356]",2.9838137428866347e-05,3.099714923093167e-05
lego,baseline_aabb,171,r_171,1079576,1038206,370.5158321415074,385.27999260262413,1.0398475832349263,266912,256569,10343,0.038750599448507374,700502,669109,"[1079554, 1079532, 1079576, 1079570]","[1038206, 1038200, 1038160, 1038178]",4.0757421092706456e-05,4.4308052699612594e-05
lego,baseline_aabb,172,r_172,1087016,1045366,367.9798641418342,382.6411036899995,1.0398425049217213,268822,258409,10413,0.03873566895566583,722363,688456,"[1087002, 1087008, 1087016, 1087016]","[1045352, 1045362, 1045366, 1045354]",1.2879360410961991e-05,1.3392534714167436e-05
lego,baseline_aabb,173,r_173,1094640,1057218,365.4169407293722,378.351484745814,1.0353966731553945,270711,261355,9356,0.03456084163554492,749287,715932,"[1094604, 1094630, 1094640, 1094632]","[1057218, 1057180, 1057208, 1057204]",3.288793026662519e-05,3.594391802894904e-05
lego,baseline_aabb,174,r_174,1094614,1056250,365.42562035566874,378.698224852071,1.036320946745562,270744,261154,9590,0.03542091422155246,771881,734183,"[1094614, 1094592, 1094586, 1094582]","[1056250, 1056224, 1056234, 1056226]",2.9234597135831702e-05,2.4615769145742868e-05
lego,baseline_aabb,175,r_175,1101016,1061484,363.30080580118727,376.8309272678627,1.0372422005418829,272361,262478,9883,0.036286399300927814,797335,754156,"[1101016, 1100996, 1100972, 1100992]","[1061440, 1061466, 1061484, 1061458]",3.9963887178313415e-05,4.1452261126634776e-05
lego,baseline_aabb,176,r_176,1101826,1060534,363.03372764846716,377.1684830472196,1.0389351025049645,272553,262229,10324,0.03787887126540526,785042,741347,"[1101812, 1101794, 1101796, 1101826]","[1060502, 1060498, 1060510, 1060534]",2.904319903576579e-05,3.3945899665350005e-05
lego,baseline_aabb,177,r_177,1103464,1058890,362.4948344486091,377.75406321714246,1.0420950240346023,272983,261839,11144,0.040823054915507556,751871,711672,"[1103424, 1103464, 1103430, 1103460]","[1058890, 1058858, 1058880, 1058846]",3.625012404339321e-05,4.155379067372389e-05
lego,baseline_aabb,178,r_178,1104532,1063404,362.14432900088,376.15055049633065,1.0386757996020328,273228,262947,10281,0.03762791514778866,730103,694161,"[1104510, 1104532, 1104526, 1104490]","[1063404, 1063380, 1063404, 1063374]",3.802575701812878e-05,2.8211649436401773e-05
lego,baseline_aabb,179,r_179,1105742,1063542,361.7480388734443,376.10174304352813,1.0396787338910922,273533,262983,10550,0.03856938650912321,708685,673779,"[1105724, 1105742, 1105716, 1105696]","[1063500, 1063510, 1063526, 1063542]",4.1601870998928754e-05,3.9491518491198325e-05
lego,baseline_aabb,180,r_180,1104110,1059256,362.28274356721704,377.62353954096085,1.0423448156064257,273132,261918,11214,0.04105707130618163,688255,654507,"[1104070, 1104098, 1104110, 1104064]","[1059206, 1059256, 1059212, 1059244]",4.1663440014382946e-05,4.7204123374585014e-05
lego,baseline_aabb,181,r_181,1100516,1054232,363.4658651032788,379.4231250806274,1.0439030498030795,272242,260673,11569,0.04249527993476392,676253,642096,"[1100516, 1100496, 1100476, 1100464]","[1054194, 1054226, 1054232, 1054196]",4.725176467167293e-05,3.604588071469496e-05
lego,baseline_aabb,182,r_182,1102120,1059776,362.9368852756506,377.4382511021197,1.0399556132616703,272627,262042,10585,0.038825941671221116,662980,632216,"[1102102, 1102106, 1102114, 1102120]","[1059776, 1059768, 1059762, 1059776]",1.633230061776927e-05,1.3210407347628566e-05
lego,baseline_aabb,183,r_183,1097800,1055310,364.36509382401164,379.03554405814407,1.0402630506675763,271588,260966,10622,0.039110711813482184,652152,622161,"[1097778, 1097790, 1097800, 1097730]","[1055310, 1055304, 1055246, 1055286]",6.376537257879465e-05,6.0647037558047036e-05
lego,baseline_aabb,184,r_184,1096274,1056342,364.87228557824045,378.6652428853534,1.0378021511972448,271147,261165,9982,0.03681397913309017,641597,614208,"[1096266, 1096274, 1096228, 1096264]","[1056340, 1056342, 1056336, 1056302]",4.196092525664579e-05,3.7866954455520525e-05
lego,baseline_aabb,185,r_185,1091928,1049420,366.32451956539256,381.16292809361363,1.0405061843685084,270119,259492,10627,0.03934191967244066,635614,605700,"[1091852, 1091928, 1091928, 1091856]","[1049412, 1049420, 1049350, 1049350]",6.960401725080616e-05,6.670586430311907e-05
lego,baseline_aabb,186,r_186,1087604,1044808,367.78092026141866,382.84546060137365,1.040960635829741,269017,258318,10699,0.03977072080946557,630314,601053,"[1087604, 1087582, 1087490, 1087496]","[1044786, 1044698, 1044696, 1044808]",0.00010482344146392372,0.00010720298790041991
lego,baseline_aabb,187,r_187,1085312,1038060,368.5576129260526,385.3341810685317,1.0455195268096256,268458,256645,11813,0.044003158780889375,625251,592326,"[1085312, 1085252, 1085266, 1085248]","[1038016, 1038060, 1037998, 1037996]",5.897152734873688e-05,6.165599327564323e-05
lego,baseline_aabb,188,r_188,1081314,1034910,369.9203006712204,386.50703925945254,1.044838681624489,267461,255858,11603,0.04338202579067602,621900,588967,"[1081182, 1081078, 1081132, 1081314]","[1034910, 1034668, 1034716, 1034764]",0.00021828073399671562,0.0002338696389371688
lego,baseline_aabb,189,r_189,1074490,1020378,372.2696348965556,392.0115878625372,1.0530313276060441,265795,252267,13528,0.050896367501269774,619520,582809,"[1074414, 1074490, 1074416, 1074310]","[1020306, 1020378, 1020196, 1020302]",0.00016753419908181952,0.00017837969490211414
lego,baseline_aabb,190,r_190,1069940,1014392,373.852739405948,394.32487637915125,1.0547598955827728,264646,250759,13887,0.05247387075565094,619978,582599,"[1069814, 1069940, 1069580, 1069642]","[1014266, 1014392, 1014032, 1014094]",0.00033652911350753076,0.00035496097401291267
lego,baseline_aabb,191,r_191,1066866,1005442,374.9299349684028,397.8349820278047,1.0610915398401897,263936,248580,15356,0.05818077109602328,621564,579344,"[1066866, 1066530, 1066866, 1066604]","[1005108, 1005438, 1005442, 1005182]",0.00031498528428125,0.0003322416112723411
lego,baseline_aabb,192,r_192,1061960,1001562,376.6620211684056,399.3761744155629,1.060303805455878,262736,247637,15099,0.05746833323183728,625970,583322,"[1061736, 1061708, 1061752, 1061960]","[1001314, 1001358, 1001562, 1001338]",0.00023733528977979616,0.00024765501656192924
lego,baseline_aabb,193,r_193,1056862,995444,378.4789310241072,401.8307408553369,1.0616991011046326,261527,246172,15355,0.05871286712270626,629838,585572,"[1056822, 1056862, 1056852, 1056826]","[995444, 995400, 995406, 995432]",3.78486630669434e-05,4.420242500531183e-05
lego,baseline_aabb,194,r_194,1055466,997646,378.9795218415373,400.9438217564146,1.0579564294348898,261203,246748,14455,0.05534009946286988,636569,592731,"[1055466, 1055458, 1055442, 1055452]","[997634, 997636, 997646, 997622]",2.2739019067141217e-05,2.4056906612592086e-05
lego,baseline_aabb,195,r_195,1052102,986972,380.1912742300651,405.2799876794884,1.0659897139939127,260337,244055,16282,0.06254201285257185,647042,595322,"[1052060, 1052048, 1052102, 1052052]","[986926, 986972, 986940, 986912]",5.132760270154282e-05,6.079412323475397e-05
lego,baseline_aabb,196,r_196,1050020,987190,380.9451248547647,405.1904901791955,1.0636452962448972,259876,244170,15706,0.060436515876802786,656332,605124,"[1050020, 1050016, 1050008, 1050002]","[987190, 987190, 987186, 987184]",1.7142669389811447e-05,6.077872744539411e-06
lego,baseline_aabb,197,r_197,1049026,985964,381.30608774234383,405.6943255534685,1.063959738895132,259647,243881,15766,0.06072090183980558,672190,619738,"[1049026, 1049024, 1049022, 1049010]","[985950, 985964, 985954, 985958]",1.525232347699592e-05,1.4199409405993064e-05
lego,baseline_aabb,198,r_198,1044788,988704,382.8527892739963,404.5700229795773,1.0567247629219665,258629,244609,14020,0.05420892475321793,689732,641932,"[1044788, 1044780, 1044742, 1044764]","[988666, 988702, 988682, 988704]",4.4028892524994774e-05,3.843475472810698e-05
lego,baseline_aabb,199,r_199,1045092,979960,382.74142372154796,408.17992571125353,1.0664639373035634,258694,242412,16282,0.06293922549421324,710560,656357,"[1045058, 1045080, 1045064, 1045092]","[979938, 979960, 979934, 979950]",3.2533596919259744e-05,2.653208775385978e-05
playroom,baseline_aabb,0,DSC05572,5668538,4931504,70.5649322629574,81.11115797533571,1.149454203017984,1409208,1225049,184159,0.13068262456642313,4623887,3910649,"[5665640, 5668538, 5668124, 5668266]","[4930258, 4931350, 4930912, 4931504]",0.0005113237568639656,0.0002526867742606681
playroom,baseline_aabb,1,DSC05580,3288266,3197768,121.64466013394293,125.08724835572812,1.0283003645042417,813959,791340,22619,0.027788868972515816,2941406,2842664,"[3288266, 3286682, 3286004, 3285632]","[3196730, 3197768, 3194870, 3195312]",0.0008014249176820381,0.000906710218793118
playroom,baseline_aabb,2,DSC05588,5095796,4907346,78.49607794346555,81.51045391949131,1.0384016126028204,1265747,1218578,47169,0.037265741099919654,4012659,3821632,"[5095796, 5091172, 5094688, 5093536]","[4904434, 4905220, 4903488, 4907346]",0.0009077705868980278,0.0007865247796079282
playroom,baseline_aabb,3,DSC05596,3801534,3352580,105.22068196680603,119.31109772175459,1.1339129864164315,942488,830154,112334,0.11918878542750677,3517713,2968357,"[3800824, 3799334, 3801356, 3801534]","[3350310, 3352168, 3352580, 3350646]",0.0005788312975134986,0.0006773236228399493
playroom,baseline_aabb,4,DSC05604,4930170,4235282,81.13310494364292,94.44471466126694,1.1640712472038461,1223460,1050337,173123,0.1415027871773495,3757949,3040484,"[4921616, 4930170, 4921316, 4925498]","[4229356, 4235282, 4234596, 4229398]",0.0017978942665976263,0.0014002312768096087
playroom,baseline_aabb,5,DSC05612,3724614,3442260,107.39367891545271,116.20272727800922,1.0820257621446376,923166,852546,70620,0.07649761797986494,3173999,2875681,"[3724614, 3722036, 3723034, 3724212]","[3442260, 3439264, 3440326, 3442126]",0.0006923641738870742,0.0008706786469258592
playroom,baseline_aabb,6,DSC05620,5619370,4723934,71.18235674105816,84.67518809534596,1.1895530293183605,1396865,1172942,223923,0.16030396638186223,4326525,3510719,"[5618988, 5619370, 5616736, 5617986]","[4723934, 4723442, 4721908, 4721028]",0.000468827592835517,0.0006153418747133451
playroom,baseline_aabb,7,DSC05628,3011880,2963388,132.80741596610756,134.9806370276184,1.0163637026268582,745104,732962,12142,0.01629571173956924,2999837,2947225,"[3011880, 3011416, 3010028, 3011580]","[2962640, 2963388, 2961606, 2962998]",0.000615031884023318,0.00060148690804001
playroom,baseline_aabb,8,DSC05636,4420990,4312786,90.47747224038055,92.74747228357725,1.0250891187274305,1096960,1070161,26799,0.02443024358226371,3451723,3346440,"[4419696, 4420990, 4417654, 4416260]","[4312786, 4310552, 4312258, 4310220]",0.0010704626978828376,0.0005951588489637138
playroom,baseline_aabb,9,DSC05644,6832696,5255230,58.542045482485975,76.11465149955377,1.3001706871059877,1700193,1305945,394248,0.23188426255136918,5397688,3975012,"[6831468, 6830054, 6832110, 6832696]","[5254780, 5253354, 5255230, 5254996]",0.00038673326324707805,0.00035702119480301986
playroom,baseline_aabb,10,DSC05652,3456184,2912478,115.73457894602834,137.34009321272126,1.1866815818007896,856155,720165,135990,0.15883806086514707,2922287,2481494,"[3455706, 3455436, 3456184, 3454394]","[2910632, 2912478, 2912346, 2910424]",0.0005180252530075851,0.0007054855451026457
playroom,baseline_aabb,11,DSC05661,4170110,3936690,95.9207311078125,101.60820384637856,1.0592934673545542,1034340,975984,58356,0.05641858576483555,3414615,3109421,"[4168890, 4166168, 4170110, 4167512]","[3936690, 3932148, 3934198, 3935948]",0.0009457387774490963,0.0011543311817332046
playroom,baseline_aabb,12,DSC05669,3632940,3543530,110.10366259833633,112.88178737022122,1.0252319015219287,900328,877941,22387,0.024865382393971975,3046378,2952171,"[3632940, 3632040, 3631422, 3632086]","[3542298, 3542922, 3541546, 3543530]",0.00041793750320060836,0.0005600447584157734
playroom,baseline_aabb,13,DSC05678,4185174,3815778,95.57547667074296,104.82790141355184,1.096807518676401,1038324,946006,92318,0.0889105905285826,3728173,3269354,"[4184394, 4184052, 4185174, 4182804]","[3814946, 3813952, 3815778, 3814660]",0.000566429244383388,0.0004786577869443336
playroom,baseline_aabb,14,DSC05686,3276880,3214842,122.06733234051903,124.42291098598314,1.0192973713793712,811187,795758,15429,0.01902027522630417,2559252,2495512,"[3276880, 3275104, 3275708, 3274540]","[3212710, 3214842, 3214292, 3213524]",0.0007143820991721105,0.0006633804648766181
playroom,baseline_aabb,15,DSC05695,4373324,3704454,91.46360983087465,107.97812579127721,1.180558322495029,1085204,918032,167172,0.15404661243415985,3588705,3011434,"[4370142, 4372226, 4373324, 4370812]","[3704454, 3701930, 3701590, 3703778]",0.0007278756233950479,0.0007734399009651255
playroom,baseline_aabb,16,DSC05703,5558228,4791234,71.96538177275204,83.48579927425794,1.1600827678214005,1381735,1189868,191867,0.13885947739617222,4255200,3487252,"[5557628, 5557478, 5558228, 5557666]","[4790180, 4791234, 4790022, 4789692]",0.00013494669605505826,0.0003219017168509077
playroom,baseline_aabb,17,DSC05711,4702822,4189786,85.05531359681486,95.4702698419442,1.122449213396579,1167577,1039464,128113,0.109725525597027,3917936,3405179,"[4700336, 4699914, 4701400, 4702822]","[4187294, 4188416, 4189786, 4189168]",0.0006185762620721283,0.0005949388182299567
playroom,baseline_aabb,18,DSC05719,4201576,3914926,95.20237168148333,102.17306789451447,1.0732197747799064,1042363,970757,71606,0.068695838206076,3423408,3171140,"[4201576, 4200920, 4199754, 4198798]","[3913722, 3914926, 3912684, 3914020]",0.0006613873134580652,0.0005728392437295565
playroom,baseline_aabb,19,DSC05728,4859742,4368846,82.30889623358607,91.55735862513808,1.1123628527991145,1206903,1084046,122857,0.10179525612248871,3696202,3238270,"[4859430, 4858018, 4859742, 4856498]","[4368846, 4367166, 4365972, 4365992]",0.0006677065104678021,0.0006581186051549419
playroom,baseline_aabb,20,DSC05738,3777342,3550524,105.89456819107193,112.6594271718766,1.0638829648806767,936553,879790,56763,0.060608422587936826,3142919,2870281,"[3777342, 3776424, 3777132, 3777190]","[3550524, 3550182, 3549810, 3549364]",0.00024304862402178224,0.00032676332476049095
playroom,baseline_aabb,21,DSC05747,3997740,3656314,100.0565319405464,109.39979443778626,1.093379835539289,991293,905842,85451,0.08620155695641954,3400460,3053895,"[3997740, 3994344, 3996598, 3995246]","[3652824, 3653264, 3656314, 3654310]",0.0008498536780195706,0.0009550711541692824
playroom,baseline_aabb,22,DSC05755,4351266,4094142,91.92726898332577,97.70056827535538,1.0628029022930812,1079827,1015665,64162,0.059418777267099265,3279082,3036915,"[4351266, 4349966, 4348618, 4350622]","[4093796, 4092312, 4094142, 4093630]",0.000608719119803187,0.00044705347785619536
playroom,baseline_aabb,23,DSC05763,4806168,4654786,83.22638742549158,85.93305900636463,1.0325217958462538,1193327,1155519,37808,0.0316828497134482,3698836,3556365,"[4805264, 4806168, 4800922, 4804118]","[4650604, 4652164, 4654786, 4653990]",0.0010919798389631562,0.0008987970046977295
playroom,baseline_aabb,24,DSC05771,4868642,4536854,82.1584335015801,88.1668222076355,1.0731317340165674,1208586,1126126,82460,0.06822849180778198,3736948,3450010,"[4868642, 4865612, 4863540, 4862822]","[4534490, 4536854, 4533732, 4536180]",0.0011962622354811379,0.0006883757111414998
playroom,baseline_aabb,25,DSC05780,3257198,3210238,122.80493847779594,124.60135354450355,1.0146281989061248,806417,794671,11746,0.014565665158348597,2842480,2787260,"[3257198, 3257072, 3255136, 3256506]","[3208102, 3210090, 3210238, 3209546]",0.0006331994258828096,0.0006655254691237933
playroom,baseline_aabb,26,DSC05788,4024710,3709404,99.38604272109046,107.83403479372967,1.0850017954366793,998257,919433,78824,0.07896163012130143,3526912,3180658,"[4024710, 4023308, 4023356, 4023978]","[3708462, 3708248, 3709404, 3708054]",0.0003484235697361574,0.0003640244602865493
playroom,baseline_aabb,27,DSC05797,4831176,4495850,82.7955760667796,88.97093986676602,1.074585673454408,1199330,1115392,83938,0.06998740963704735,4112503,3743751,"[4827980, 4826078, 4831176, 4827286]","[4491582, 4490726, 4491354, 4495850]",0.0010558953466455957,0.0011405985872070426
playroom,baseline_aabb,28,DSC05805,3601610,3345752,111.06144196623177,119.55458742907425,1.0764724940760702,892453,828547,63906,0.0716071322523427,2665346,2486538,"[3599000, 3600538, 3601340, 3601610]","[3343370, 3345752, 3345562, 3345308]",0.0007248747577501887,0.0007121080490930039
train,baseline_aabb,0,00001,4628562,3501056,86.41992912701612,114.25124305352442,1.3220474051257678,1152920,871013,281907,0.24451566457343094,3407196,2575376,"[4628498, 4627514, 4627246, 4628562]","[3500968, 3499828, 3501056, 3499456]",0.0002843588582862193,0.0004571001509287561
train,baseline_aabb,1,00009,4459090,3310226,89.70440157072407,120.83767090222842,1.3470651248585443,1110105,823070,287035,0.25856563117903264,3375868,2487191,"[4455700, 4459090, 4454540, 4457450]","[3310226, 3305810, 3309696, 3308488]",0.0010209359177596852,0.001334721653410628
train,baseline_aabb,2,00017,4708926,3090422,84.94505965903903,129.43216169183367,1.5237161785671989,1172416,767991,404425,0.3449500859763088,3655383,2408363,"[4704486, 4708926, 4707108, 4703236]","[3086380, 3085922, 3090422, 3090232]",0.0012091104453330144,0.0014571411085735268
train,baseline_aabb,3,00025,3348948,2720810,119.44049295480252,147.01504331430715,1.2308643381934057,833075,676037,157038,0.18850403625123788,2334807,1866031,"[3348948, 3348938, 3348222, 3348192]","[2720268, 2720260, 2720810, 2720354]",0.00022576767729556602,0.0002021744412541726
train,baseline_aabb,4,00033,3969302,3106478,100.77338534583663,128.76318454532753,1.2777499148553442,987546,771973,215573,0.2182916036316283,2950756,2260784,"[3969302, 3967618, 3965206, 3963710]","[3102034, 3102690, 3106478, 3105466]",0.0014098217074725845,0.0014316240073423885
train,baseline_aabb,5,00041,4289000,3261652,93.26183259501049,122.63724026965477,1.3149778087913733,1067806,810844,256962,0.24064483623429725,3202080,2400082,"[4285454, 4288546, 4286996, 4289000]","[3258048, 3261652, 3258844, 3260060]",0.0008270555864852679,0.001105639836902785
train,baseline_aabb,6,00049,4248448,3344580,94.15202916453255,119.5964814715151,1.2702485812867386,1057772,831868,225904,0.21356587241863087,3183770,2468322,"[4246324, 4246258, 4248422, 4248448]","[3344492, 3344580, 3343166, 3342750]",0.000515614040994377,0.0005472902106528993
train,baseline_aabb,7,00057,4431394,3435332,90.26504977891832,116.43707216653296,1.289946357440853,1103416,854243,249173,0.22581963647436687,3144201,2388086,"[4431394, 4429508, 4428088, 4430766]","[3434190, 3431986, 3435332, 3431480]",0.0007462856712022446,0.0011219699602155046
train,baseline_aabb,8,00065,4927890,3675016,81.1706430135413,108.84306354040363,1.3409166109752992,1227468,914306,313162,0.2551284432669528,3478295,2530225,"[4926046, 4927890, 4926586, 4924066]","[3671678, 3672952, 3675016, 3674350]",0.0007762659132989738,0.0009086704528842937
train,baseline_aabb,9,00073,5596214,3849586,71.47689491502648,103.90727730202677,1.453718399848711,1393830,958032,435798,0.3126622328404468,3924128,2550545,"[5595980, 5584962, 5589224, 5596214]","[3849060, 3849586, 3847322, 3847644]",0.0020123059699423866,0.0005882959762789915
train,baseline_aabb,10,00081,4907220,2891314,81.51254681876908,138.34540281685074,1.697228319027266,1221591,718536,503055,0.4118031321448832,3365763,1784419,"[4907220, 4904406, 4900582, 4898348]","[2890716, 2889654, 2891314, 2889992]",0.001809637625776648,0.0005743111984802203
train,baseline_aabb,11,00089,4927054,3239620,81.18441567719778,123.47127132194517,1.520874053129688,1227440,805394,422046,0.3438424688783158,3367777,2080054,"[4926984, 4924594, 4927054, 4925508]","[3236560, 3239620, 3238330, 3236894]",0.0004993874383758946,0.0009450712833913605
train,baseline_aabb,12,00097,4134464,2471730,96.74772836333803,161.8299733385119,1.6727004972225932,1028953,613201,415752,0.404053440730529,2957445,1767421,"[4129750, 4133088, 4131046, 4134464]","[2471730, 2468616, 2466614, 2469356]",0.0011408278673706532,0.002072027666996479
train,baseline_aabb,13,00105,5217428,2996352,76.66612744823695,133.4956640608313,1.7412600388739374,1299656,744091,555565,0.42747080765987305,3556179,1963450,"[5216048, 5212742, 5217428, 5213378]","[2990960, 2991410, 2991834, 2996352]",0.0008985792438166108,0.0018017542376477752
train,baseline_aabb,14,00113,4634308,3432528,86.31277852054718,116.5321885211133,1.3501151338022588,1154314,853875,300439,0.2602749338568189,3248165,2401852,"[4633750, 4632752, 4634308, 4633314]","[3430934, 3432528, 3431366, 3432272]",0.00033581301171827703,0.00046448266567592573
train,baseline_aabb,15,00121,4673392,3565094,85.59093694686857,112.1990051314215,1.3108748324728605,1163998,886711,277287,0.2382194814767723,3418112,2607952,"[4673392, 4672536, 4671850, 4671290]","[3562010, 3565094, 3563104, 3562268]",0.00044988867288620277,0.00086553382022885
train,baseline_aabb,16,00129,3712184,3025044,107.75327947106071,132.2294816207632,1.227150415002228,923530,751670,171860,0.1860903273310017,2670939,2137983,"[3710856, 3712184, 3708184, 3710356]","[3021578, 3022000, 3025044, 3023198]",0.0010780523367458182,0.0011465602365896945
train,baseline_aabb,17,00137,4403766,3572738,90.8313475329979,111.95895137006968,1.2326025585979157,1096400,888623,207777,0.18950839109813936,3383893,2735596,"[4400144, 4403766, 4401958, 4401632]","[3570332, 3572738, 3569692, 3570306]",0.0008228311798949311,0.000853038016762225
train,baseline_aabb,18,00145,4141888,3456558,96.57431586754639,115.72205645037636,1.198269492367841,1031115,859820,171295,0.166125989826547,3135650,2609888,"[4141888, 4140116, 4141584, 4139352]","[3456558, 3456536, 3454088, 3455038]",0.0006124516541145473,0.0007147911117027511
train,baseline_aabb,19,00153,4231260,3070498,94.53448854478336,130.27202753429574,1.3780370480619104,1053144,762977,290167,0.2755245246613948,3025418,2175944,"[4231260, 4229076, 4226492, 4228576]","[3065720, 3070498, 3069302, 3067212]",0.0011274930235186816,0.0015572734742354025
train,baseline_aabb,20,00161,3456290,2586660,115.7310295143058,154.63957381333458,1.3361980314382254,859921,642542,217379,0.2527895004308535,2505891,1948890,"[3455698, 3456168, 3455680, 3456290]","[2586452, 2586660, 2586348, 2586312]",0.00017650672360407054,0.00013454771669045093
train,baseline_aabb,21,00169,4649582,3476580,86.02923875737648,115.05560061899914,1.337401124093218,1158001,864633,293368,0.25334002302243264,3225826,2355870,"[4649582, 4649526, 4647014, 4646994]","[3474434, 3473988, 3474226, 3476580]",0.0005567652027772,0.0007459407098005731
train,baseline_aabb,22,00177,4604770,2641006,86.86644501245448,151.45743705239593,1.7435666560394032,1145662,655410,490252,0.42792027666100474,3562072,2060910,"[4594630, 4597490, 4598802, 4604770]","[2638212, 2641006, 2635758, 2636684]",0.0022048640518660565,0.001989450001232034
train,baseline_aabb,23,00185,4590940,3087732,87.12812626608059,129.54492164475414,1.486832406439419,1142841,767282,375559,0.3286187667400802,3353987,2171424,"[4588744, 4586586, 4590940, 4584286]","[3085272, 3087732, 3084196, 3084412]",0.0014504192679502463,0.001146041538171837
train,baseline_aabb,24,00193,4957984,2948948,80.67795297443477,135.6415915099215,1.6812721011018166,1235137,733077,502060,0.4064812243500114,3596341,2081885,"[4956962, 4957984, 4956966, 4955380]","[2948332, 2948918, 2948134, 2948948]",0.0005253364907320677,0.0002760648080789993
train,baseline_aabb,25,00201,5506622,3701570,72.63981439074627,108.06225466491246,1.4876449722685239,1372089,921003,451086,0.32875855720729485,3838086,2434072,"[5503068, 5505282, 5506622, 5503552]","[3697966, 3701502, 3700110, 3701570]",0.0006456381908251434,0.0009739785049105651
train,baseline_aabb,26,00209,5115192,2996188,78.19843321619209,133.50297110862203,1.7072333244776363,1273863,744585,529278,0.4154905197811696,3421155,1805894,"[5110336, 5112154, 5115192, 5109226]","[2994986, 2993074, 2994212, 2996188]",0.0011671202315773122,0.0010398665604760544
train,baseline_aabb,27,00217,5361186,3198670,74.61035673822919,125.05197472699591,1.6760672404468107,1335768,795174,540594,0.40470650592018975,3679724,2064105,"[5357156, 5361120, 5361186, 5357926]","[3198670, 3197436, 3194530, 3197248]",0.0007519572813628227,0.0012949757755075038
train,baseline_aabb,28,00225,5651716,3639262,70.77496463021143,109.91239432610239,1.5529840940278552,1408590,905470,503120,0.35717987491037134,3831956,2342926,"[5649618, 5651716, 5651634, 5649572]","[3638308, 3637876, 3639262, 3637174]",0.0003794263830525242,0.0005739172740028943
train,baseline_aabb,29,00233,4979858,2886810,80.32357549151,138.5612492682234,1.725038364145891,1240498,717598,522900,0.4215242588057377,3694266,2115070,"[4979760, 4976628, 4976822, 4979858]","[2886756, 2886770, 2886332, 2886810]",0.0006488201617149101,0.00016558889542853401
train,baseline_aabb,30,00241,4395586,3193474,91.0003808365938,125.25544281869838,1.376427677194178,1094485,793942,300543,0.2745976418132729,3154470,2246398,"[4392902, 4392978, 4395586, 4395394]","[3193474, 3191888, 3191464, 3191346]",0.0006108030672145082,0.0006666576860023503
train,baseline_aabb,31,00249,4499142,2895280,88.9058402691002,138.15589511204442,1.5539574756154846,1119884,719319,400565,0.35768436730947134,3147835,1987378,"[4499142, 4497354, 4492242, 4494506]","[2894706, 2895280, 2892214, 2892004]",0.0015347620262506586,0.0011321728906799984
train,baseline_aabb,32,00257,4475206,2711628,89.38136032173715,147.51285943352113,1.6503760840351258,1114060,673490,440570,0.39546344003015993,3208655,1910935,"[4474058, 4469498, 4475206, 4471298]","[2709654, 2709254, 2711628, 2710404]",0.0012762394312819522,0.0008759388023547774
train,baseline_aabb,33,00265,4815408,2932804,83.06668926080614,136.3882482429784,1.6419126542380602,1199420,728840,470580,0.39233963082156376,3389922,1944997,"[4813882, 4814270, 4812260, 4815408]","[2932804, 2932478, 2929296, 2931962]",0.0006539321618087415,0.0011966018962114998
train,baseline_aabb,34,00273,4541026,2928754,88.08582025295605,136.57685145287041,1.5504975836140558,1130334,727573,402761,0.35632034425222986,3250295,2033832,"[4541026, 4533982, 4536500, 4538936]","[2928754, 2922960, 2926564, 2927990]",0.0015523587191586057,0.0019797940727138657
train,baseline_aabb,35,00281,4277106,2728218,93.52117997543199,146.61584961319073,1.5677288251891894,1064865,677599,387266,0.36367614674160575,3092602,1926099,"[4273730, 4277106, 4275828, 4276276]","[2724062, 2728218, 2726250, 2728154]",0.0007895718513892934,0.001524202956645668
train,baseline_aabb,36,00289,4661728,3520020,85.80509201738067,113.63571797887512,1.3243470207555639,1161083,875741,285342,0.24575504076797267,3500058,2606956,"[4659600, 4661728, 4661396, 4659704]","[3520020, 3518704, 3519228, 3519004]",0.0004565928858622922,0.00037394448061072295
train,baseline_aabb,37,00297,4495104,3542302,88.98570533629477,112.92091978606003,1.268978195534994,1119313,881293,238020,0.21264829408753405,3362004,2655698,"[4493540, 4493364, 4492100, 4495104]","[3541896, 3542302, 3540432, 3541158]",0.0006685171803796884,0.0005280327504548282
truck,baseline_aabb,0,000001,5437954,4516226,73.55707679763381,88.56952685715905,1.2040925321274887,1355199,1124470,230729,0.17025470060116632,3843913,3129952,"[5436284, 5437724, 5437954, 5436322]","[4515094, 4511680, 4516226, 4513620]",0.00030715066991032487,0.0010070544764191748
truck,baseline_aabb,1,000009,5658180,4650538,70.69411012021533,86.01155393203969,1.2166721355679708,1409582,1158022,251560,0.17846425394194876,3967962,3189091,"[5653344, 5658180, 5654660, 5652228]","[4648358, 4647488, 4647068, 4650538]",0.0010525937895197947,0.0007464993590216599
truck,baseline_aabb,2,000017,5959320,4798124,67.12175214621803,83.36591551197927,1.2420104190721206,1484644,1194789,289855,0.19523535608536458,4121720,3224612,"[5953124, 5954788, 5952172, 5959320]","[4793392, 4794134, 4796074, 4798124]",0.0012003658865687823,0.0009867726175186338
truck,baseline_aabb,3,000025,5373036,4670648,74.44580680270893,85.64122151787075,1.1503834157487356,1338777,1163083,175694,0.13123470152235958,3509158,2916496,"[5369712, 5373036, 5373008, 5369776]","[4669592, 4667256, 4670648, 4666932]",0.0006188350374568337,0.000795954767664102
truck,baseline_aabb,4,000033,6161822,4533694,64.91586417134413,88.22827477990354,1.3591173114021369,1535869,1128976,406893,0.26492689155129767,4224368,2989169,"[6161602, 6161822, 6157604, 6157976]","[4531682, 4533694, 4531846, 4531494]",0.0006847679394832681,0.00048541772070344086
truck,baseline_aabb,5,000041,5593850,4623116,71.5071015490226,86.52173123062454,1.2099739656110726,1393807,1151263,242544,0.17401548420979376,3891439,3139569,"[5588568, 5590326, 5593268, 5593850]","[4621704, 4618252, 4622236, 4623116]",0.0009446476197902424,0.0010525115405163928
truck,baseline_aabb,6,000049,5323332,4430226,75.14090798770394,90.28884756669298,1.2015937787372473,1326483,1103331,223152,0.16822831502552238,3756998,3062438,"[5321192, 5323084, 5323332, 5321220]","[4430070, 4429292, 4428808, 4430226]",0.00040208883269666134,0.00032011927038993825
truck,baseline_aabb,7,000057,5917052,4460736,67.60123115362177,89.67130087949612,1.3264743755290607,1474366,1110466,363900,0.2468179542935743,4221162,3052977,"[5917052, 5914180, 5912506, 5911218]","[4457172, 4460736, 4458484, 4456164]",0.0009865163139597469,0.001025540029146691
truck,baseline_aabb,8,000065,5460760,4146450,73.24987730645552,96.4680630418792,1.3169723498414305,1360731,1032441,328290,0.24126002861697132,3879607,2853697,"[5460760, 5458966, 5457834, 5459236]","[4146450, 4146278, 4146076, 4145352]",0.0005359760653531773,0.0002648310833544981
truck,baseline_aabb,9,000073,5795390,4361924,69.02037654066422,91.70265231581293,1.3286315855113477,1444465,1086165,358300,0.2480503162070386,4154832,3051434,"[5793476, 5793184, 5794490, 5795390]","[4358950, 4361306, 4361924, 4361560]",0.00038072982421017115,0.0006819638449094058
truck,baseline_aabb,10,000081,4810760,4038972,83.1469455969535,99.03510101085128,1.1910852563474073,1198374,1005556,192818,0.1608996857408455,3430737,2847210,"[4808840, 4810038, 4810760, 4809446]","[4038454, 4038972, 4038032, 4038538]",0.0003991874041404466,0.00023275974563816905
truck,baseline_aabb,11,000089,5798286,4442206,68.98590376535411,90.045351341203,1.3052717501169464,1444520,1105680,338840,0.23456926868440728,3963376,2925794,"[5798286, 5788932, 5796880, 5793322]","[4442206, 4438112, 4440218, 4435444]",0.0016143298089261013,0.0015233177780105633
truck,baseline_aabb,12,000097,5943496,4762656,67.30045750851015,83.98675025028052,1.247937285413853,1481124,1185887,295237,0.19933307407077328,4083222,3145877,"[5941016, 5938268, 5940304, 5943496]","[4762656, 4761218, 4756258, 4759160]",0.0008800204552574068,0.0013441676297627034
truck,baseline_aabb,13,000105,5253902,4441162,76.13389058265648,90.06651862733221,1.183001655872945,1309081,1106126,202955,0.15503624298267257,3665949,3074295,"[5253484, 5252210, 5250800, 5253902]","[4441162, 4440762, 4440686, 4440506]",0.0005905647851663529,0.00014772182988615287
truck,baseline_aabb,14,000113,4635674,3891170,86.28734462345713,102.79684516482189,1.1913316560314764,1154649,968644,186005,0.16109224534901948,3321725,2748101,"[4635674, 4633996, 4635642, 4634172]","[3891142, 3890924, 3891170, 3890168]",0.0003620381236068922,0.00025752720934314884
truck,baseline_aabb,15,000121,4714926,3931864,84.83696244649438,101.7329185343135,1.1991579566332915,1174595,978777,195818,0.16671107913791564,3407028,2818247,"[4714894, 4714242, 4714926, 4714558]","[3930486, 3931548, 3931634, 3931864]",0.00014507954452658785,0.0003505127839236218
truck,baseline_aabb,16,000129,4660292,4001618,85.83153158643277,99.95956635540924,1.1646019185239571,1160804,996177,164627,0.1418215305943122,3418062,2927450,"[4658470, 4659632, 4659570, 4660292]","[3999384, 4001524, 4001406, 4001618]",0.0003910298356623073,0.0005583627823462384
truck,baseline_aabb,17,000137,5653272,4635170,70.75548461138965,86.29672698088743,1.2196471758317387,1408506,1153982,254524,0.18070494552383873,3830229,3045892,"[5653272, 5651814, 5645564, 5650546]","[4630030, 4635170, 4632282, 4631330]",0.0013641755949552405,0.0011096232181534358
truck,baseline_aabb,18,000145,5431302,4566666,73.64716600181687,87.59125366295675,1.1893363780053106,1353212,1137193,216019,0.1596342627762686,3632267,2906986,"[5431302, 5426944, 5427044, 5431202]","[4566666, 4563018, 4564008, 4566496]",0.0008027079143353356,0.0007991155403219288
truck,baseline_aabb,19,000153,6224048,4089306,64.2668565538055,97.81610865022084,1.5220303885304745,1551345,1017877,533468,0.3438745088938953,4422905,2767758,"[6223124, 6224048, 6219436, 6220012]","[4088538, 4088106, 4089306, 4085182]",0.0007412818614982669,0.0010088598147210848
truck,baseline_aabb,20,000161,5323446,3601126,75.13929886768834,111.07636889128567,1.4782726291720978,1326626,896034,430592,0.32457678350944424,3943155,2564223,"[5323074, 5323446, 5322212, 5322384]","[3599706, 3600978, 3599834, 3601126]",0.0002318337845700526,0.00039439941717765
truck,baseline_aabb,21,000169,6275824,4721710,63.736650358582395,84.71507144657338,1.3291421963652998,1564109,1176010,388099,0.2481278478673801,4328197,3102909,"[6271720, 6269716, 6275824, 6273584]","[4718458, 4720146, 4721710, 4720946]",0.0009737416565182104,0.0006889370730555058
truck,baseline_aabb,22,000177,5709954,4632422,70.0531037553017,86.34791907991111,1.232606614855037,1423031,1153868,269163,0.1891476714140451,4062363,3233117,"[5707052, 5706854, 5709736, 5709954]","[4632082, 4632422, 4631214, 4631270]",0.0005430594462650561,0.0002608087186109259
truck,baseline_aabb,23,000185,4992268,3928102,80.12390360453405,101.83034961923086,1.2709109895822461,1243785,977835,265950,0.21382312859537622,3618582,2790381,"[4990488, 4990758, 4992146, 4992268]","[3927178, 3928102, 3927274, 3927906]",0.0003566123033248087,0.00023525727445281678
truck,baseline_aabb,24,000193,5509778,4287738,72.59820631611655,93.28928213430952,1.2850080858485289,1373092,1067574,305518,0.22250366326509805,3936252,2991002,"[5509730, 5509778, 5507618, 5507446]","[4285278, 4287738, 4286776, 4286492]",0.0004233347486849302,0.0005738852803324616
truck,baseline_aabb,25,000201,5295034,4382394,75.54247999162989,91.27431262456092,1.208251471684198,1319144,1091381,227763,0.17265969446853413,3832349,3123583,"[5295034, 5290692, 5293560, 5292118]","[4382138, 4382394, 4381480, 4381184]",0.0008203518292882229,0.0002761422876768195
truck,baseline_aabb,26,000209,6040558,4796656,66.21904797536916,83.39142936245584,1.2593269144170438,1505347,1194597,310750,0.20643080964056792,4235590,3251621,"[6036192, 6035352, 6038550, 6040558]","[4795538, 4792444, 4796656, 4794014]",0.0008622541536352725,0.0008784767563434594
truck,baseline_aabb,27,000217,5883710,4152516,67.98431601829458,96.32714238789207,1.4169024273476611,1466396,1033785,432611,0.2950164894066814,4151116,2795116,"[5883710, 5878340, 5883232, 5882154]","[4151726, 4152294, 4152516, 4149124]",0.0009129766626503628,0.0008170708059782026
truck,baseline_aabb,28,000225,6082294,4490572,65.7646605047372,89.075511983774,1.3544586302145918,1515711,1117893,397818,0.26246296292630983,4373312,3119373,"[6075116, 6082294, 6080710, 6078356]","[4490572, 4486086, 4487584, 4487146]",0.0011807631994043874,0.0009995884440802015
truck,baseline_aabb,29,000233,5816108,3858670,68.7745138157682,103.66266096867574,1.5072830794030068,1449846,960381,489465,0.3375979241933281,4218399,2623119,"[5815546, 5816108, 5815214, 5815768]","[3858670, 3857014, 3857364, 3858148]",0.00015372290569306074,0.00042926031138480774
truck,baseline_aabb,30,000241,5925920,4236612,67.5000675000675,94.41506562319137,1.3987403141944554,1477198,1054730,422468,0.2859928052975972,4252648,2944929,"[5925900, 5924148, 5925920, 5924300]","[4236612, 4234230, 4234288, 4235650]",0.0002990683480878782,0.0005624298290869724
truck,baseline_aabb,31,000249,5059826,4255292,79.0541018604197,94.00059972382624,1.189066696245522,1260537,1059306,201231,0.15963910619045693,3610184,3012657,"[5058492, 5059826, 5056590, 5058784]","[4255292, 4251936, 4254112, 4252656]",0.0006397250684650137,0.000788997481837894
