scene,scene_display,camera,profile,profile_bits,guard_mode,delta_psnr_vs_standard,delta_ssim_vs_standard,delta_lpips_vs_standard,psnr_gt,standard_psnr_gt,ssim_gt,standard_ssim_gt,lpips_gt,standard_lpips_gt,psnr_standard_ref,final_non_pd,saturations,unexplained_saturations,dangerous_negative_saturations,underflows,guard_eigen_floor_triggered,guard_diagonal_floor_triggered,guard_b_clamp_triggered
bicycle,bicycle,1,selected_coord18_conic20_opacity8_rgb10,20,full_pd_guard,-0.031566619873046875,-0.0007644295692443848,-0.0005903840065002441,18.794029235839844,18.82559585571289,0.5192186236381531,0.5199830532073975,0.36361706256866455,0.3642074465751648,43.67913818359375,0,37304625,0,0,1792484,,,
bicycle,bicycle,2,selected_coord18_conic20_opacity8_rgb10,20,full_pd_guard,-0.06143951416015625,-0.0008341073989868164,-0.00038295984268188477,19.519668579101562,19.58110809326172,0.5450567603111267,0.5458908677101135,0.40069225430488586,0.40107521414756775,46.945213317871094,0,35714980,0,0,1704836,,,
bicycle,bicycle,3,selected_coord18_conic20_opacity8_rgb10,20,full_pd_guard,-0.025033950805664062,-0.0005781054496765137,-0.0003764927387237549,20.80483055114746,20.829864501953125,0.6353817582130432,0.6359598636627197,0.342486172914505,0.34286266565322876,47.864227294921875,0,36473992,0,0,1776092,,,
bicycle,bicycle,4,selected_coord18_conic20_opacity8_rgb10,20,full_pd_guard,-0.022142410278320312,-0.0003482699394226074,-0.00035330653190612793,21.650388717651367,21.672531127929688,0.6567533016204834,0.657101571559906,0.3507831394672394,0.3511364459991455,50.224891662597656,0,32571745,0,0,1337006,,,
bicycle,bicycle,5,selected_coord18_conic20_opacity8_rgb10,20,full_pd_guard,0.002376556396484375,-0.0001925826072692871,-0.00010159611701965332,22.46651840209961,22.464141845703125,0.6751168966293335,0.6753094792366028,0.34486567974090576,0.3449672758579254,50.74266052246094,0,31017050,0,0,1500176,,,
bicycle,bicycle,6,selected_coord18_conic20_opacity8_rgb10,20,full_pd_guard,-0.02237701416015625,-0.0006774067878723145,-6.639957427978516e-05,24.68312644958496,24.705503463745117,0.7329724431037903,0.7336498498916626,0.2871721386909485,0.28723853826522827,49.86675262451172,0,34917155,0,0,1834280,,,
bicycle,bicycle,7,selected_coord18_conic20_opacity8_rgb10,20,full_pd_guard,-0.15812110900878906,-0.0006915926933288574,-0.0004507899284362793,24.896244049072266,25.054365158081055,0.7278646230697632,0.728556215763092,0.2900233268737793,0.2904741168022156,45.757720947265625,0,32189653,0,0,1452480,,,
bicycle,bicycle,8,selected_coord18_conic20_opacity8_rgb10,20,full_pd_guard,-0.041683197021484375,-0.0006931424140930176,-0.0005518496036529541,24.511638641357422,24.553321838378906,0.6711187362670898,0.6718118786811829,0.361131876707077,0.36168372631073,42.84038543701172,0,32519977,0,0,1342731,,,
bicycle,bicycle,9,selected_coord18_conic20_opacity8_rgb10,20,full_pd_guard,0.002696990966796875,-0.00022530555725097656,-2.828240394592285e-05,25.433345794677734,25.430648803710938,0.7309685349464417,0.7311938405036926,0.31454816460609436,0.3145764470100403,47.7659912109375,0,31379461,0,0,1279564,,,
bicycle,bicycle,10,selected_coord18_conic20_opacity8_rgb10,20,full_pd_guard,-0.0226898193359375,-0.0002497434616088867,-0.00035497546195983887,24.575519561767578,24.598209381103516,0.7175393104553223,0.7177890539169312,0.31756797432899475,0.3179229497909546,49.269012451171875,0,32663951,0,0,1345322,,,
bicycle,bicycle,11,selected_coord18_conic20_opacity8_rgb10,20,full_pd_guard,-0.029712677001953125,-0.0005846023559570312,-0.00015023350715637207,23.744335174560547,23.7740478515625,0.6889776587486267,0.6895622611045837,0.3510091006755829,0.35115933418273926,49.273712158203125,0,30974759,0,0,1231808,,,
bicycle,bicycle,12,selected_coord18_conic20_opacity8_rgb10,20,full_pd_guard,-0.016351699829101562,-0.0003573298454284668,-0.00022345781326293945,26.06849479675293,26.08484649658203,0.7492938041687012,0.7496511340141296,0.29693925380706787,0.2971627116203308,49.88812255859375,0,31132072,0,0,1234270,,,
bicycle,bicycle,13,selected_coord18_conic20_opacity8_rgb10,20,full_pd_guard,-0.024881362915039062,-0.00044608116149902344,-1.2993812561035156e-05,26.639339447021484,26.664220809936523,0.7749399542808533,0.7753860354423523,0.2839028835296631,0.2839158773422241,49.880271911621094,0,30270718,0,0,1423557,,,
bicycle,bicycle,14,selected_coord18_conic20_opacity8_rgb10,20,full_pd_guard,-0.05324363708496094,-0.000538170337677002,-4.881620407104492e-05,26.369497299194336,26.422740936279297,0.7435771226882935,0.7441152930259705,0.34509700536727905,0.3451458215713501,50.628318786621094,0,31051856,0,0,1140422,,,
bicycle,bicycle,15,selected_coord18_conic20_opacity8_rgb10,20,full_pd_guard,-0.003814697265625,-0.0005547404289245605,-0.00018101930618286133,26.212453842163086,26.21626853942871,0.7517567276954651,0.7523114681243896,0.2989930510520935,0.29917407035827637,50.57664108276367,0,32073946,0,0,1498004,,,
bicycle,bicycle,16,selected_coord18_conic20_opacity8_rgb10,20,full_pd_guard,-0.022214889526367188,-0.0008453130722045898,-2.5570392608642578e-05,25.60155487060547,25.623769760131836,0.7395268678665161,0.7403721809387207,0.35116347670555115,0.3511890470981598,50.79137420654297,0,28432716,0,0,1296584,,,
bicycle,bicycle,17,selected_coord18_conic20_opacity8_rgb10,20,full_pd_guard,-0.025213241577148438,-0.00044733285903930664,-0.00010797381401062012,25.24200439453125,25.2672176361084,0.7450827956199646,0.7455301284790039,0.29156219959259033,0.29167017340660095,49.9827995300293,0,32791344,0,0,1342789,,,
bicycle,bicycle,18,selected_coord18_conic20_opacity8_rgb10,20,full_pd_guard,-0.020009994506835938,-0.0005802512168884277,4.589557647705078e-06,27.00524139404297,27.025251388549805,0.7874842286109924,0.7880644798278809,0.31286555528640747,0.31286096572875977,50.617393493652344,0,28830269,0,0,1369663,,,
bicycle,bicycle,19,selected_coord18_conic20_opacity8_rgb10,20,full_pd_guard,0.00335693359375,-0.0005081295967102051,5.0067901611328125e-06,27.119815826416016,27.116458892822266,0.7854129672050476,0.7859210968017578,0.34616416692733765,0.3461591601371765,51.388458251953125,0,28592121,0,0,1084848,,,
bicycle,bicycle,20,selected_coord18_conic20_opacity8_rgb10,20,full_pd_guard,-0.001071929931640625,-0.0002778172492980957,1.6957521438598633e-05,26.126140594482422,26.127212524414062,0.7570136785507202,0.7572914958000183,0.31510961055755615,0.31509265303611755,50.84292221069336,0,29181239,0,0,1310502,,,
bicycle,bicycle,21,selected_coord18_conic20_opacity8_rgb10,20,full_pd_guard,-0.049022674560546875,-0.0006565451622009277,2.250075340270996e-05,26.943004608154297,26.992027282714844,0.7508038282394409,0.7514603734016418,0.358982652425766,0.3589601516723633,50.058738708496094,0,25920868,0,0,1045750,,,
bicycle,bicycle,22,selected_coord18_conic20_opacity8_rgb10,20,full_pd_guard,-0.03447723388671875,-0.0006639957427978516,0.00012025237083435059,27.178363800048828,27.212841033935547,0.784651517868042,0.7853155136108398,0.3213123381137848,0.32119208574295044,50.637428283691406,0,28716848,0,0,1222534,,,
bicycle,bicycle,23,selected_coord18_conic20_opacity8_rgb10,20,full_pd_guard,-0.04598808288574219,-0.0009698271751403809,-0.0002124011516571045,24.138479232788086,24.184467315673828,0.6616216897964478,0.6625915169715881,0.3519637882709503,0.3521761894226074,50.23106384277344,0,28702325,0,0,1158134,,,
bicycle,bicycle,24,selected_coord18_conic20_opacity8_rgb10,20,full_pd_guard,-0.02925872802734375,-0.00038623809814453125,1.4007091522216797e-05,25.425024032592773,25.454282760620117,0.7389721274375916,0.7393583655357361,0.33279949426651,0.3327854871749878,50.889312744140625,0,29561748,0,0,1083199,,,
drjohnson,drjohnson,1,selected_coord18_conic20_opacity8_rgb10,20,full_pd_guard,-0.03478240966796875,0.0010275840759277344,-0.0014022290706634521,29.8311824798584,29.865964889526367,0.7939253449440002,0.7928977608680725,0.3544992506504059,0.35590147972106934,49.25091552734375,0,12969141,0,0,550379,,,
drjohnson,drjohnson,2,selected_coord18_conic20_opacity8_rgb10,20,full_pd_guard,-0.023832321166992188,-0.0004228353500366211,-0.00042107701301574707,24.89342498779297,24.91725730895996,0.9039868712425232,0.9044097065925598,0.2804795503616333,0.28090062737464905,54.08325958251953,0,48589774,0,0,818989,,,
drjohnson,drjohnson,3,selected_coord18_conic20_opacity8_rgb10,20,full_pd_guard,0.00719451904296875,-0.00031644105911254883,-0.0009578168392181396,28.664154052734375,28.656959533691406,0.9343399405479431,0.9346563816070557,0.251497745513916,0.25245556235313416,56.65708541870117,0,21799381,0,0,318417,,,
drjohnson,drjohnson,4,selected_coord18_conic20_opacity8_rgb10,20,full_pd_guard,0.00046539306640625,-0.00019860267639160156,-0.0006100237369537354,29.812763214111328,29.812297821044922,0.9196447134017944,0.919843316078186,0.263222336769104,0.26383236050605774,55.78831100463867,0,23033866,0,0,288467,,,
drjohnson,drjohnson,5,selected_coord18_conic20_opacity8_rgb10,20,full_pd_guard,0.011844635009765625,-0.0005930066108703613,-0.0007690638303756714,23.70714569091797,23.695301055908203,0.9071664810180664,0.9077594876289368,0.23654469847679138,0.23731376230716705,56.545196533203125,0,22370106,0,0,565343,,,
drjohnson,drjohnson,6,selected_coord18_conic20_opacity8_rgb10,20,full_pd_guard,-8.7738037109375e-05,-0.0002435445785522461,-0.0009382516145706177,28.140193939208984,28.140281677246094,0.901137113571167,0.9013806581497192,0.24932383000850677,0.2502620816230774,49.639564514160156,0,40639811,0,0,917873,,,
drjohnson,drjohnson,7,selected_coord18_conic20_opacity8_rgb10,20,full_pd_guard,-0.0197296142578125,-0.0003446340560913086,-0.0009206533432006836,29.78890037536621,29.808629989624023,0.9237924218177795,0.9241370558738708,0.2287501096725464,0.22967076301574707,56.08592987060547,0,29245657,0,0,537272,,,
drjohnson,drjohnson,8,selected_coord18_conic20_opacity8_rgb10,20,full_pd_guard,-0.06789970397949219,-0.0003491640090942383,-0.0015179067850112915,31.22270965576172,31.29060935974121,0.9490872025489807,0.949436366558075,0.2434331178665161,0.2449510246515274,50.22180938720703,0,30962916,0,0,235597,,,
drjohnson,drjohnson,9,selected_coord18_conic20_opacity8_rgb10,20,full_pd_guard,-0.025539398193359375,-0.00015032291412353516,-0.0003458857536315918,28.163040161132812,28.188579559326172,0.8057267069816589,0.8058770298957825,0.3255192041397095,0.32586508989334106,56.85822677612305,0,16581464,0,0,669503,,,
drjohnson,drjohnson,10,selected_coord18_conic20_opacity8_rgb10,20,full_pd_guard,-0.032909393310546875,-0.0006306767463684082,-0.0005064308643341064,30.213958740234375,30.246868133544922,0.8709987998008728,0.8716294765472412,0.2789123058319092,0.2794187366962433,55.28750228881836,0,26123077,0,0,577210,,,
drjohnson,drjohnson,11,selected_coord18_conic20_opacity8_rgb10,20,full_pd_guard,-0.006320953369140625,-0.0004145503044128418,-0.00020810961723327637,25.789745330810547,25.796066284179688,0.9132309556007385,0.9136455059051514,0.3076685070991516,0.3078766167163849,55.48656463623047,0,21613100,0,0,232266,,,
drjohnson,drjohnson,12,selected_coord18_conic20_opacity8_rgb10,20,full_pd_guard,0.0047359466552734375,-0.0003905296325683594,-0.0006037652492523193,29.37985610961914,29.375120162963867,0.8932066559791565,0.8935971856117249,0.27726224064826965,0.277866005897522,53.108455657958984,0,30930178,0,0,547517,,,
drjohnson,drjohnson,13,selected_coord18_conic20_opacity8_rgb10,20,full_pd_guard,-0.04276466369628906,7.092952728271484e-06,-0.000502854585647583,30.815122604370117,30.857887268066406,0.9356623888015747,0.9356552958488464,0.27708160877227783,0.2775844633579254,45.869293212890625,0,21823579,0,0,243548,,,
drjohnson,drjohnson,14,selected_coord18_conic20_opacity8_rgb10,20,full_pd_guard,0.03856658935546875,-0.00027298927307128906,-0.0007893741130828857,28.71228790283203,28.673721313476562,0.9288126230239868,0.9290856122970581,0.224349707365036,0.2251390814781189,48.399288177490234,0,36440703,0,0,596267,,,
drjohnson,drjohnson,15,selected_coord18_conic20_opacity8_rgb10,20,full_pd_guard,-0.013401031494140625,-0.00021827220916748047,-0.0009297728538513184,33.202449798583984,33.215850830078125,0.9370918869972229,0.9373101592063904,0.23489424586296082,0.23582401871681213,56.013423919677734,0,18404513,0,0,353176,,,
drjohnson,drjohnson,16,selected_coord18_conic20_opacity8_rgb10,20,full_pd_guard,-0.17789649963378906,-0.0003876686096191406,-0.0009571611881256104,30.91335678100586,31.09125328063965,0.9289560317993164,0.9293437004089355,0.2741025984287262,0.2750597596168518,48.82783126831055,0,17088536,0,0,198264,,,
drjohnson,drjohnson,17,selected_coord18_conic20_opacity8_rgb10,20,full_pd_guard,0.001453399658203125,0.001112818717956543,-0.0004316568374633789,30.641151428222656,30.639698028564453,0.9016257524490356,0.9005129337310791,0.27285271883010864,0.273284375667572,52.06604766845703,0,21481735,0,0,542821,,,
drjohnson,drjohnson,18,selected_coord18_conic20_opacity8_rgb10,20,full_pd_guard,0.023113250732421875,1.0073184967041016e-05,-0.001427292823791504,30.59774398803711,30.574630737304688,0.9256385564804077,0.9256284832954407,0.27694791555404663,0.27837520837783813,54.28429412841797,0,23226385,0,0,277025,,,
drjohnson,drjohnson,19,selected_coord18_conic20_opacity8_rgb10,20,full_pd_guard,0.016565322875976562,-0.000249326229095459,-0.0006677061319351196,31.888776779174805,31.872211456298828,0.9372327327728271,0.9374820590019226,0.20757777988910675,0.20824548602104187,56.07123565673828,0,35315746,0,0,703443,,,
drjohnson,drjohnson,20,selected_coord18_conic20_opacity8_rgb10,20,full_pd_guard,-0.012781143188476562,-0.00025641918182373047,-0.0015121102333068848,30.724279403686523,30.737060546875,0.8955485820770264,0.8958050012588501,0.2900550961494446,0.29156720638275146,54.56104278564453,0,28749758,0,0,358989,,,
drjohnson,drjohnson,21,selected_coord18_conic20_opacity8_rgb10,20,full_pd_guard,-0.0180511474609375,-0.00034564733505249023,-0.0005630254745483398,28.266620635986328,28.284671783447266,0.883709192276001,0.8840548396110535,0.28215283155441284,0.2827158570289612,55.933204650878906,0,19367834,0,0,513386,,,
drjohnson,drjohnson,22,selected_coord18_conic20_opacity8_rgb10,20,full_pd_guard,0.025094985961914062,-0.00038373470306396484,-0.0007540285587310791,23.04128074645996,23.016185760498047,0.8412243723869324,0.8416081070899963,0.31169936060905457,0.31245338916778564,54.07613754272461,0,15925368,0,0,294818,,,
drjohnson,drjohnson,23,selected_coord18_conic20_opacity8_rgb10,20,full_pd_guard,-0.020368576049804688,-0.00017082691192626953,-0.0009992420673370361,30.43243980407715,30.452808380126953,0.9190008640289307,0.9191716909408569,0.2506101429462433,0.2516093850135803,54.4876708984375,0,18788883,0,0,340517,,,
drjohnson,drjohnson,24,selected_coord18_conic20_opacity8_rgb10,20,full_pd_guard,-0.166046142578125,0.00412517786026001,-0.0012342333793640137,34.143096923828125,34.30914306640625,0.929120659828186,0.924995481967926,0.25850361585617065,0.25973784923553467,49.260955810546875,0,22150857,0,0,272101,,,
drjohnson,drjohnson,25,selected_coord18_conic20_opacity8_rgb10,20,full_pd_guard,-0.03661155700683594,-0.0011017918586730957,-0.0003317594528198242,25.883041381835938,25.919652938842773,0.8960410356521606,0.8971428275108337,0.29720795154571533,0.29753971099853516,51.079856872558594,0,19400716,0,0,358274,,,
drjohnson,drjohnson,26,selected_coord18_conic20_opacity8_rgb10,20,full_pd_guard,-0.15871238708496094,-0.0009489059448242188,-0.0004906952381134033,31.832427978515625,31.991140365600586,0.9054379463195801,0.9063868522644043,0.2942616939544678,0.2947523891925812,47.89593505859375,0,17232686,0,0,312140,,,
drjohnson,drjohnson,27,selected_coord18_conic20_opacity8_rgb10,20,full_pd_guard,0.20273590087890625,0.0010022521018981934,-0.002662956714630127,31.129695892333984,30.926959991455078,0.9117409586906433,0.9107387065887451,0.3040046989917755,0.30666765570640564,43.06083297729492,0,19976139,0,0,236249,,,
drjohnson,drjohnson,28,selected_coord18_conic20_opacity8_rgb10,20,full_pd_guard,-0.0072116851806640625,-0.00044912099838256836,-0.00012579560279846191,31.06435775756836,31.071569442749023,0.890018105506897,0.8904672265052795,0.3083866536617279,0.30851244926452637,53.99027633666992,0,28432357,0,0,951539,,,
drjohnson,drjohnson,29,selected_coord18_conic20_opacity8_rgb10,20,full_pd_guard,0.06128692626953125,-0.0003097653388977051,-0.0013616681098937988,26.22248077392578,26.16119384765625,0.887099027633667,0.8874087929725647,0.22961151599884033,0.23097318410873413,52.04203414916992,0,32911041,0,0,741943,,,
drjohnson,drjohnson,30,selected_coord18_conic20_opacity8_rgb10,20,full_pd_guard,-0.016448974609375,-0.0005308985710144043,-0.0005078911781311035,25.516124725341797,25.532573699951172,0.8926371932029724,0.8931680917739868,0.27373260259628296,0.27424049377441406,56.046348571777344,0,28305280,0,0,578168,,,
drjohnson,drjohnson,31,selected_coord18_conic20_opacity8_rgb10,20,full_pd_guard,-0.0051860809326171875,-0.0009565353393554688,-9.208917617797852e-05,28.693830490112305,28.699016571044922,0.8597785830497742,0.8607351183891296,0.22123317420482635,0.22132526338100433,53.17457580566406,0,17419942,0,0,683715,,,
drjohnson,drjohnson,32,selected_coord18_conic20_opacity8_rgb10,20,full_pd_guard,0.04243659973144531,0.0004907846450805664,-0.00037413835525512695,23.56489372253418,23.522457122802734,0.8228233456611633,0.8223325610160828,0.2978360056877136,0.29821014404296875,51.18989562988281,0,22472613,0,0,847333,,,
garden,garden,1,selected_coord18_conic20_opacity8_rgb10,20,full_pd_guard,-0.01178741455078125,-0.000552833080291748,-8.474290370941162e-05,22.716384887695312,22.728172302246094,0.721833348274231,0.7223861813545227,0.24894945323467255,0.24903419613838196,49.938438415527344,0,37452406,0,0,1707981,,,
garden,garden,2,selected_coord18_conic20_opacity8_rgb10,20,full_pd_guard,-0.0259246826171875,-0.0005890727043151855,-0.000157281756401062,26.849102020263672,26.87502670288086,0.796208918094635,0.7967979907989502,0.2218158096075058,0.22197309136390686,50.00135040283203,0,36522589,0,0,1750459,,,
garden,garden,3,selected_coord18_conic20_opacity8_rgb10,20,full_pd_guard,-0.028820037841796875,-0.0003848075866699219,1.5944242477416992e-05,23.804828643798828,23.833648681640625,0.7353982925415039,0.7357831001281738,0.24568268656730652,0.2456667423248291,48.70423889160156,0,36359673,0,0,1452681,,,
garden,garden,4,selected_coord18_conic20_opacity8_rgb10,20,full_pd_guard,-0.012798309326171875,-0.000751197338104248,-1.3053417205810547e-05,19.680774688720703,19.693572998046875,0.7298696637153625,0.7306208610534668,0.26305466890335083,0.26306772232055664,48.50556945800781,0,32239587,0,0,1805151,,,
garden,garden,5,selected_coord18_conic20_opacity8_rgb10,20,full_pd_guard,-0.04162788391113281,-0.0007299184799194336,0.00012831389904022217,25.686750411987305,25.728378295898438,0.8076925873756409,0.8084225058555603,0.21819180250167847,0.21806348860263824,49.700050354003906,0,37091827,0,0,1599520,,,
garden,garden,6,selected_coord18_conic20_opacity8_rgb10,20,full_pd_guard,-0.045024871826171875,-0.0007080435752868652,9.796023368835449e-05,28.070816040039062,28.115840911865234,0.8517265915870667,0.8524346351623535,0.21008679270744324,0.20998883247375488,50.615753173828125,0,36181608,0,0,1364468,,,
garden,garden,7,selected_coord18_conic20_opacity8_rgb10,20,full_pd_guard,-0.0380401611328125,-0.000844419002532959,-1.7911195755004883e-05,27.433757781982422,27.471797943115234,0.8491648435592651,0.8500092625617981,0.21879258751869202,0.21881049871444702,49.845787048339844,0,34500288,0,0,1413574,,,
garden,garden,8,selected_coord18_conic20_opacity8_rgb10,20,full_pd_guard,-0.024251937866210938,-0.0006301403045654297,-0.0001415461301803589,25.752538681030273,25.776790618896484,0.8075944185256958,0.8082245588302612,0.224795401096344,0.22493694722652435,49.698646545410156,0,36097226,0,0,1492571,,,
garden,garden,9,selected_coord18_conic20_opacity8_rgb10,20,full_pd_guard,0.03805351257324219,-0.0004578828811645508,-0.0005188882350921631,26.287343978881836,26.249290466308594,0.8130454421043396,0.8135033249855042,0.21085003018379211,0.21136891841888428,46.49220275878906,0,34309030,0,0,1579285,,,
garden,garden,10,selected_coord18_conic20_opacity8_rgb10,20,full_pd_guard,-0.01802825927734375,-0.00064849853515625,-0.00016327202320098877,26.21698760986328,26.235015869140625,0.8323120474815369,0.8329605460166931,0.21970750391483307,0.21987077593803406,50.76829528808594,0,34389790,0,0,1392278,,,
garden,garden,11,selected_coord18_conic20_opacity8_rgb10,20,full_pd_guard,-0.015527725219726562,-0.0004976987838745117,-9.72449779510498e-05,27.314382553100586,27.329910278320312,0.8313226103782654,0.8318203091621399,0.23065587878227234,0.2307531237602234,50.537567138671875,0,34364660,0,0,1569821,,,
garden,garden,12,selected_coord18_conic20_opacity8_rgb10,20,full_pd_guard,-0.03706169128417969,-0.0006530284881591797,-0.00011838972568511963,26.17817497253418,26.21523666381836,0.7993717193603516,0.8000247478485107,0.23577730357646942,0.23589569330215454,49.9578857421875,0,34904912,0,0,1362921,,,
garden,garden,13,selected_coord18_conic20_opacity8_rgb10,20,full_pd_guard,-0.025793075561523438,-0.0007624030113220215,0.00019578635692596436,28.38690185546875,28.412694931030273,0.8379842638969421,0.8387466669082642,0.20739416778087616,0.2071983814239502,50.463653564453125,0,33937455,0,0,1602097,,,
garden,garden,14,selected_coord18_conic20_opacity8_rgb10,20,full_pd_guard,-0.016855239868164062,-0.0006758570671081543,-5.778670310974121e-05,28.78908348083496,28.805938720703125,0.8448030352592468,0.845478892326355,0.215780109167099,0.21583789587020874,50.231727600097656,0,32791273,0,0,1422903,,,
garden,garden,15,selected_coord18_conic20_opacity8_rgb10,20,full_pd_guard,-0.019495010375976562,-0.0005478858947753906,-0.0001865774393081665,24.80592918395996,24.825424194335938,0.762956976890564,0.7635048627853394,0.23907843232154846,0.23926500976085663,49.92289352416992,0,33754726,0,0,1447196,,,
garden,garden,16,selected_coord18_conic20_opacity8_rgb10,20,full_pd_guard,-0.00601959228515625,-0.0006014108657836914,3.166496753692627e-05,26.79578971862793,26.801809310913086,0.7922127842903137,0.7928141951560974,0.23633864521980286,0.23630698025226593,50.30527877807617,0,32199323,0,0,1540614,,,
garden,garden,17,selected_coord18_conic20_opacity8_rgb10,20,full_pd_guard,-0.030691146850585938,-0.000671088695526123,-8.498132228851318e-05,29.075912475585938,29.106603622436523,0.8524599671363831,0.8531310558319092,0.2156831920146942,0.21576817333698273,51.137977600097656,0,33311429,0,0,1309019,,,
garden,garden,18,selected_coord18_conic20_opacity8_rgb10,20,full_pd_guard,0.48862457275390625,6.377696990966797e-05,-0.00043839216232299805,26.688156127929688,26.19953155517578,0.8299402594566345,0.8298764824867249,0.24647599458694458,0.24691438674926758,42.941490173339844,0,33788959,0,0,1229878,,,
garden,garden,19,selected_coord18_conic20_opacity8_rgb10,20,full_pd_guard,0.06360054016113281,-0.00048786401748657227,-0.00023734569549560547,27.35207176208496,27.288471221923828,0.8395003080368042,0.8399881720542908,0.25235751271247864,0.25259485840797424,47.483116149902344,0,35475880,0,0,1292400,,,
garden,garden,20,selected_coord18_conic20_opacity8_rgb10,20,full_pd_guard,0.09505653381347656,-0.0007496476173400879,0.00029084086418151855,28.135740280151367,28.04068374633789,0.8407320976257324,0.8414817452430725,0.2121686488389969,0.21187780797481537,47.57838439941406,0,31318395,0,0,1615546,,,
garden,garden,21,selected_coord18_conic20_opacity8_rgb10,20,full_pd_guard,-0.028636932373046875,-0.000685572624206543,-3.342330455780029e-05,25.244159698486328,25.272796630859375,0.7756726145744324,0.7763581871986389,0.23929834365844727,0.23933176696300507,49.61194610595703,0,30584639,0,0,1534266,,,
garden,garden,22,selected_coord18_conic20_opacity8_rgb10,20,full_pd_guard,0.10775184631347656,-0.0004488825798034668,-0.000342637300491333,26.540578842163086,26.43282699584961,0.8075555562973022,0.8080044388771057,0.23635298013687134,0.23669561743736267,43.066436767578125,0,31415186,0,0,1408939,,,
garden,garden,23,selected_coord18_conic20_opacity8_rgb10,20,full_pd_guard,-0.06785202026367188,-0.0012720823287963867,0.00017689168453216553,28.0380859375,28.105937957763672,0.8539798855781555,0.8552519679069519,0.20807436108589172,0.20789746940135956,49.35247802734375,0,30010524,0,0,1776706,,,
hotdog,hotdog,1,selected_coord18_conic20_opacity8_rgb10,20,full_pd_guard,-0.021541595458984375,-0.0001347064971923828,4.423409700393677e-05,35.75499725341797,35.77653884887695,0.9717988967895508,0.9719336032867432,0.04639173299074173,0.04634749889373779,58.70725631713867,0,4427332,0,0,142389,,,
hotdog,hotdog,2,selected_coord18_conic20_opacity8_rgb10,20,full_pd_guard,-0.020626068115234375,-0.00012946128845214844,3.218650817871094e-05,35.69343948364258,35.71406555175781,0.9719542860984802,0.9720837473869324,0.04666050523519516,0.04662831872701645,58.756744384765625,0,4394073,0,0,132004,,,
hotdog,hotdog,3,selected_coord18_conic20_opacity8_rgb10,20,full_pd_guard,-0.00658416748046875,-9.560585021972656e-05,1.4308840036392212e-05,35.78480529785156,35.79138946533203,0.9723782539367676,0.9724738597869873,0.045584212988615036,0.045569904148578644,58.6258659362793,0,4361961,0,0,125918,,,
hotdog,hotdog,4,selected_coord18_conic20_opacity8_rgb10,20,full_pd_guard,-0.01578521728515625,-9.161233901977539e-05,-0.0001334361732006073,35.726173400878906,35.74195861816406,0.9725825786590576,0.9726741909980774,0.04554647579789162,0.045679911971092224,58.6466064453125,0,4333106,0,0,139842,,,
hotdog,hotdog,5,selected_coord18_conic20_opacity8_rgb10,20,full_pd_guard,-0.010833740234375,-8.094310760498047e-05,-2.528354525566101e-05,35.787696838378906,35.79853057861328,0.9730420112609863,0.9731229543685913,0.04503373056650162,0.04505901411175728,58.56083297729492,0,4310314,0,0,141346,,,
hotdog,hotdog,6,selected_coord18_conic20_opacity8_rgb10,20,full_pd_guard,-0.0274505615234375,-0.00012367963790893555,-1.4491379261016846e-05,35.94072723388672,35.968177795410156,0.9739920496940613,0.9741157293319702,0.044825389981269836,0.04483988136053085,58.414451599121094,0,4293071,0,0,139231,,,
hotdog,hotdog,7,selected_coord18_conic20_opacity8_rgb10,20,full_pd_guard,-0.014980316162109375,-8.505582809448242e-05,1.6830861568450928e-05,36.12701416015625,36.14199447631836,0.9745902419090271,0.9746752977371216,0.045240618288517,0.04522378742694855,58.82487106323242,0,4286367,0,0,154236,,,
hotdog,hotdog,8,selected_coord18_conic20_opacity8_rgb10,20,full_pd_guard,-0.0122528076171875,-9.834766387939453e-05,5.488842725753784e-05,36.24375534057617,36.25600814819336,0.9748021960258484,0.9749005436897278,0.04704837501049042,0.04699348658323288,58.6093864440918,0,4280245,0,0,158316,,,
hotdog,hotdog,9,selected_coord18_conic20_opacity8_rgb10,20,full_pd_guard,-0.013065338134765625,-0.0001042485237121582,3.214925527572632e-06,36.23078155517578,36.24384689331055,0.9747652411460876,0.9748694896697998,0.04762239009141922,0.04761917516589165,58.49823760986328,0,4278371,0,0,142400,,,
hotdog,hotdog,10,selected_coord18_conic20_opacity8_rgb10,20,full_pd_guard,-0.0179290771484375,-0.00011134147644042969,4.3664127588272095e-05,36.01266098022461,36.03059005737305,0.9741706252098083,0.9742819666862488,0.048788219690322876,0.048744555562734604,58.585262298583984,0,4283089,0,0,185711,,,
hotdog,hotdog,11,selected_coord18_conic20_opacity8_rgb10,20,full_pd_guard,-0.023387908935546875,-0.0001366138458251953,7.07767903804779e-05,35.98307418823242,36.00646209716797,0.9738966226577759,0.9740332365036011,0.050109125673770905,0.05003834888339043,58.528892517089844,0,4285965,0,0,171950,,,
hotdog,hotdog,12,selected_coord18_conic20_opacity8_rgb10,20,full_pd_guard,-0.022792816162109375,-0.00010979175567626953,0.00012701377272605896,35.839088439941406,35.861881256103516,0.9735695123672485,0.9736793041229248,0.05136054754257202,0.05123353376984596,58.27519989013672,0,4294179,0,0,227132,,,
hotdog,hotdog,13,selected_coord18_conic20_opacity8_rgb10,20,full_pd_guard,-0.028778076171875,-0.00012552738189697266,-1.7214566469192505e-05,35.59954833984375,35.628326416015625,0.9729132652282715,0.9730387926101685,0.05133053660392761,0.051347751170396805,58.612457275390625,0,4307457,0,0,172028,,,
hotdog,hotdog,14,selected_coord18_conic20_opacity8_rgb10,20,full_pd_guard,-0.01787567138671875,-8.487701416015625e-05,-8.760392665863037e-05,35.373992919921875,35.391868591308594,0.9724501371383667,0.9725350141525269,0.051365844905376434,0.051453448832035065,58.68966293334961,0,4326257,0,0,177210,,,
hotdog,hotdog,15,selected_coord18_conic20_opacity8_rgb10,20,full_pd_guard,-0.018894195556640625,-0.00010085105895996094,5.375593900680542e-05,35.34711837768555,35.36601257324219,0.9722539782524109,0.9723548293113708,0.053337566554546356,0.05328381061553955,58.77830505371094,0,4349779,0,0,167932,,,
hotdog,hotdog,16,selected_coord18_conic20_opacity8_rgb10,20,full_pd_guard,-0.021266937255859375,-9.870529174804688e-05,8.765608072280884e-05,35.192501068115234,35.213768005371094,0.9718403816223145,0.9719390869140625,0.05451349914073944,0.05442584306001663,58.839012145996094,0,4380988,0,0,125012,,,
hotdog,hotdog,17,selected_coord18_conic20_opacity8_rgb10,20,full_pd_guard,-0.004596710205078125,-6.246566772460938e-05,-0.00010242313146591187,35.22665786743164,35.23125457763672,0.9718729257583618,0.9719353914260864,0.0556255467236042,0.055727969855070114,58.526710510253906,0,4417710,0,0,135103,,,
hotdog,hotdog,18,selected_coord18_conic20_opacity8_rgb10,20,full_pd_guard,-0.005664825439453125,-7.992982864379883e-05,-2.0388513803482056e-05,35.14672088623047,35.15238571166992,0.971982479095459,0.9720624089241028,0.056106165051460266,0.05612655356526375,58.72576904296875,0,4465843,0,0,172274,,,
hotdog,hotdog,19,selected_coord18_conic20_opacity8_rgb10,20,full_pd_guard,-0.00800323486328125,-8.45193862915039e-05,-3.265589475631714e-05,35.246620178222656,35.25462341308594,0.9726414084434509,0.9727259278297424,0.056472018361091614,0.05650467425584793,58.75801086425781,0,4516597,0,0,166717,,,
hotdog,hotdog,20,selected_coord18_conic20_opacity8_rgb10,20,full_pd_guard,-0.020496368408203125,-9.441375732421875e-05,-3.8251280784606934e-05,35.40546798706055,35.42596435546875,0.9731510281562805,0.9732454419136047,0.0558309480547905,0.055869199335575104,58.83955383300781,0,4565350,0,0,170473,,,
hotdog,hotdog,21,selected_coord18_conic20_opacity8_rgb10,20,full_pd_guard,-0.02277374267578125,-9.685754776000977e-05,-7.744133472442627e-05,35.73748779296875,35.76026153564453,0.9742794632911682,0.9743763208389282,0.055600717663764954,0.05567815899848938,58.740718841552734,0,4620873,0,0,119349,,,
hotdog,hotdog,22,selected_coord18_conic20_opacity8_rgb10,20,full_pd_guard,-0.018901824951171875,-0.00010496377944946289,-5.211681127548218e-06,36.05501937866211,36.07392120361328,0.9750891923904419,0.9751941561698914,0.05413670092821121,0.05414191260933876,58.90275192260742,0,4674697,0,0,181391,,,
hotdog,hotdog,23,selected_coord18_conic20_opacity8_rgb10,20,full_pd_guard,-0.021701812744140625,-8.58306884765625e-05,-9.571760892868042e-05,36.35639572143555,36.37809753417969,0.9761533737182617,0.9762392044067383,0.05230184644460678,0.05239756405353546,59.089088439941406,0,4729475,0,0,160338,,,
hotdog,hotdog,24,selected_coord18_conic20_opacity8_rgb10,20,full_pd_guard,-0.0210113525390625,-9.423494338989258e-05,-4.955381155014038e-05,36.73155212402344,36.7525634765625,0.9767341017723083,0.9768283367156982,0.051416389644145966,0.051465943455696106,59.00326156616211,0,4773399,0,0,179728,,,
hotdog,hotdog,25,selected_coord18_conic20_opacity8_rgb10,20,full_pd_guard,-0.0093994140625,-9.66191291809082e-05,-8.931010961532593e-05,37.1697998046875,37.17919921875,0.9773430824279785,0.9774397015571594,0.05172441154718399,0.051813721656799316,59.0150146484375,0,4807711,0,0,155720,,,
hotdog,hotdog,26,selected_coord18_conic20_opacity8_rgb10,20,full_pd_guard,-0.012310028076171875,-7.635354995727539e-05,-0.00010364130139350891,37.30955123901367,37.321861267089844,0.9777387976646423,0.9778151512145996,0.05042726546525955,0.05053090676665306,59.274200439453125,0,4815109,0,0,120530,,,
hotdog,hotdog,27,selected_coord18_conic20_opacity8_rgb10,20,full_pd_guard,-0.02245330810546875,-0.00010371208190917969,-8.163228631019592e-05,37.54225158691406,37.56470489501953,0.9782671928405762,0.9783709049224854,0.04988916218280792,0.04997079446911812,59.313411712646484,0,4814412,0,0,155130,,,
hotdog,hotdog,28,selected_coord18_conic20_opacity8_rgb10,20,full_pd_guard,-0.02289581298828125,-0.00010496377944946289,-5.314871668815613e-05,37.63679504394531,37.659690856933594,0.9781481623649597,0.9782531261444092,0.04965026676654816,0.04970341548323631,59.446998596191406,0,4800355,0,0,128979,,,
hotdog,hotdog,29,selected_coord18_conic20_opacity8_rgb10,20,full_pd_guard,-0.019893646240234375,-8.225440979003906e-05,-1.32732093334198e-05,37.72799301147461,37.747886657714844,0.9782432913780212,0.9783255457878113,0.05040663108229637,0.05041990429162979,59.40961837768555,0,4785791,0,0,134428,,,
hotdog,hotdog,30,selected_coord18_conic20_opacity8_rgb10,20,full_pd_guard,-0.01631927490234375,-9.006261825561523e-05,2.2664666175842285e-05,37.93278884887695,37.9491081237793,0.9785942435264587,0.9786843061447144,0.050137098878622055,0.05011443421244621,59.278133392333984,0,4769146,0,0,152245,,,
hotdog,hotdog,31,selected_coord18_conic20_opacity8_rgb10,20,full_pd_guard,-0.020782470703125,-7.915496826171875e-05,-0.00010044127702713013,37.98646545410156,38.00724792480469,0.9787773489952087,0.9788565039634705,0.04911171272397041,0.04921215400099754,59.4234619140625,0,4742269,0,0,149691,,,
hotdog,hotdog,32,selected_coord18_conic20_opacity8_rgb10,20,full_pd_guard,-0.026371002197265625,-9.000301361083984e-05,-7.126107811927795e-05,38.04332733154297,38.069698333740234,0.9787227511405945,0.9788127541542053,0.04794251173734665,0.04801377281546593,59.459388732910156,0,4713153,0,0,144151,,,
hotdog,hotdog,33,selected_coord18_conic20_opacity8_rgb10,20,full_pd_guard,-0.029842376708984375,-8.159875869750977e-05,-0.00013429298996925354,37.98365783691406,38.01350021362305,0.9786643385887146,0.9787459373474121,0.04670250415802002,0.04683679714798927,59.56951141357422,0,4677691,0,0,133393,,,
hotdog,hotdog,34,selected_coord18_conic20_opacity8_rgb10,20,full_pd_guard,-0.020153045654296875,-7.784366607666016e-05,-7.240474224090576e-05,37.8332633972168,37.853416442871094,0.9782932996749878,0.9783711433410645,0.04680579900741577,0.04687820374965668,59.66849899291992,0,4637033,0,0,135819,,,
hotdog,hotdog,35,selected_coord18_conic20_opacity8_rgb10,20,full_pd_guard,-0.033817291259765625,-9.769201278686523e-05,-0.0001484602689743042,37.63330841064453,37.6671257019043,0.9781405329704285,0.9782382249832153,0.045502446591854095,0.0456509068608284,59.65978240966797,0,4599564,0,0,117776,,,
hotdog,hotdog,36,selected_coord18_conic20_opacity8_rgb10,20,full_pd_guard,-0.016338348388671875,-9.912252426147461e-05,-8.13901424407959e-05,37.4562873840332,37.472625732421875,0.9777320623397827,0.9778311848640442,0.04505331069231033,0.04513470083475113,59.72174072265625,0,4558812,0,0,127091,,,
hotdog,hotdog,37,selected_coord18_conic20_opacity8_rgb10,20,full_pd_guard,-0.013641357421875,-8.094310760498047e-05,-2.3834407329559326e-05,37.37651062011719,37.39015197753906,0.9774803519248962,0.9775612950325012,0.04498731717467308,0.04501115158200264,59.69938278198242,0,4520497,0,0,136612,,,
hotdog,hotdog,38,selected_coord18_conic20_opacity8_rgb10,20,full_pd_guard,-0.010829925537109375,-6.556510925292969e-05,-8.099526166915894e-05,37.340023040771484,37.350852966308594,0.9774336814880371,0.97749924659729,0.04495612531900406,0.04503712058067322,59.5262565612793,0,4482023,0,0,183790,,,
hotdog,hotdog,39,selected_coord18_conic20_opacity8_rgb10,20,full_pd_guard,-0.0144500732421875,-8.237361907958984e-05,-0.0001842975616455078,37.32200241088867,37.33645248413086,0.9773182272911072,0.9774006009101868,0.04354909062385559,0.0437333881855011,59.63903045654297,0,4444251,0,0,125934,,,
hotdog,hotdog,40,selected_coord18_conic20_opacity8_rgb10,20,full_pd_guard,-0.020771026611328125,-0.00010150671005249023,-0.00019624829292297363,37.20748519897461,37.22825622558594,0.9770423173904419,0.9771438241004944,0.04374319687485695,0.04393944516777992,59.626792907714844,0,4415793,0,0,149165,,,
hotdog,hotdog,41,selected_coord18_conic20_opacity8_rgb10,20,full_pd_guard,-0.006198883056640625,-7.31348991394043e-05,-0.00025564804673194885,37.066951751708984,37.073150634765625,0.976803183555603,0.9768763184547424,0.0436963252723217,0.04395197331905365,59.497398376464844,0,4383782,0,0,161519,,,
hotdog,hotdog,42,selected_coord18_conic20_opacity8_rgb10,20,full_pd_guard,-0.020721435546875,-7.253885269165039e-05,-0.0002450011670589447,37.03035354614258,37.05107498168945,0.9768384099006653,0.9769109487533569,0.042714763432741165,0.04295976459980011,59.41221237182617,0,4355059,0,0,103830,,,
hotdog,hotdog,43,selected_coord18_conic20_opacity8_rgb10,20,full_pd_guard,-0.01610565185546875,-8.189678192138672e-05,-0.00017368420958518982,36.970401763916016,36.986507415771484,0.976660966873169,0.9767428636550903,0.042105209082365036,0.042278893291950226,59.786956787109375,0,4326272,0,0,130649,,,
hotdog,hotdog,44,selected_coord18_conic20_opacity8_rgb10,20,full_pd_guard,-0.0130767822265625,-6.723403930664062e-05,-0.00016085058450698853,36.969970703125,36.98304748535156,0.9767058491706848,0.9767730832099915,0.041844964027404785,0.042005814611911774,59.60882568359375,0,4299717,0,0,119088,,,
hotdog,hotdog,45,selected_coord18_conic20_opacity8_rgb10,20,full_pd_guard,-0.0263824462890625,-8.559226989746094e-05,-0.00018342584371566772,36.905982971191406,36.93236541748047,0.9764546751976013,0.9765402674674988,0.041434597223997116,0.041618023067712784,59.493309020996094,0,4278819,0,0,122646,,,
hotdog,hotdog,46,selected_coord18_conic20_opacity8_rgb10,20,full_pd_guard,-0.0083160400390625,-6.520748138427734e-05,-0.0001684054732322693,36.69380187988281,36.702117919921875,0.9761176109313965,0.9761828184127808,0.04069546237587929,0.04086386784911156,59.29903793334961,0,4261577,0,0,99733,,,
hotdog,hotdog,47,selected_coord18_conic20_opacity8_rgb10,20,full_pd_guard,-0.018718719482421875,-5.9485435485839844e-05,-0.0002676434814929962,36.63736343383789,36.65608215332031,0.9760192632675171,0.9760787487030029,0.03985830023884773,0.04012594372034073,59.70615768432617,0,4247836,0,0,109610,,,
hotdog,hotdog,48,selected_coord18_conic20_opacity8_rgb10,20,full_pd_guard,-0.026336669921875,-8.45193862915039e-05,-0.00016108155250549316,36.54315185546875,36.569488525390625,0.9759401082992554,0.9760246276855469,0.039140485227108,0.039301566779613495,59.52283477783203,0,4239064,0,0,170308,,,
hotdog,hotdog,49,selected_coord18_conic20_opacity8_rgb10,20,full_pd_guard,-0.022197723388671875,-7.367134094238281e-05,-0.00010261684656143188,36.409671783447266,36.43186950683594,0.9757771492004395,0.9758508205413818,0.03952724486589432,0.03962986171245575,59.299774169921875,0,4228758,0,0,105762,,,
hotdog,hotdog,50,selected_coord18_conic20_opacity8_rgb10,20,full_pd_guard,-0.015625,-8.004903793334961e-05,-7.618218660354614e-05,36.308311462402344,36.323936462402344,0.9756906628608704,0.9757707118988037,0.03892059624195099,0.038996778428554535,59.507469177246094,0,4214744,0,0,102012,,,
hotdog,hotdog,51,selected_coord18_conic20_opacity8_rgb10,20,full_pd_guard,-0.02178955078125,-0.00010150671005249023,-0.00010732188820838928,36.48039245605469,36.50218200683594,0.9761410355567932,0.9762425422668457,0.037763554602861404,0.037870876491069794,59.6467399597168,0,4171483,0,0,114922,,,
hotdog,hotdog,52,selected_coord18_conic20_opacity8_rgb10,20,full_pd_guard,-0.01447296142578125,-7.474422454833984e-05,-0.00014625489711761475,36.69310760498047,36.70758056640625,0.9770210981369019,0.9770958423614502,0.0373077318072319,0.03745398670434952,59.64301681518555,0,4130001,0,0,117453,,,
hotdog,hotdog,53,selected_coord18_conic20_opacity8_rgb10,20,full_pd_guard,-0.03006744384765625,-8.20159912109375e-05,-0.00014878436923027039,37.13921356201172,37.169281005859375,0.9784435033798218,0.9785255193710327,0.03601517155766487,0.03616395592689514,59.42969512939453,0,4085866,0,0,126914,,,
hotdog,hotdog,54,selected_coord18_conic20_opacity8_rgb10,20,full_pd_guard,-0.01247406005859375,-4.667043685913086e-05,-0.00024042651057243347,37.37628173828125,37.388755798339844,0.9793699979782104,0.9794166684150696,0.035393767058849335,0.03563419356942177,59.67550277709961,0,4037727,0,0,148178,,,
hotdog,hotdog,55,selected_coord18_conic20_opacity8_rgb10,20,full_pd_guard,-0.028675079345703125,-7.909536361694336e-05,-9.020417928695679e-05,37.30631637573242,37.334991455078125,0.9792500138282776,0.9793291091918945,0.036234937608242035,0.03632514178752899,59.491798400878906,0,3992309,0,0,143629,,,
hotdog,hotdog,56,selected_coord18_conic20_opacity8_rgb10,20,full_pd_guard,-0.035488128662109375,-9.542703628540039e-05,-0.0001605004072189331,37.364742279052734,37.400230407714844,0.9795539379119873,0.9796493649482727,0.03640339523553848,0.036563895642757416,59.58142852783203,0,3964095,0,0,105556,,,
hotdog,hotdog,57,selected_coord18_conic20_opacity8_rgb10,20,full_pd_guard,-0.01761627197265625,-6.514787673950195e-05,-0.0001614503562450409,37.63957977294922,37.657196044921875,0.9802627563476562,0.9803279042243958,0.036561042070388794,0.036722492426633835,59.77562713623047,0,3927557,0,0,107144,,,
hotdog,hotdog,58,selected_coord18_conic20_opacity8_rgb10,20,full_pd_guard,-0.01071929931640625,-5.53131103515625e-05,-0.00011848658323287964,38.05492401123047,38.065643310546875,0.9809226393699646,0.9809779524803162,0.03587115556001663,0.03598964214324951,59.54698944091797,0,3902595,0,0,120067,,,
hotdog,hotdog,59,selected_coord18_conic20_opacity8_rgb10,20,full_pd_guard,-0.01071929931640625,-5.4717063903808594e-05,-0.00010046735405921936,38.151344299316406,38.16206359863281,0.9806110858917236,0.9806658029556274,0.03622585907578468,0.0363263264298439,59.457740783691406,0,3884400,0,0,137972,,,
hotdog,hotdog,60,selected_coord18_conic20_opacity8_rgb10,20,full_pd_guard,-0.003086090087890625,-3.808736801147461e-05,-0.00011344254016876221,38.0156364440918,38.01872253417969,0.9798567891120911,0.9798948764801025,0.03735329210758209,0.037466734647750854,59.608726501464844,0,3869188,0,0,106646,,,
hotdog,hotdog,61,selected_coord18_conic20_opacity8_rgb10,20,full_pd_guard,-0.02185821533203125,-5.3882598876953125e-05,-9.280815720558167e-05,37.868431091308594,37.890289306640625,0.9787060022354126,0.9787598848342896,0.039073679596185684,0.039166487753391266,59.91968536376953,0,3856093,0,0,105554,,,
hotdog,hotdog,62,selected_coord18_conic20_opacity8_rgb10,20,full_pd_guard,-0.01214599609375,-6.35385513305664e-05,-0.00013086572289466858,37.808387756347656,37.820533752441406,0.9779077768325806,0.9779713153839111,0.04102545604109764,0.04115632176399231,59.559051513671875,0,3849075,0,0,111267,,,
hotdog,hotdog,63,selected_coord18_conic20_opacity8_rgb10,20,full_pd_guard,-0.00067138671875,-2.6881694793701172e-05,-0.0001223236322402954,37.81589889526367,37.81657028198242,0.9775693416595459,0.9775962233543396,0.041707590222358704,0.041829913854599,59.73006820678711,0,3846048,0,0,153065,,,
hotdog,hotdog,64,selected_coord18_conic20_opacity8_rgb10,20,full_pd_guard,-0.005779266357421875,-4.5418739318847656e-05,-0.00010839849710464478,37.79547119140625,37.80125045776367,0.976718008518219,0.9767634272575378,0.04195135086774826,0.042059749364852905,59.836238861083984,0,3837283,0,0,133666,,,
hotdog,hotdog,65,selected_coord18_conic20_opacity8_rgb10,20,full_pd_guard,0.0004730224609375,-3.6776065826416016e-05,-0.00015349313616752625,37.748313903808594,37.747840881347656,0.9757838249206543,0.9758206009864807,0.042590901255607605,0.04274439439177513,59.74114990234375,0,3833586,0,0,110309,,,
hotdog,hotdog,66,selected_coord18_conic20_opacity8_rgb10,20,full_pd_guard,-0.0186309814453125,-5.6684017181396484e-05,-0.00010316446423530579,37.611671447753906,37.63030242919922,0.9749018549919128,0.9749585390090942,0.04350882023572922,0.04361198469996452,60.19135665893555,0,3826101,0,0,146760,,,
hotdog,hotdog,67,selected_coord18_conic20_opacity8_rgb10,20,full_pd_guard,-0.0314788818359375,-6.884336471557617e-05,-7.320940494537354e-05,37.35743713378906,37.388916015625,0.9737696647644043,0.9738385081291199,0.04458030313253403,0.0446535125374794,60.1303825378418,0,3819666,0,0,104722,,,
hotdog,hotdog,68,selected_coord18_conic20_opacity8_rgb10,20,full_pd_guard,-0.0246734619140625,-6.967782974243164e-05,-8.397921919822693e-05,37.25820541381836,37.28287887573242,0.9732050895690918,0.9732747673988342,0.04537467658519745,0.045458655804395676,60.103511810302734,0,3813009,0,0,103960,,,
hotdog,hotdog,69,selected_coord18_conic20_opacity8_rgb10,20,full_pd_guard,-0.03399658203125,-5.882978439331055e-05,-8.691847324371338e-05,37.10543441772461,37.13943099975586,0.9725857377052307,0.972644567489624,0.045121513307094574,0.04520843178033829,60.22595977783203,0,3807487,0,0,108665,,,
hotdog,hotdog,70,selected_coord18_conic20_opacity8_rgb10,20,full_pd_guard,-0.04016876220703125,-4.571676254272461e-05,-9.746849536895752e-05,36.98780822753906,37.027976989746094,0.9721452593803406,0.9721909761428833,0.045837171375751495,0.04593463987112045,60.45153045654297,0,3791798,0,0,116930,,,
hotdog,hotdog,71,selected_coord18_conic20_opacity8_rgb10,20,full_pd_guard,-0.043025970458984375,-4.476308822631836e-05,-0.00014628097414970398,36.91603469848633,36.95906066894531,0.9717048406600952,0.9717496037483215,0.04621336981654167,0.046359650790691376,59.945045471191406,0,3785189,0,0,114922,,,
hotdog,hotdog,72,selected_coord18_conic20_opacity8_rgb10,20,full_pd_guard,-0.005340576171875,-2.9206275939941406e-05,-0.0001346208155155182,37.023826599121094,37.02916717529297,0.9717179536819458,0.9717471599578857,0.04624125361442566,0.04637587442994118,60.38153076171875,0,3771399,0,0,111854,,,
hotdog,hotdog,73,selected_coord18_conic20_opacity8_rgb10,20,full_pd_guard,-0.02254486083984375,-5.1975250244140625e-05,-5.9332698583602905e-05,37.037841796875,37.060386657714844,0.9713726043701172,0.9714245796203613,0.0473656952381134,0.047425027936697006,60.53227996826172,0,3748575,0,0,80551,,,
hotdog,hotdog,74,selected_coord18_conic20_opacity8_rgb10,20,full_pd_guard,-0.044986724853515625,-6.788969039916992e-05,-5.4448843002319336e-05,37.0842399597168,37.12922668457031,0.9717202186584473,0.9717881083488464,0.045663170516490936,0.045717619359493256,60.24961471557617,0,3714296,0,0,107101,,,
hotdog,hotdog,75,selected_coord18_conic20_opacity8_rgb10,20,full_pd_guard,-0.04901885986328125,-5.1915645599365234e-05,-5.272403359413147e-05,37.19352722167969,37.24254608154297,0.9721066951751709,0.9721586108207703,0.044548600912094116,0.04460132494568825,60.53226852416992,0,3685402,0,0,107608,,,
hotdog,hotdog,76,selected_coord18_conic20_opacity8_rgb10,20,full_pd_guard,-0.026123046875,-5.412101745605469e-05,-0.00011838600039482117,37.11774826049805,37.14387130737305,0.9719587564468384,0.9720128774642944,0.04409613087773323,0.04421451687812805,60.72808837890625,0,3646930,0,0,114328,,,
hotdog,hotdog,77,selected_coord18_conic20_opacity8_rgb10,20,full_pd_guard,-0.03073883056640625,-4.0411949157714844e-05,-0.00012371689081192017,37.11170959472656,37.14244842529297,0.9720258712768555,0.9720662832260132,0.04554968327283859,0.04567340016365051,60.666900634765625,0,3595051,0,0,113393,,,
hotdog,hotdog,78,selected_coord18_conic20_opacity8_rgb10,20,full_pd_guard,-0.04282379150390625,-8.630752563476562e-05,-0.00012514367699623108,37.14405822753906,37.18688201904297,0.9722940921783447,0.9723803997039795,0.04483884945511818,0.04496399313211441,60.827117919921875,0,3536177,0,0,123616,,,
hotdog,hotdog,79,selected_coord18_conic20_opacity8_rgb10,20,full_pd_guard,-0.03870391845703125,-6.407499313354492e-05,-0.00012084096670150757,37.25823211669922,37.29693603515625,0.9727662801742554,0.9728303551673889,0.043520621955394745,0.04364146292209625,60.94047546386719,0,3474742,0,0,94764,,,
hotdog,hotdog,80,selected_coord18_conic20_opacity8_rgb10,20,full_pd_guard,-0.026172637939453125,-1.6927719116210938e-05,-0.00012621283531188965,37.492122650146484,37.51829528808594,0.9734670519828796,0.9734839797019958,0.042657844722270966,0.042784057557582855,61.04467010498047,0,3411459,0,0,92800,,,
hotdog,hotdog,81,selected_coord18_conic20_opacity8_rgb10,20,full_pd_guard,-0.0041351318359375,-2.0444393157958984e-05,-0.00013466179370880127,37.36796188354492,37.37209701538086,0.9735351800918579,0.9735556244850159,0.04128892719745636,0.04142358899116516,61.093902587890625,0,3342453,0,0,103835,,,
hotdog,hotdog,82,selected_coord18_conic20_opacity8_rgb10,20,full_pd_guard,-0.0152435302734375,-2.1278858184814453e-05,-0.00013838335871696472,36.97474670410156,36.989990234375,0.9733459949493408,0.9733672738075256,0.041579920798540115,0.04171830415725708,61.013511657714844,0,3265928,0,0,93775,,,
hotdog,hotdog,83,selected_coord18_conic20_opacity8_rgb10,20,full_pd_guard,-0.008823394775390625,1.5020370483398438e-05,-0.00013538822531700134,36.635154724121094,36.643978118896484,0.9733059406280518,0.9732909202575684,0.04187542200088501,0.04201081022620201,61.40305709838867,0,3187332,0,0,90910,,,
hotdog,hotdog,84,selected_coord18_conic20_opacity8_rgb10,20,full_pd_guard,-0.0023651123046875,3.55839729309082e-05,-7.588788866996765e-05,36.384361267089844,36.38672637939453,0.9730082154273987,0.9729726314544678,0.04106251522898674,0.04113840311765671,61.46924591064453,0,3109683,0,0,88388,,,
hotdog,hotdog,85,selected_coord18_conic20_opacity8_rgb10,20,full_pd_guard,0.014068603515625,4.3332576751708984e-05,-5.733221769332886e-05,36.44663619995117,36.43256759643555,0.9734023809432983,0.9733590483665466,0.0405583418905735,0.04061567410826683,61.689414978027344,0,3031334,0,0,95202,,,
hotdog,hotdog,86,selected_coord18_conic20_opacity8_rgb10,20,full_pd_guard,0.00240325927734375,8.809566497802734e-05,-0.00011068582534790039,36.569400787353516,36.56699752807617,0.9738087058067322,0.9737206101417542,0.040760815143585205,0.040871500968933105,61.56000900268555,0,2951224,0,0,98810,,,
hotdog,hotdog,87,selected_coord18_conic20_opacity8_rgb10,20,full_pd_guard,0.003086090087890625,6.824731826782227e-05,-0.00017586350440979004,36.62837219238281,36.62528610229492,0.9739747643470764,0.9739065170288086,0.04041917622089386,0.04059503972530365,61.841636657714844,0,2868790,0,0,84310,,,
hotdog,hotdog,88,selected_coord18_conic20_opacity8_rgb10,20,full_pd_guard,0.008098602294921875,6.99162483215332e-05,-0.00018087029457092285,36.32084655761719,36.312747955322266,0.973285436630249,0.9732155203819275,0.04030030220746994,0.04048117250204086,61.95916748046875,0,2785261,0,0,88634,,,
hotdog,hotdog,89,selected_coord18_conic20_opacity8_rgb10,20,full_pd_guard,0.0018768310546875,7.49826431274414e-05,-9.356439113616943e-05,35.77183532714844,35.76995849609375,0.9731035232543945,0.9730285406112671,0.04026082903146744,0.04035439342260361,62.2587890625,0,2698979,0,0,71781,,,
hotdog,hotdog,90,selected_coord18_conic20_opacity8_rgb10,20,full_pd_guard,0.012928009033203125,6.890296936035156e-05,-0.0002319812774658203,35.58265686035156,35.56972885131836,0.9729600548744202,0.9728911519050598,0.03990216553211212,0.04013414680957794,61.93793869018555,0,2620220,0,0,103670,,,
hotdog,hotdog,91,selected_coord18_conic20_opacity8_rgb10,20,full_pd_guard,-0.00130462646484375,8.291006088256836e-05,-0.00017233937978744507,34.906517028808594,34.90782165527344,0.9728621244430542,0.9727792143821716,0.03893132507801056,0.039103664457798004,62.121124267578125,0,2539172,0,0,94739,,,
hotdog,hotdog,92,selected_coord18_conic20_opacity8_rgb10,20,full_pd_guard,-0.003871917724609375,5.4001808166503906e-05,-0.0001619085669517517,34.425880432128906,34.429752349853516,0.9733274579048157,0.9732734560966492,0.03817277401685715,0.0383346825838089,62.26066589355469,0,2463282,0,0,71722,,,
hotdog,hotdog,93,selected_coord18_conic20_opacity8_rgb10,20,full_pd_guard,0.000640869140625,7.528066635131836e-05,-0.00020287185907363892,34.5571403503418,34.55649948120117,0.9736394882202148,0.9735642075538635,0.03789278864860535,0.038095660507678986,62.378196716308594,0,2393356,0,0,101412,,,
hotdog,hotdog,94,selected_coord18_conic20_opacity8_rgb10,20,full_pd_guard,0.01541900634765625,0.00011491775512695312,-0.00021564587950706482,34.840816497802734,34.82539749145508,0.9751092195510864,0.9749943017959595,0.03569610044360161,0.03591174632310867,62.47496795654297,0,2322276,0,0,98216,,,
hotdog,hotdog,95,selected_coord18_conic20_opacity8_rgb10,20,full_pd_guard,0.00463104248046875,8.14199447631836e-05,-0.0002017579972743988,35.313072204589844,35.308441162109375,0.9765334725379944,0.9764520525932312,0.03375350311398506,0.03395526111125946,62.418304443359375,0,2261364,0,0,123474,,,
hotdog,hotdog,96,selected_coord18_conic20_opacity8_rgb10,20,full_pd_guard,0.023082733154296875,0.00011920928955078125,-0.00016150623559951782,36.236995697021484,36.21391296386719,0.9790187478065491,0.9788995385169983,0.03151825815439224,0.03167976438999176,62.5266227722168,0,2206666,0,0,83917,,,
hotdog,hotdog,97,selected_coord18_conic20_opacity8_rgb10,20,full_pd_guard,0.024066925048828125,0.00013113021850585938,-0.0001243017613887787,35.960418701171875,35.93635177612305,0.9805885553359985,0.9804574251174927,0.03145282343029976,0.03157712519168854,62.525535583496094,0,2160514,0,0,104796,,,
hotdog,hotdog,98,selected_coord18_conic20_opacity8_rgb10,20,full_pd_guard,0.00046539306640625,8.130073547363281e-05,-8.71904194355011e-05,35.01054000854492,35.010074615478516,0.9818199276924133,0.9817386269569397,0.030034169554710388,0.03012135997414589,62.81275939941406,0,2131691,0,0,115278,,,
hotdog,hotdog,99,selected_coord18_conic20_opacity8_rgb10,20,full_pd_guard,0.004215240478515625,8.45789909362793e-05,-5.3476542234420776e-05,32.918785095214844,32.91456985473633,0.9797240495681763,0.97963947057724,0.03135300427675247,0.03140648081898689,62.90499496459961,0,2124165,0,0,83225,,,
hotdog,hotdog,100,selected_coord18_conic20_opacity8_rgb10,20,full_pd_guard,-0.00074005126953125,6.443262100219727e-05,-0.0001425221562385559,32.546749114990234,32.547489166259766,0.9788981080055237,0.9788336753845215,0.03206264227628708,0.032205164432525635,62.899383544921875,0,2124882,0,0,77407,,,
hotdog,hotdog,101,selected_coord18_conic20_opacity8_rgb10,20,full_pd_guard,0.0013580322265625,8.416175842285156e-05,-0.00010812655091285706,33.582420349121094,33.58106231689453,0.9791930317878723,0.9791088700294495,0.03221891075372696,0.032327037304639816,62.843421936035156,0,2144357,0,0,111131,,,
hotdog,hotdog,102,selected_coord18_conic20_opacity8_rgb10,20,full_pd_guard,-0.009540557861328125,6.204843521118164e-05,-0.00012306496500968933,34.360050201416016,34.369590759277344,0.9799640774726868,0.9799020290374756,0.03175073489546776,0.03187379986047745,63.103878021240234,0,2176255,0,0,98319,,,
hotdog,hotdog,103,selected_coord18_conic20_opacity8_rgb10,20,full_pd_guard,-0.00701904296875,6.961822509765625e-05,-0.00012383237481117249,35.24266052246094,35.24967956542969,0.9809464812278748,0.9808768630027771,0.032098110765218735,0.03222194314002991,62.936702728271484,0,2216344,0,0,102577,,,
hotdog,hotdog,104,selected_coord18_conic20_opacity8_rgb10,20,full_pd_guard,0.000118255615234375,8.660554885864258e-05,-0.00018324702978134155,36.08430862426758,36.084190368652344,0.9826353192329407,0.982548713684082,0.032491832971572876,0.03267508000135422,62.69898223876953,0,2259150,0,0,99864,,,
hotdog,hotdog,105,selected_coord18_conic20_opacity8_rgb10,20,full_pd_guard,-0.01369476318359375,6.574392318725586e-05,-0.00011795014142990112,35.6884880065918,35.70218276977539,0.981590747833252,0.9815250039100647,0.034570567309856415,0.034688517451286316,62.758697509765625,0,2309751,0,0,105639,,,
hotdog,hotdog,106,selected_coord18_conic20_opacity8_rgb10,20,full_pd_guard,-0.002925872802734375,8.380413055419922e-05,-0.00013977661728858948,34.67192077636719,34.67484664916992,0.9783704280853271,0.978286623954773,0.03773946315050125,0.03787923976778984,62.5338134765625,0,2361737,0,0,101013,,,
hotdog,hotdog,107,selected_coord18_conic20_opacity8_rgb10,20,full_pd_guard,0.00966644287109375,0.00012642145156860352,-0.0001262463629245758,33.76317596435547,33.753509521484375,0.9755070805549622,0.9753806591033936,0.039854660630226135,0.03998090699315071,62.65282440185547,0,2407455,0,0,98070,,,
hotdog,hotdog,108,selected_coord18_conic20_opacity8_rgb10,20,full_pd_guard,-0.011226654052734375,4.112720489501953e-05,-0.00018232688307762146,33.165924072265625,33.17715072631836,0.9730387926101685,0.9729976654052734,0.04239695519208908,0.0425792820751667,62.62150573730469,0,2461549,0,0,102693,,,
hotdog,hotdog,109,selected_coord18_conic20_opacity8_rgb10,20,full_pd_guard,-0.002590179443359375,7.903575897216797e-05,-0.00023234635591506958,32.94248580932617,32.94507598876953,0.9715519547462463,0.9714729189872742,0.04402126744389534,0.04425361379981041,62.620338439941406,0,2512285,0,0,109584,,,
hotdog,hotdog,110,selected_coord18_conic20_opacity8_rgb10,20,full_pd_guard,-0.0059356689453125,3.3795833587646484e-05,-0.00016003847122192383,32.97486877441406,32.980804443359375,0.9712823033332825,0.9712485074996948,0.0460674911737442,0.046227529644966125,62.538692474365234,0,2566233,0,0,80308,,,
hotdog,hotdog,111,selected_coord18_conic20_opacity8_rgb10,20,full_pd_guard,-0.007694244384765625,-1.3113021850585938e-06,-0.0001484602689743042,33.473541259765625,33.48123550415039,0.9720061421394348,0.9720074534416199,0.046644046902656555,0.04679250717163086,62.56541061401367,0,2616663,0,0,85895,,,
hotdog,hotdog,112,selected_coord18_conic20_opacity8_rgb10,20,full_pd_guard,0.001567840576171875,1.9788742065429688e-05,-0.00019845739006996155,34.433467864990234,34.43190002441406,0.9744263291358948,0.9744065403938293,0.0462983213365078,0.04649677872657776,62.05735397338867,0,2666886,0,0,86894,,,
hotdog,hotdog,113,selected_coord18_conic20_opacity8_rgb10,20,full_pd_guard,0.00890350341796875,5.5849552154541016e-05,-9.887292981147766e-05,34.97992706298828,34.97102355957031,0.9761520028114319,0.9760961532592773,0.046924322843551636,0.04702319577336311,62.20928192138672,0,2716199,0,0,101100,,,
hotdog,hotdog,114,selected_coord18_conic20_opacity8_rgb10,20,full_pd_guard,-0.001903533935546875,1.6689300537109375e-06,-0.00019139796495437622,34.55351257324219,34.555416107177734,0.9753569960594177,0.975355327129364,0.04775824397802353,0.047949641942977905,62.31855010986328,0,2762760,0,0,94859,,,
hotdog,hotdog,115,selected_coord18_conic20_opacity8_rgb10,20,full_pd_guard,0.003421783447265625,4.404783248901367e-05,-7.408112287521362e-05,33.55465316772461,33.551231384277344,0.9728845357894897,0.9728404879570007,0.049804650247097015,0.04987873136997223,62.471954345703125,0,2811092,0,0,117675,,,
hotdog,hotdog,116,selected_coord18_conic20_opacity8_rgb10,20,full_pd_guard,-0.006015777587890625,5.227327346801758e-05,-0.00016636773943901062,32.252723693847656,32.25873947143555,0.9705315232276917,0.9704792499542236,0.05165334418416023,0.05181971192359924,62.305885314941406,0,2858940,0,0,101040,,,
hotdog,hotdog,117,selected_coord18_conic20_opacity8_rgb10,20,full_pd_guard,-0.0030040740966796875,5.257129669189453e-05,-0.00014081597328186035,30.823774337768555,30.826778411865234,0.9686861038208008,0.9686335325241089,0.05434093624353409,0.05448175221681595,62.52827072143555,0,2905977,0,0,99745,,,
hotdog,hotdog,118,selected_coord18_conic20_opacity8_rgb10,20,full_pd_guard,-0.005382537841796875,3.0994415283203125e-05,-0.0002045370638370514,30.892684936523438,30.898067474365234,0.9682614207267761,0.9682304263114929,0.05553510785102844,0.055739644914865494,62.484397888183594,0,2952728,0,0,73479,,,
hotdog,hotdog,119,selected_coord18_conic20_opacity8_rgb10,20,full_pd_guard,-0.01123046875,2.396106719970703e-05,-0.0002918653190135956,30.596389770507812,30.607620239257812,0.9680432677268982,0.9680193066596985,0.05551930516958237,0.05581117048859596,62.388668060302734,0,2999630,0,0,82668,,,
hotdog,hotdog,120,selected_coord18_conic20_opacity8_rgb10,20,full_pd_guard,-0.000274658203125,7.522106170654297e-05,-0.00024433061480522156,30.391738891601562,30.392013549804688,0.9675964713096619,0.9675212502479553,0.05634751543402672,0.05659184604883194,62.19010543823242,0,3049667,0,0,104962,,,
hotdog,hotdog,121,selected_coord18_conic20_opacity8_rgb10,20,full_pd_guard,-0.011907577514648438,5.1021575927734375e-05,-0.0002210959792137146,30.580429077148438,30.592336654663086,0.9680627584457397,0.968011736869812,0.056797683238983154,0.05701877921819687,62.459495544433594,0,3100233,0,0,87481,,,
hotdog,hotdog,122,selected_coord18_conic20_opacity8_rgb10,20,full_pd_guard,-0.001056671142578125,9.97781753540039e-05,-0.00024602189660072327,30.982784271240234,30.983840942382812,0.9689498543739319,0.9688500761985779,0.057670604437589645,0.05791662633419037,61.95569610595703,0,3144144,0,0,92441,,,
hotdog,hotdog,123,selected_coord18_conic20_opacity8_rgb10,20,full_pd_guard,-0.00089263916015625,4.690885543823242e-05,-0.0001905970275402069,31.872840881347656,31.873733520507812,0.9700018763542175,0.9699549674987793,0.057960234582424164,0.05815083160996437,62.18235397338867,0,3182496,0,0,107014,,,
hotdog,hotdog,124,selected_coord18_conic20_opacity8_rgb10,20,full_pd_guard,0.003658294677734375,7.295608520507812e-05,-8.906051516532898e-05,32.27689743041992,32.27323913574219,0.9697321653366089,0.9696592092514038,0.05750168859958649,0.057590749114751816,62.37643051147461,0,3229895,0,0,130170,,,
hotdog,hotdog,125,selected_coord18_conic20_opacity8_rgb10,20,full_pd_guard,0.004730224609375,5.716085433959961e-05,-8.99285078048706e-05,32.35981750488281,32.35508728027344,0.969504714012146,0.9694475531578064,0.056789711117744446,0.056879639625549316,62.32265853881836,0,3275063,0,0,86179,,,
hotdog,hotdog,126,selected_coord18_conic20_opacity8_rgb10,20,full_pd_guard,-0.007808685302734375,2.86102294921875e-05,-0.0001415163278579712,32.143653869628906,32.15146255493164,0.971398651599884,0.9713700413703918,0.0567103773355484,0.05685189366340637,62.30933380126953,0,3311199,0,0,104895,,,
hotdog,hotdog,127,selected_coord18_conic20_opacity8_rgb10,20,full_pd_guard,-0.018762588500976562,-2.0325183868408203e-05,-0.0001589953899383545,31.802471160888672,31.82123374938965,0.9726244807243347,0.9726448059082031,0.056494615972042084,0.05665361136198044,61.93012619018555,0,3345884,0,0,77437,,,
hotdog,hotdog,128,selected_coord18_conic20_opacity8_rgb10,20,full_pd_guard,-0.018138885498046875,-2.1219253540039062e-05,-0.00010215118527412415,32.60787582397461,32.626014709472656,0.974790632724762,0.974811851978302,0.05434123054146767,0.05444338172674179,62.084129333496094,0,3378878,0,0,97027,,,
hotdog,hotdog,129,selected_coord18_conic20_opacity8_rgb10,20,full_pd_guard,-0.017795562744140625,-2.491474151611328e-05,-0.00018327683210372925,33.72651290893555,33.74430847167969,0.9766290187835693,0.9766539335250854,0.051233768463134766,0.051417045295238495,61.690635681152344,0,3412342,0,0,90321,,,
hotdog,hotdog,130,selected_coord18_conic20_opacity8_rgb10,20,full_pd_guard,-0.028961181640625,-2.8789043426513672e-05,-0.00017534568905830383,35.211585998535156,35.24054718017578,0.978424072265625,0.9784528613090515,0.04834374785423279,0.04851909354329109,61.68098449707031,0,3442087,0,0,102430,,,
hotdog,hotdog,131,selected_coord18_conic20_opacity8_rgb10,20,full_pd_guard,-0.027584075927734375,-4.2378902435302734e-05,-0.00018017739057540894,36.28097915649414,36.308563232421875,0.9794466495513916,0.9794890284538269,0.046595267951488495,0.046775445342063904,61.56595993041992,0,3462739,0,0,111785,,,
hotdog,hotdog,132,selected_coord18_conic20_opacity8_rgb10,20,full_pd_guard,-0.024143218994140625,-4.655122756958008e-05,-0.0002821125090122223,36.309043884277344,36.333187103271484,0.9795957207679749,0.9796422719955444,0.04684065282344818,0.0471227653324604,61.67302703857422,0,3485383,0,0,115764,,,
hotdog,hotdog,133,selected_coord18_conic20_opacity8_rgb10,20,full_pd_guard,-0.040538787841796875,-7.873773574829102e-05,-0.00015953555703163147,36.38999557495117,36.43053436279297,0.9789735078811646,0.9790522456169128,0.0465727299451828,0.04673226550221443,61.31571960449219,0,3505547,0,0,86998,,,
hotdog,hotdog,134,selected_coord18_conic20_opacity8_rgb10,20,full_pd_guard,-0.032382965087890625,-5.173683166503906e-05,-9.867548942565918e-05,36.605377197265625,36.637760162353516,0.978879451751709,0.978931188583374,0.04683031514286995,0.04692899063229561,61.41162109375,0,3522538,0,0,92473,,,
hotdog,hotdog,135,selected_coord18_conic20_opacity8_rgb10,20,full_pd_guard,-0.025417327880859375,-3.987550735473633e-05,-0.00010428950190544128,36.9527587890625,36.97817611694336,0.9791944026947021,0.9792342782020569,0.04592108726501465,0.04602537676692009,61.323081970214844,0,3538952,0,0,101968,,,
hotdog,hotdog,136,selected_coord18_conic20_opacity8_rgb10,20,full_pd_guard,-0.021148681640625,-3.0994415283203125e-05,-0.00024024024605751038,37.377471923828125,37.39862060546875,0.9799908399581909,0.9800218343734741,0.04392634332180023,0.04416658356785774,61.161781311035156,0,3556796,0,0,92231,,,
hotdog,hotdog,137,selected_coord18_conic20_opacity8_rgb10,20,full_pd_guard,-0.0261383056640625,-4.0650367736816406e-05,-0.00014559179544448853,37.9713134765625,37.99745178222656,0.981130063533783,0.9811707139015198,0.0416070893406868,0.04175268113613129,61.150604248046875,0,3572501,0,0,103667,,,
hotdog,hotdog,138,selected_coord18_conic20_opacity8_rgb10,20,full_pd_guard,-0.019134521484375,-3.838539123535156e-05,-0.0001147054135799408,38.461181640625,38.480316162109375,0.9818001389503479,0.9818385243415833,0.03940783068537712,0.03952253609895706,60.95092010498047,0,3587521,0,0,87796,,,
hotdog,hotdog,139,selected_coord18_conic20_opacity8_rgb10,20,full_pd_guard,-0.01788330078125,-4.976987838745117e-05,-0.00016718357801437378,38.227447509765625,38.245330810546875,0.9812730550765991,0.9813228249549866,0.03890544921159744,0.039072632789611816,60.76515197753906,0,3607070,0,0,98504,,,
hotdog,hotdog,140,selected_coord18_conic20_opacity8_rgb10,20,full_pd_guard,-0.014324188232421875,-4.112720489501953e-05,-0.00012425333261489868,37.460994720458984,37.475318908691406,0.9797099232673645,0.9797510504722595,0.04005958139896393,0.04018383473157883,60.62298583984375,0,3626652,0,0,102844,,,
hotdog,hotdog,141,selected_coord18_conic20_opacity8_rgb10,20,full_pd_guard,-0.02556610107421875,-5.900859832763672e-05,-0.0001786351203918457,37.07318115234375,37.09874725341797,0.9781700372695923,0.9782290458679199,0.04068172723054886,0.040860362350940704,60.531105041503906,0,3650563,0,0,112576,,,
hotdog,hotdog,142,selected_coord18_conic20_opacity8_rgb10,20,full_pd_guard,-0.0156097412109375,-5.364418029785156e-05,-0.00010131299495697021,36.67805480957031,36.69366455078125,0.9768728017807007,0.9769264459609985,0.04163570702075958,0.04173702001571655,60.51325988769531,0,3676598,0,0,115295,,,
hotdog,hotdog,143,selected_coord18_conic20_opacity8_rgb10,20,full_pd_guard,-0.01451873779296875,-6.604194641113281e-05,-0.0001708976924419403,36.442352294921875,36.456871032714844,0.9761932492256165,0.9762592911720276,0.04159193113446236,0.0417628288269043,60.379966735839844,0,3709322,0,0,105632,,,
hotdog,hotdog,144,selected_coord18_conic20_opacity8_rgb10,20,full_pd_guard,-0.00664520263671875,-5.412101745605469e-05,-0.00010286271572113037,36.37047576904297,36.37712097167969,0.9756408929824829,0.975695013999939,0.04216738045215607,0.0422702431678772,59.93125534057617,0,3748647,0,0,119077,,,
hotdog,hotdog,145,selected_coord18_conic20_opacity8_rgb10,20,full_pd_guard,-0.0114288330078125,-5.7756900787353516e-05,-8.00788402557373e-05,36.323272705078125,36.33470153808594,0.9759621024131775,0.9760198593139648,0.04038604348897934,0.04046612232923508,59.889892578125,0,3796180,0,0,106495,,,
hotdog,hotdog,146,selected_coord18_conic20_opacity8_rgb10,20,full_pd_guard,-0.012081146240234375,-7.516145706176758e-05,-9.224563837051392e-05,36.36811065673828,36.380191802978516,0.9760717749595642,0.976146936416626,0.04058893024921417,0.040681175887584686,59.98999786376953,0,3844801,0,0,113959,,,
hotdog,hotdog,147,selected_coord18_conic20_opacity8_rgb10,20,full_pd_guard,-0.025768280029296875,-7.236003875732422e-05,-0.00010127946734428406,36.39321517944336,36.418983459472656,0.9764739871025085,0.9765463471412659,0.03920666500926018,0.03930794447660446,59.82160568237305,0,3901870,0,0,116091,,,
hotdog,hotdog,148,selected_coord18_conic20_opacity8_rgb10,20,full_pd_guard,-0.020778656005859375,-5.698204040527344e-05,-6.988272070884705e-05,36.532073974609375,36.552852630615234,0.9766103029251099,0.9766672849655151,0.03853294253349304,0.03860282525420189,59.86567306518555,0,3971342,0,0,136800,,,
hotdog,hotdog,149,selected_coord18_conic20_opacity8_rgb10,20,full_pd_guard,-0.022613525390625,-7.259845733642578e-05,-2.5402754545211792e-05,36.33964538574219,36.36225891113281,0.9760594964027405,0.9761320948600769,0.03842063993215561,0.03844604268670082,59.5361328125,0,4045009,0,0,121594,,,
hotdog,hotdog,150,selected_coord18_conic20_opacity8_rgb10,20,full_pd_guard,-0.017742156982421875,-6.270408630371094e-05,-5.476921796798706e-05,36.23455810546875,36.25230026245117,0.9757974147796631,0.9758601188659668,0.03852168470621109,0.03857645392417908,59.64481735229492,0,4121078,0,0,132491,,,
hotdog,hotdog,151,selected_coord18_conic20_opacity8_rgb10,20,full_pd_guard,-0.021514892578125,-0.00010132789611816406,-0.00011123716831207275,36.48014831542969,36.50166320800781,0.9761451482772827,0.9762464761734009,0.03767723962664604,0.037788476794958115,59.65666961669922,0,4171467,0,0,115163,,,
hotdog,hotdog,152,selected_coord18_conic20_opacity8_rgb10,20,full_pd_guard,-0.0239105224609375,-9.709596633911133e-05,-7.447972893714905e-05,36.746070861816406,36.769981384277344,0.9769712090492249,0.977068305015564,0.037788692861795425,0.037863172590732574,59.409751892089844,0,4221216,0,0,119164,,,
hotdog,hotdog,153,selected_coord18_conic20_opacity8_rgb10,20,full_pd_guard,-0.01287841796875,-5.4895877838134766e-05,-0.00015115737915039062,37.13591003417969,37.14878845214844,0.9778664112091064,0.9779213070869446,0.03720669448375702,0.03735785186290741,59.41067123413086,0,4260108,0,0,144097,,,
hotdog,hotdog,154,selected_coord18_conic20_opacity8_rgb10,20,full_pd_guard,-0.022861480712890625,-9.655952453613281e-05,-0.0001507103443145752,37.182884216308594,37.205745697021484,0.9781582951545715,0.9782548546791077,0.03819334879517555,0.03834405913949013,59.42151641845703,0,4293352,0,0,134863,,,
hotdog,hotdog,155,selected_coord18_conic20_opacity8_rgb10,20,full_pd_guard,-0.0357666015625,-0.00010287761688232422,-0.00019427761435508728,37.235782623291016,37.271549224853516,0.9779590368270874,0.9780619144439697,0.03795864060521126,0.038152918219566345,59.25168991088867,0,4317300,0,0,128598,,,
hotdog,hotdog,156,selected_coord18_conic20_opacity8_rgb10,20,full_pd_guard,-0.0264129638671875,-7.593631744384766e-05,-0.00015974044799804688,37.395843505859375,37.42225646972656,0.9784407615661621,0.978516697883606,0.03832712769508362,0.038486868143081665,59.367088317871094,0,4349481,0,0,137219,,,
hotdog,hotdog,157,selected_coord18_conic20_opacity8_rgb10,20,full_pd_guard,-0.02820587158203125,-9.101629257202148e-05,-0.0001668781042098999,37.480308532714844,37.508514404296875,0.9786121249198914,0.9787031412124634,0.03874371200799942,0.03891059011220932,58.791648864746094,0,4377910,0,0,114822,,,
hotdog,hotdog,158,selected_coord18_conic20_opacity8_rgb10,20,full_pd_guard,-0.03357696533203125,-8.70823860168457e-05,-0.00018862634897232056,37.71424865722656,37.747825622558594,0.9788687825202942,0.978955864906311,0.03876626491546631,0.03895489126443863,58.70934295654297,0,4406520,0,0,150424,,,
hotdog,hotdog,159,selected_coord18_conic20_opacity8_rgb10,20,full_pd_guard,-0.03188323974609375,-9.697675704956055e-05,-0.00010086223483085632,37.99829864501953,38.030181884765625,0.9790675640106201,0.9791645407676697,0.039295755326747894,0.03939661756157875,58.912994384765625,0,4435831,0,0,135159,,,
hotdog,hotdog,160,selected_coord18_conic20_opacity8_rgb10,20,full_pd_guard,-0.033905029296875,-9.578466415405273e-05,-5.6743621826171875e-05,38.093284606933594,38.12718963623047,0.9790094494819641,0.9791052341461182,0.03951732814311981,0.039574071764945984,58.8774528503418,0,4464542,0,0,112524,,,
hotdog,hotdog,161,selected_coord18_conic20_opacity8_rgb10,20,full_pd_guard,-0.02346038818359375,-9.381771087646484e-05,-0.0001382380723953247,37.99131774902344,38.01477813720703,0.9784610867500305,0.978554904460907,0.04058414325118065,0.040722381323575974,58.983245849609375,0,4490067,0,0,140630,,,
hotdog,hotdog,162,selected_coord18_conic20_opacity8_rgb10,20,full_pd_guard,-0.02893829345703125,-9.85264778137207e-05,-0.0001286342740058899,37.92405700683594,37.95299530029297,0.9779268503189087,0.9780253767967224,0.0427820160984993,0.04291065037250519,58.90430450439453,0,4513880,0,0,109144,,,
hotdog,hotdog,163,selected_coord18_conic20_opacity8_rgb10,20,full_pd_guard,-0.026844024658203125,-9.554624557495117e-05,-9.88394021987915e-05,37.9283332824707,37.955177307128906,0.9776551127433777,0.9777506589889526,0.0426480695605278,0.04274690896272659,58.86475372314453,0,4542264,0,0,139912,,,
hotdog,hotdog,164,selected_coord18_conic20_opacity8_rgb10,20,full_pd_guard,-0.0220794677734375,-8.302927017211914e-05,-0.00019125640392303467,37.81163024902344,37.833709716796875,0.9768884778022766,0.9769715070724487,0.04510498046875,0.045296236872673035,58.99650192260742,0,4567953,0,0,126843,,,
hotdog,hotdog,165,selected_coord18_conic20_opacity8_rgb10,20,full_pd_guard,-0.037139892578125,-9.864568710327148e-05,-0.00011304020881652832,37.708919525146484,37.74605941772461,0.9762380123138428,0.976336658000946,0.04517374932765961,0.045286789536476135,58.51484298706055,0,4597236,0,0,148413,,,
hotdog,hotdog,166,selected_coord18_conic20_opacity8_rgb10,20,full_pd_guard,-0.021335601806640625,-8.219480514526367e-05,-0.00016342848539352417,37.72857666015625,37.74991226196289,0.9758156538009644,0.9758978486061096,0.04499341547489166,0.04515684396028519,58.748992919921875,0,4626396,0,0,159990,,,
hotdog,hotdog,167,selected_coord18_conic20_opacity8_rgb10,20,full_pd_guard,-0.040126800537109375,-0.00010502338409423828,-4.795193672180176e-05,37.64960479736328,37.68973159790039,0.9752987623214722,0.9754037857055664,0.046388037502765656,0.04643598943948746,58.34321212768555,0,4659830,0,0,202250,,,
hotdog,hotdog,168,selected_coord18_conic20_opacity8_rgb10,20,full_pd_guard,-0.03173065185546875,-0.00010657310485839844,-0.00014735758304595947,37.66860580444336,37.70033645629883,0.9750630855560303,0.9751696586608887,0.04593491554260254,0.0460822731256485,58.65399169921875,0,4686046,0,0,190618,,,
hotdog,hotdog,169,selected_coord18_conic20_opacity8_rgb10,20,full_pd_guard,-0.039081573486328125,-0.00010436773300170898,-0.00019730255007743835,37.50419616699219,37.543277740478516,0.9745503067970276,0.9746546745300293,0.047040801495313644,0.04723810404539108,58.61639404296875,0,4720449,0,0,188592,,,
hotdog,hotdog,170,selected_coord18_conic20_opacity8_rgb10,20,full_pd_guard,-0.04300689697265625,-0.00011742115020751953,-0.00018976256251335144,37.52887725830078,37.57188415527344,0.9741769433021545,0.9742943644523621,0.04777492210268974,0.047964684665203094,58.493980407714844,0,4754911,0,0,240645,,,
hotdog,hotdog,171,selected_coord18_conic20_opacity8_rgb10,20,full_pd_guard,-0.04801177978515625,-0.0001207590103149414,-0.00017479807138442993,37.40373229980469,37.451744079589844,0.9737933874130249,0.9739141464233398,0.04750168323516846,0.04767648130655289,58.50661849975586,0,4796876,0,0,230561,,,
hotdog,hotdog,172,selected_coord18_conic20_opacity8_rgb10,20,full_pd_guard,-0.03241729736328125,-0.00010472536087036133,-0.00018467754125595093,37.42388916015625,37.45630645751953,0.9736767411231995,0.9737814664840698,0.047951482236385345,0.048136159777641296,58.479454040527344,0,4839326,0,0,251015,,,
hotdog,hotdog,173,selected_coord18_conic20_opacity8_rgb10,20,full_pd_guard,-0.03986358642578125,-0.00011610984802246094,-0.00022893771529197693,37.35597229003906,37.395835876464844,0.9733015298843384,0.9734176397323608,0.0482729934155941,0.04850193113088608,58.33083724975586,0,4877177,0,0,228678,,,
hotdog,hotdog,174,selected_coord18_conic20_opacity8_rgb10,20,full_pd_guard,-0.032070159912109375,-0.00010693073272705078,-0.00015619397163391113,37.24473190307617,37.27680206298828,0.9729387760162354,0.9730457067489624,0.048382677137851715,0.048538871109485626,58.4221305847168,0,4914953,0,0,209310,,,
hotdog,hotdog,175,selected_coord18_conic20_opacity8_rgb10,20,full_pd_guard,-0.031742095947265625,-0.00011336803436279297,-0.00013034790754318237,37.30849838256836,37.340240478515625,0.9726091623306274,0.9727225303649902,0.04798140749335289,0.04811175540089607,58.27521896362305,0,4942048,0,0,172198,,,
hotdog,hotdog,176,selected_coord18_conic20_opacity8_rgb10,20,full_pd_guard,-0.014919281005859375,-0.00010073184967041016,-7.758289575576782e-05,37.11993408203125,37.13485336303711,0.9721352458000183,0.9722359776496887,0.048504605889320374,0.04858218878507614,58.421043395996094,0,4938927,0,0,190562,,,
hotdog,hotdog,177,selected_coord18_conic20_opacity8_rgb10,20,full_pd_guard,-0.031612396240234375,-0.00011742115020751953,-8.210912346839905e-05,37.02986526489258,37.06147766113281,0.9719967842102051,0.9721142053604126,0.04838445037603378,0.04846655949950218,58.231231689453125,0,4911153,0,0,209346,,,
hotdog,hotdog,178,selected_coord18_conic20_opacity8_rgb10,20,full_pd_guard,-0.0309600830078125,-0.0001175999641418457,-7.64504075050354e-05,36.951446533203125,36.98240661621094,0.9716574549674988,0.9717750549316406,0.04891641438007355,0.04899286478757858,58.312217712402344,0,4866692,0,0,193935,,,
hotdog,hotdog,179,selected_coord18_conic20_opacity8_rgb10,20,full_pd_guard,-0.0296173095703125,-0.00011879205703735352,-5.4605305194854736e-05,36.86961364746094,36.89923095703125,0.9714211225509644,0.9715399146080017,0.04868759959936142,0.048742204904556274,58.466365814208984,0,4819510,0,0,174233,,,
hotdog,hotdog,180,selected_coord18_conic20_opacity8_rgb10,20,full_pd_guard,-0.026458740234375,-0.00011593103408813477,-0.00017458945512771606,36.876949310302734,36.90340805053711,0.9715027213096619,0.97161865234375,0.048341043293476105,0.04851563274860382,58.491485595703125,0,4768004,0,0,168924,,,
hotdog,hotdog,181,selected_coord18_conic20_opacity8_rgb10,20,full_pd_guard,-0.03125762939453125,-9.85860824584961e-05,-7.700547575950623e-05,36.87024688720703,36.90150451660156,0.9718080759048462,0.9719066619873047,0.04771016165614128,0.04778716713190079,58.5733642578125,0,4713353,0,0,175621,,,
hotdog,hotdog,182,selected_coord18_conic20_opacity8_rgb10,20,full_pd_guard,-0.0243682861328125,-0.00012725591659545898,-0.00012376531958580017,36.884735107421875,36.90910339355469,0.9718535542488098,0.9719808101654053,0.04735550656914711,0.04747927188873291,58.5886344909668,0,4655321,0,0,182349,,,
hotdog,hotdog,183,selected_coord18_conic20_opacity8_rgb10,20,full_pd_guard,-0.024776458740234375,-0.00011372566223144531,-3.1363219022750854e-05,36.934139251708984,36.95891571044922,0.9721136689186096,0.9722273945808411,0.046140238642692566,0.04617160186171532,58.555511474609375,0,4599582,0,0,197593,,,
hotdog,hotdog,184,selected_coord18_conic20_opacity8_rgb10,20,full_pd_guard,-0.0191802978515625,-8.845329284667969e-05,-7.371604442596436e-05,36.93218994140625,36.95137023925781,0.9723758697509766,0.9724643230438232,0.04576367512345314,0.045837391167879105,58.79353332519531,0,4549314,0,0,164548,,,
hotdog,hotdog,185,selected_coord18_conic20_opacity8_rgb10,20,full_pd_guard,-0.027099609375,-0.00010973215103149414,-6.0789287090301514e-05,36.919673919677734,36.946773529052734,0.9725787043571472,0.9726884365081787,0.044296279549598694,0.044357068836688995,58.87603759765625,0,4498032,0,0,148260,,,
hotdog,hotdog,186,selected_coord18_conic20_opacity8_rgb10,20,full_pd_guard,-0.028804779052734375,-9.244680404663086e-05,-6.238743662834167e-05,36.87870407104492,36.907508850097656,0.9729893207550049,0.9730817675590515,0.044643525034189224,0.044705912470817566,58.66706848144531,0,4453383,0,0,116303,,,
hotdog,hotdog,187,selected_coord18_conic20_opacity8_rgb10,20,full_pd_guard,-0.0244903564453125,-9.745359420776367e-05,-8.023157715797424e-05,36.743202209472656,36.76769256591797,0.9728705286979675,0.9729679822921753,0.04374711215496063,0.04382734373211861,58.8975830078125,0,4411580,0,0,134656,,,
hotdog,hotdog,188,selected_coord18_conic20_opacity8_rgb10,20,full_pd_guard,-0.019634246826171875,-0.00011473894119262695,-3.7282705307006836e-05,36.515262603759766,36.53489685058594,0.9725967049598694,0.972711443901062,0.04375993460416794,0.043797217309474945,58.662715911865234,0,4371460,0,0,127108,,,
hotdog,hotdog,189,selected_coord18_conic20_opacity8_rgb10,20,full_pd_guard,-0.020782470703125,-9.41157341003418e-05,-7.45430588722229e-06,36.453346252441406,36.47412872314453,0.972678005695343,0.9727721214294434,0.04397616162896156,0.043983615934848785,58.78509521484375,0,4338041,0,0,140133,,,
hotdog,hotdog,190,selected_coord18_conic20_opacity8_rgb10,20,full_pd_guard,-0.01398468017578125,-7.236003875732422e-05,-0.0001675933599472046,36.31414794921875,36.32813262939453,0.9725570678710938,0.9726294279098511,0.044623926281929016,0.04479151964187622,59.03849792480469,0,4314018,0,0,142607,,,
hotdog,hotdog,191,selected_coord18_conic20_opacity8_rgb10,20,full_pd_guard,-0.02579498291015625,-0.00011241436004638672,-5.438178777694702e-05,36.32160186767578,36.34739685058594,0.9725243449211121,0.9726367592811584,0.044889211654663086,0.04494359344244003,58.83683395385742,0,4298944,0,0,123399,,,
hotdog,hotdog,192,selected_coord18_conic20_opacity8_rgb10,20,full_pd_guard,-0.023468017578125,-0.0001119375228881836,-8.471682667732239e-05,36.25555419921875,36.279022216796875,0.9728600382804871,0.9729719758033752,0.043810371309518814,0.043895088136196136,58.912261962890625,0,4290214,0,0,179647,,,
hotdog,hotdog,193,selected_coord18_conic20_opacity8_rgb10,20,full_pd_guard,-0.0155181884765625,-8.791685104370117e-05,6.571412086486816e-06,36.220088958740234,36.2356071472168,0.9729569554328918,0.9730448722839355,0.04466883838176727,0.044662266969680786,58.687950134277344,0,4288017,0,0,138692,,,
hotdog,hotdog,194,selected_coord18_conic20_opacity8_rgb10,20,full_pd_guard,-0.015026092529296875,-8.362531661987305e-05,-6.669014692306519e-05,36.22478103637695,36.23980712890625,0.9730234742164612,0.973107099533081,0.044418491423130035,0.0444851815700531,58.81007385253906,0,4295035,0,0,107518,,,
hotdog,hotdog,195,selected_coord18_conic20_opacity8_rgb10,20,full_pd_guard,-0.007080078125,-8.96453857421875e-05,-0.00012567639350891113,36.245330810546875,36.252410888671875,0.9730077385902405,0.9730973839759827,0.04478181153535843,0.04490748792886734,58.57908248901367,0,4310633,0,0,95321,,,
hotdog,hotdog,196,selected_coord18_conic20_opacity8_rgb10,20,full_pd_guard,-0.016078948974609375,-8.916854858398438e-05,-0.00011388957500457764,36.23090744018555,36.246986389160156,0.9728480577468872,0.9729372262954712,0.045369818806648254,0.04548370838165283,58.80243682861328,0,4346799,0,0,118180,,,
hotdog,hotdog,197,selected_coord18_conic20_opacity8_rgb10,20,full_pd_guard,-0.026073455810546875,-0.00010222196578979492,2.868473529815674e-07,36.243133544921875,36.26920700073242,0.9729885458946228,0.9730907678604126,0.044904761016368866,0.044904474169015884,58.674766540527344,0,4387665,0,0,126193,,,
hotdog,hotdog,198,selected_coord18_conic20_opacity8_rgb10,20,full_pd_guard,-0.0171356201171875,-9.304285049438477e-05,6.828084588050842e-05,36.04253387451172,36.059669494628906,0.972346305847168,0.9724393486976624,0.04590190201997757,0.04583362117409706,58.88386154174805,0,4426317,0,0,113384,,,
hotdog,hotdog,199,selected_coord18_conic20_opacity8_rgb10,20,full_pd_guard,-0.0164794921875,-9.167194366455078e-05,7.545948028564453e-05,35.956207275390625,35.972686767578125,0.972083330154419,0.9721750020980835,0.04598992317914963,0.04591446369886398,58.637107849121094,0,4466964,0,0,122422,,,
lego,lego,1,selected_coord18_conic20_opacity8_rgb10,20,full_pd_guard,-0.00286865234375,-0.0001119375228881836,3.5509467124938965e-05,27.620595932006836,27.623464584350586,0.9578642249107361,0.9579761624336243,0.0652923434972763,0.06525683403015137,55.79554748535156,0,4288277,0,0,172608,,,
lego,lego,2,selected_coord18_conic20_opacity8_rgb10,20,full_pd_guard,-0.0024089813232421875,-8.52346420288086e-05,-4.626810550689697e-05,25.36250877380371,25.364917755126953,0.9534998536109924,0.9535850882530212,0.06967520713806152,0.06972147524356842,56.2386474609375,0,4145280,0,0,180556,,,
lego,lego,3,selected_coord18_conic20_opacity8_rgb10,20,full_pd_guard,-0.0050296783447265625,-0.00010520219802856445,7.369369268417358e-05,24.875072479248047,24.880102157592773,0.9505833387374878,0.9506885409355164,0.06956005841493607,0.06948636472225189,56.13798522949219,0,3980559,0,0,184593,,,
lego,lego,4,selected_coord18_conic20_opacity8_rgb10,20,full_pd_guard,-0.000736236572265625,-5.4776668548583984e-05,-7.987022399902344e-06,25.293163299560547,25.293899536132812,0.9488282799720764,0.948883056640625,0.06852810084819794,0.06853608787059784,56.392181396484375,0,3847376,0,0,188823,,,
lego,lego,5,selected_coord18_conic20_opacity8_rgb10,20,full_pd_guard,-0.007951736450195312,-8.094310760498047e-05,3.7960708141326904e-05,27.117557525634766,27.12550926208496,0.9497440457344055,0.9498249888420105,0.06662620604038239,0.06658824533224106,56.37962341308594,0,3757762,0,0,189638,,,
lego,lego,6,selected_coord18_conic20_opacity8_rgb10,20,full_pd_guard,-0.003734588623046875,-6.157159805297852e-05,-5.250424146652222e-05,27.892444610595703,27.89617919921875,0.9493143558502197,0.9493759274482727,0.06637483090162277,0.0664273351430893,56.583099365234375,0,3678839,0,0,162541,,,
lego,lego,7,selected_coord18_conic20_opacity8_rgb10,20,full_pd_guard,-0.0002651214599609375,-3.337860107421875e-05,1.4156103134155273e-06,27.774200439453125,27.774465560913086,0.9477766752243042,0.9478100538253784,0.0673462450504303,0.06734482944011688,56.27925109863281,0,3612700,0,0,181821,,,
lego,lego,8,selected_coord18_conic20_opacity8_rgb10,20,full_pd_guard,-0.001995086669921875,-0.00010979175567626953,-1.5273690223693848e-05,26.172927856445312,26.174922943115234,0.947467565536499,0.9475773572921753,0.06720119714736938,0.06721647083759308,56.25425338745117,0,3565597,0,0,160782,,,
lego,lego,9,selected_coord18_conic20_opacity8_rgb10,20,full_pd_guard,-0.004283905029296875,-0.00010669231414794922,5.338340997695923e-05,24.72268295288086,24.726966857910156,0.9482017755508423,0.9483084678649902,0.07002227753400803,0.06996889412403107,56.20491027832031,0,3520667,0,0,169743,,,
lego,lego,10,selected_coord18_conic20_opacity8_rgb10,20,full_pd_guard,-0.002727508544921875,-5.7220458984375e-05,4.651397466659546e-05,24.438865661621094,24.441593170166016,0.9496567249298096,0.949713945388794,0.07013390958309174,0.07008739560842514,55.97102355957031,0,3494561,0,0,163468,,,
lego,lego,11,selected_coord18_conic20_opacity8_rgb10,20,full_pd_guard,-0.00394439697265625,-0.0001157522201538086,5.580484867095947e-05,24.833145141601562,24.83708953857422,0.9516763091087341,0.9517920613288879,0.06779742240905762,0.06774161756038666,55.88463592529297,0,3468057,0,0,151549,,,
lego,lego,12,selected_coord18_conic20_opacity8_rgb10,20,full_pd_guard,-0.0043354034423828125,-0.00010573863983154297,-3.591179847717285e-06,25.792110443115234,25.796445846557617,0.953173041343689,0.9532787799835205,0.06593961268663406,0.06594320386648178,55.984954833984375,0,3450297,0,0,169375,,,
lego,lego,13,selected_coord18_conic20_opacity8_rgb10,20,full_pd_guard,-0.009260177612304688,-0.00014126300811767578,8.287280797958374e-05,27.652786254882812,27.662046432495117,0.9558002948760986,0.9559415578842163,0.06280446797609329,0.06272159516811371,55.75621032714844,0,3445154,0,0,167283,,,
lego,lego,14,selected_coord18_conic20_opacity8_rgb10,20,full_pd_guard,-0.012523651123046875,-0.00010442733764648438,1.9323080778121948e-05,30.612640380859375,30.625164031982422,0.9590253829956055,0.959129810333252,0.060206107795238495,0.06018678471446037,55.775001525878906,0,3440225,0,0,200503,,,
lego,lego,15,selected_coord18_conic20_opacity8_rgb10,20,full_pd_guard,-0.01935577392578125,-0.00010848045349121094,-1.023709774017334e-05,33.08123016357422,33.1005859375,0.9612587094306946,0.9613671898841858,0.059216178953647614,0.05922641605138779,55.74992370605469,0,3445240,0,0,172317,,,
lego,lego,16,selected_coord18_conic20_opacity8_rgb10,20,full_pd_guard,-0.02852630615234375,-0.00013375282287597656,-8.14199447631836e-05,33.92223358154297,33.95075988769531,0.9628159999847412,0.9629497528076172,0.058130890130996704,0.05821231007575989,55.69804382324219,0,3460856,0,0,182742,,,
lego,lego,17,selected_coord18_conic20_opacity8_rgb10,20,full_pd_guard,-0.018619537353515625,-0.0001239776611328125,1.804158091545105e-05,33.94756317138672,33.966182708740234,0.9633373618125916,0.9634613394737244,0.05785715579986572,0.05783911421895027,55.700836181640625,0,3482031,0,0,179777,,,
lego,lego,18,selected_coord18_conic20_opacity8_rgb10,20,full_pd_guard,-0.020908355712890625,-0.00011140108108520508,-2.902001142501831e-05,33.59099578857422,33.61190414428711,0.9628170132637024,0.9629284143447876,0.06015846133232117,0.060187481343746185,55.50090026855469,0,3510419,0,0,171459,,,
lego,lego,19,selected_coord18_conic20_opacity8_rgb10,20,full_pd_guard,-0.0116729736328125,-0.00010269880294799805,-3.867596387863159e-05,33.02623748779297,33.03791046142578,0.9615862965583801,0.9616889953613281,0.06100327521562576,0.061041951179504395,55.363914489746094,0,3548519,0,0,158958,,,
lego,lego,20,selected_coord18_conic20_opacity8_rgb10,20,full_pd_guard,-0.01239013671875,-9.822845458984375e-05,-4.5102089643478394e-05,32.072933197021484,32.085323333740234,0.9605531096458435,0.9606513381004333,0.06084829941391945,0.06089340150356293,55.182247161865234,0,3606456,0,0,161923,,,
lego,lego,21,selected_coord18_conic20_opacity8_rgb10,20,full_pd_guard,-0.01177215576171875,-0.00012475252151489258,-7.580965757369995e-06,31.918407440185547,31.930179595947266,0.960359513759613,0.9604842662811279,0.06085452437400818,0.06086210533976555,55.1163444519043,0,3668976,0,0,190773,,,
lego,lego,22,selected_coord18_conic20_opacity8_rgb10,20,full_pd_guard,-0.012531280517578125,-0.00010454654693603516,-1.1917203664779663e-05,32.16453170776367,32.17706298828125,0.961133599281311,0.9612381458282471,0.0617704838514328,0.06178240105509758,55.15436935424805,0,3755029,0,0,200277,,,
lego,lego,23,selected_coord18_conic20_opacity8_rgb10,20,full_pd_guard,-0.014251708984375,-0.00013005733489990234,-1.1403113603591919e-05,32.44938278198242,32.4636344909668,0.9618303775787354,0.9619604349136353,0.06115476414561272,0.06116616725921631,55.121849060058594,0,3815041,0,0,165793,,,
lego,lego,24,selected_coord18_conic20_opacity8_rgb10,20,full_pd_guard,-0.02050018310546875,-0.00012123584747314453,-2.5015324354171753e-05,32.49658203125,32.51708221435547,0.9615197777748108,0.9616410136222839,0.06203029677271843,0.0620553120970726,54.971431732177734,0,3886075,0,0,180939,,,
lego,lego,25,selected_coord18_conic20_opacity8_rgb10,20,full_pd_guard,-0.013065338134765625,-9.375810623168945e-05,-1.580268144607544e-05,32.30835723876953,32.3214225769043,0.9605153799057007,0.9606091380119324,0.06351026892662048,0.06352607160806656,55.01388168334961,0,3922527,0,0,199821,,,
lego,lego,26,selected_coord18_conic20_opacity8_rgb10,20,full_pd_guard,-0.012523651123046875,-0.00010293722152709961,-2.650916576385498e-05,32.509700775146484,32.52222442626953,0.9609895944595337,0.9610925316810608,0.06266501545906067,0.06269152462482452,54.967857360839844,0,3839309,0,0,182349,,,
lego,lego,27,selected_coord18_conic20_opacity8_rgb10,20,full_pd_guard,-0.020763397216796875,-0.00014019012451171875,-1.9088387489318848e-05,32.57827377319336,32.599037170410156,0.961288571357727,0.9614287614822388,0.0623563677072525,0.06237545609474182,54.971248626708984,0,3750636,0,0,184967,,,
lego,lego,28,selected_coord18_conic20_opacity8_rgb10,20,full_pd_guard,-0.02762603759765625,-0.0001894831657409668,8.934363722801208e-05,32.42749786376953,32.45512390136719,0.9606143236160278,0.9608038067817688,0.06222139671444893,0.06213205307722092,54.94951629638672,0,3645151,0,0,157463,,,
lego,lego,29,selected_coord18_conic20_opacity8_rgb10,20,full_pd_guard,-0.01798248291015625,-9.930133819580078e-05,6.718188524246216e-05,32.073524475097656,32.09150695800781,0.9599653482437134,0.9600646495819092,0.05982349067926407,0.059756308794021606,54.871421813964844,0,3537498,0,0,167907,,,
lego,lego,30,selected_coord18_conic20_opacity8_rgb10,20,full_pd_guard,-0.0141754150390625,-0.0001157522201538086,8.925795555114746e-06,31.709463119506836,31.7236385345459,0.9591635465621948,0.9592792987823486,0.059150077402591705,0.05914115160703659,54.83390426635742,0,3457300,0,0,181868,,,
lego,lego,31,selected_coord18_conic20_opacity8_rgb10,20,full_pd_guard,-0.0091400146484375,-0.00010919570922851562,2.8736889362335205e-05,31.317779541015625,31.326919555664062,0.9575920701026917,0.9577012658119202,0.05944708734750748,0.05941835045814514,54.81986618041992,0,3394964,0,0,172963,,,
lego,lego,32,selected_coord18_conic20_opacity8_rgb10,20,full_pd_guard,-0.013029098510742188,-0.00011581182479858398,-8.231773972511292e-05,31.057403564453125,31.070432662963867,0.9565640687942505,0.9566798806190491,0.059121739119291306,0.05920405685901642,54.91157531738281,0,3338561,0,0,168602,,,
lego,lego,33,selected_coord18_conic20_opacity8_rgb10,20,full_pd_guard,-0.01523590087890625,-0.0001341104507446289,7.724761962890625e-05,31.149383544921875,31.16461944580078,0.9567193984985352,0.9568535089492798,0.05995135009288788,0.05987410247325897,55.019615173339844,0,3301393,0,0,183150,,,
lego,lego,34,selected_coord18_conic20_opacity8_rgb10,20,full_pd_guard,-0.01976776123046875,-0.00012224912643432617,1.3295561075210571e-05,31.416221618652344,31.435989379882812,0.9570133090019226,0.9571355581283569,0.058564137667417526,0.058550842106342316,55.017982482910156,0,3274866,0,0,178440,,,
lego,lego,35,selected_coord18_conic20_opacity8_rgb10,20,full_pd_guard,-0.022615432739257812,-0.0001544952392578125,-3.9830803871154785e-05,31.80856704711914,31.8311824798584,0.9572736024856567,0.9574280977249146,0.059958893805742264,0.05999872460961342,55.05695343017578,0,3251854,0,0,173850,,,
lego,lego,36,selected_coord18_conic20_opacity8_rgb10,20,full_pd_guard,-0.016048431396484375,-0.00013935565948486328,1.3660639524459839e-05,32.33341598510742,32.349464416503906,0.9586191773414612,0.958758533000946,0.06050802022218704,0.06049435958266258,55.18925094604492,0,3235396,0,0,157688,,,
lego,lego,37,selected_coord18_conic20_opacity8_rgb10,20,full_pd_guard,-0.014102935791015625,-0.00013196468353271484,0.00010039284825325012,32.769283294677734,32.78338623046875,0.9603268504142761,0.9604588150978088,0.06046702340245247,0.06036663055419922,55.133628845214844,0,3225623,0,0,145395,,,
lego,lego,38,selected_coord18_conic20_opacity8_rgb10,20,full_pd_guard,-0.00867462158203125,-0.00011181831359863281,-0.00014378875494003296,32.97526550292969,32.98394012451172,0.9613393545150757,0.9614511728286743,0.06136450171470642,0.061508290469646454,55.42371368408203,0,3224883,0,0,175066,,,
lego,lego,39,selected_coord18_conic20_opacity8_rgb10,20,full_pd_guard,-0.02492523193359375,-0.0001533031463623047,3.266334533691406e-05,33.260398864746094,33.28532409667969,0.9625212550163269,0.9626745581626892,0.06222085654735565,0.06218819320201874,55.394287109375,0,3232273,0,0,191155,,,
lego,lego,40,selected_coord18_conic20_opacity8_rgb10,20,full_pd_guard,-0.02947235107421875,-0.00013595819473266602,6.22384250164032e-05,33.28926467895508,33.3187370300293,0.962304413318634,0.9624403715133667,0.060969769954681396,0.06090753152966499,55.58592987060547,0,3236745,0,0,181960,,,
lego,lego,41,selected_coord18_conic20_opacity8_rgb10,20,full_pd_guard,-0.01100921630859375,-0.00010263919830322266,-6.467103958129883e-05,33.2587890625,33.269798278808594,0.9615690112113953,0.9616716504096985,0.06160712242126465,0.06167179346084595,55.666343688964844,0,3260307,0,0,149921,,,
lego,lego,42,selected_coord18_conic20_opacity8_rgb10,20,full_pd_guard,-0.020343780517578125,-9.98377799987793e-05,4.2572617530822754e-05,33.027976989746094,33.04832077026367,0.960548996925354,0.9606488347053528,0.06142314895987511,0.061380576342344284,55.89198303222656,0,3281094,0,0,167728,,,
lego,lego,43,selected_coord18_conic20_opacity8_rgb10,20,full_pd_guard,-0.0123748779296875,-8.970499038696289e-05,1.763179898262024e-05,32.34070587158203,32.35308074951172,0.9594365954399109,0.9595263004302979,0.06092381104826927,0.06090617924928665,56.038475036621094,0,3307310,0,0,144813,,,
lego,lego,44,selected_coord18_conic20_opacity8_rgb10,20,full_pd_guard,-0.010204315185546875,-0.00011146068572998047,6.754323840141296e-05,30.718204498291016,30.728408813476562,0.9574294090270996,0.9575408697128296,0.06007382646203041,0.060006283223629,56.23148727416992,0,3345528,0,0,144523,,,
lego,lego,45,selected_coord18_conic20_opacity8_rgb10,20,full_pd_guard,-0.0075893402099609375,-0.0001055002212524414,9.080767631530762e-05,29.8452205657959,29.85280990600586,0.9555636644363403,0.9556691646575928,0.0619940310716629,0.061903223395347595,56.32916259765625,0,3396777,0,0,146729,,,
lego,lego,46,selected_coord18_conic20_opacity8_rgb10,20,full_pd_guard,-0.0063266754150390625,-0.00010603666305541992,-1.54152512550354e-05,28.932903289794922,28.93922996520996,0.955244779586792,0.9553508162498474,0.06042095273733139,0.060436367988586426,56.61417770385742,0,3457743,0,0,137675,,,
lego,lego,47,selected_coord18_conic20_opacity8_rgb10,20,full_pd_guard,-0.001659393310546875,-8.130073547363281e-05,-2.2143125534057617e-05,29.304553985595703,29.30621337890625,0.9559021592140198,0.9559834599494934,0.06069081649184227,0.06071295961737633,56.86249923706055,0,3527230,0,0,153909,,,
lego,lego,48,selected_coord18_conic20_opacity8_rgb10,20,full_pd_guard,-0.005161285400390625,-0.00010460615158081055,-2.9362738132476807e-05,30.311500549316406,30.316661834716797,0.9583403468132019,0.9584449529647827,0.06038891524076462,0.060418277978897095,57.13444137573242,0,3604727,0,0,135979,,,
lego,lego,49,selected_coord18_conic20_opacity8_rgb10,20,full_pd_guard,-0.015193939208984375,-0.00010371208190917969,3.7301331758499146e-05,32.02790832519531,32.0431022644043,0.9605675935745239,0.9606713056564331,0.05809960886836052,0.05806230753660202,57.23448944091797,0,3650545,0,0,140633,,,
lego,lego,50,selected_coord18_conic20_opacity8_rgb10,20,full_pd_guard,-0.008922576904296875,-0.00010395050048828125,1.1730939149856567e-05,33.85224914550781,33.86117172241211,0.9601921439170837,0.960296094417572,0.05632501095533371,0.05631328001618385,57.400001525878906,0,3674889,0,0,155261,,,
lego,lego,51,selected_coord18_conic20_opacity8_rgb10,20,full_pd_guard,-0.01628875732421875,-0.0001226663589477539,-4.338473081588745e-05,33.8811149597168,33.897403717041016,0.9589629173278809,0.9590855836868286,0.0571427047252655,0.05718608945608139,57.494842529296875,0,3636001,0,0,145495,,,
lego,lego,52,selected_coord18_conic20_opacity8_rgb10,20,full_pd_guard,-0.0094146728515625,-9.375810623168945e-05,9.297206997871399e-05,33.666744232177734,33.6761589050293,0.9572361707687378,0.9573299288749695,0.05940861999988556,0.059315647929906845,57.80015182495117,0,3546136,0,0,146455,,,
lego,lego,53,selected_coord18_conic20_opacity8_rgb10,20,full_pd_guard,-0.012104034423828125,-9.864568710327148e-05,-4.439800977706909e-05,33.96346664428711,33.97557067871094,0.9569664597511292,0.9570651054382324,0.05844002589583397,0.05848442390561104,57.59945297241211,0,3456071,0,0,143927,,,
lego,lego,54,selected_coord18_conic20_opacity8_rgb10,20,full_pd_guard,-0.016376495361328125,-0.00010031461715698242,-9.677931666374207e-05,34.12736129760742,34.14373779296875,0.9567541480064392,0.9568544626235962,0.059051092714071274,0.059147872030735016,57.447532653808594,0,3377301,0,0,153567,,,
lego,lego,55,selected_coord18_conic20_opacity8_rgb10,20,full_pd_guard,-0.019298553466796875,-9.733438491821289e-05,5.4702162742614746e-05,34.03181457519531,34.05111312866211,0.9567526578903198,0.956849992275238,0.05991816520690918,0.059863463044166565,57.010799407958984,0,3308318,0,0,165774,,,
lego,lego,56,selected_coord18_conic20_opacity8_rgb10,20,full_pd_guard,-0.013324737548828125,-0.00010955333709716797,1.537799835205078e-05,34.03298568725586,34.04631042480469,0.9575543999671936,0.9576639533042908,0.05928093194961548,0.05926555395126343,56.9622802734375,0,3251916,0,0,160116,,,
lego,lego,57,selected_coord18_conic20_opacity8_rgb10,20,full_pd_guard,-0.02179718017578125,-0.0001334547996520996,-6.122887134552002e-05,34.034263610839844,34.056060791015625,0.9583019614219666,0.9584354162216187,0.05842648446559906,0.05848771333694458,56.85063171386719,0,3211386,0,0,149167,,,
lego,lego,58,selected_coord18_conic20_opacity8_rgb10,20,full_pd_guard,-0.016727447509765625,-0.00011307001113891602,-8.296966552734375e-05,34.00260925292969,34.01933670043945,0.9596737027168274,0.9597867727279663,0.05842497944831848,0.058507949113845825,56.509735107421875,0,3176188,0,0,137939,,,
lego,lego,59,selected_coord18_conic20_opacity8_rgb10,20,full_pd_guard,-0.016384124755859375,-0.0001322031021118164,-2.9653310775756836e-06,33.954708099365234,33.971092224121094,0.9607859253883362,0.960918128490448,0.056027282029390335,0.05603024736046791,56.4088249206543,0,3147902,0,0,163139,,,
lego,lego,60,selected_coord18_conic20_opacity8_rgb10,20,full_pd_guard,-0.0120849609375,-0.0001195669174194336,-0.00010685250163078308,34.02147674560547,34.03356170654297,0.9627653360366821,0.9628849029541016,0.0537501722574234,0.053857024759054184,56.548274993896484,0,3128900,0,0,166303,,,
lego,lego,61,selected_coord18_conic20_opacity8_rgb10,20,full_pd_guard,-0.005985260009765625,-8.344650268554688e-05,-5.2269548177719116e-05,33.970054626464844,33.97603988647461,0.9640384316444397,0.9641218781471252,0.050636906176805496,0.050689175724983215,56.22754669189453,0,3105953,0,0,171669,,,
lego,lego,62,selected_coord18_conic20_opacity8_rgb10,20,full_pd_guard,-0.008148193359375,-9.495019912719727e-05,-0.00012654811143875122,33.75141525268555,33.75956344604492,0.9648091793060303,0.9649041295051575,0.047777630388736725,0.047904178500175476,56.13479232788086,0,3091051,0,0,163610,,,
lego,lego,63,selected_coord18_conic20_opacity8_rgb10,20,full_pd_guard,-0.014316558837890625,-0.00011485815048217773,9.220093488693237e-06,33.61951446533203,33.63383102416992,0.9650617241859436,0.9651765823364258,0.04783015698194504,0.047820936888456345,55.99787902832031,0,3085257,0,0,150447,,,
lego,lego,64,selected_coord18_conic20_opacity8_rgb10,20,full_pd_guard,-0.009490966796875,-8.64863395690918e-05,-5.5845826864242554e-05,33.525569915771484,33.53506088256836,0.9655554294586182,0.9656419157981873,0.04659534618258476,0.046651192009449005,55.930213928222656,0,3076245,0,0,155103,,,
lego,lego,65,selected_coord18_conic20_opacity8_rgb10,20,full_pd_guard,-0.01467132568359375,-9.21487808227539e-05,-0.00010133162140846252,33.43983459472656,33.454505920410156,0.9663762450218201,0.9664683938026428,0.04679781571030617,0.04689914733171463,55.9558219909668,0,3072055,0,0,161956,,,
lego,lego,66,selected_coord18_conic20_opacity8_rgb10,20,full_pd_guard,-0.0106353759765625,-8.606910705566406e-05,-8.490309119224548e-05,33.345481872558594,33.356117248535156,0.966791570186615,0.9668776392936707,0.04737579822540283,0.04746070131659508,56.06745529174805,0,3069800,0,0,169156,,,
lego,lego,67,selected_coord18_conic20_opacity8_rgb10,20,full_pd_guard,-0.008182525634765625,-0.00010585784912109375,-9.534507989883423e-05,33.126373291015625,33.13455581665039,0.9665019512176514,0.9666078090667725,0.048727087676525116,0.04882243275642395,56.05143356323242,0,3070839,0,0,155075,,,
lego,lego,68,selected_coord18_conic20_opacity8_rgb10,20,full_pd_guard,-0.004077911376953125,-8.058547973632812e-05,-0.0001475811004638672,32.7867546081543,32.79083251953125,0.9667046070098877,0.966785192489624,0.05011962354183197,0.05026720464229584,55.8546257019043,0,3063488,0,0,182194,,,
lego,lego,69,selected_coord18_conic20_opacity8_rgb10,20,full_pd_guard,-0.0005645751953125,-6.788969039916992e-05,2.2899359464645386e-05,32.59938049316406,32.599945068359375,0.966990053653717,0.9670579433441162,0.05179207772016525,0.05176917836070061,55.947593688964844,0,3072727,0,0,179111,,,
lego,lego,70,selected_coord18_conic20_opacity8_rgb10,20,full_pd_guard,-0.000446319580078125,-6.526708602905273e-05,-5.504116415977478e-05,32.32024383544922,32.3206901550293,0.967504620552063,0.967569887638092,0.0510849803686142,0.05114002153277397,55.865108489990234,0,3082766,0,0,165116,,,
lego,lego,71,selected_coord18_conic20_opacity8_rgb10,20,full_pd_guard,-0.00162506103515625,-7.88569450378418e-05,4.871562123298645e-05,31.54381561279297,31.545440673828125,0.9652337431907654,0.9653126001358032,0.052155811339616776,0.05210709571838379,55.59660339355469,0,3095650,0,0,175271,,,
lego,lego,72,selected_coord18_conic20_opacity8_rgb10,20,full_pd_guard,0.0070400238037109375,-4.5180320739746094e-05,-0.00015466287732124329,30.484243392944336,30.477203369140625,0.9619877934455872,0.9620329737663269,0.05201762542128563,0.05217228829860687,55.82923126220703,0,3106969,0,0,172934,,,
lego,lego,73,selected_coord18_conic20_opacity8_rgb10,20,full_pd_guard,-0.0011615753173828125,-6.318092346191406e-05,-8.837133646011353e-05,29.655384063720703,29.656545639038086,0.9584280848503113,0.9584912657737732,0.054507896304130554,0.05459626764059067,55.91176986694336,0,3145464,0,0,169754,,,
lego,lego,74,selected_coord18_conic20_opacity8_rgb10,20,full_pd_guard,0.000308990478515625,-4.00543212890625e-05,-8.685141801834106e-05,29.45355224609375,29.453243255615234,0.9562281370162964,0.9562681913375854,0.055165357887744904,0.055252209305763245,55.96879196166992,0,3159178,0,0,164401,,,
lego,lego,75,selected_coord18_conic20_opacity8_rgb10,20,full_pd_guard,0.00737762451171875,-4.6372413635253906e-05,-0.000279255211353302,29.260709762573242,29.253332138061523,0.9536125063896179,0.9536588788032532,0.058974739164114,0.0592539943754673,55.75429916381836,0,3172122,0,0,158552,,,
lego,lego,76,selected_coord18_conic20_opacity8_rgb10,20,full_pd_guard,-0.00335693359375,-8.028745651245117e-05,-7.965415716171265e-05,29.210128784179688,29.213485717773438,0.9524818062782288,0.9525620937347412,0.05912698805332184,0.05920664221048355,55.87406539916992,0,3178399,0,0,179422,,,
lego,lego,77,selected_coord18_conic20_opacity8_rgb10,20,full_pd_guard,0.0025920867919921875,-2.5212764739990234e-05,-7.745996117591858e-05,29.288053512573242,29.28546142578125,0.9519133567810059,0.9519385695457458,0.060398444533348083,0.060475904494524,56.00050354003906,0,3150146,0,0,178706,,,
lego,lego,78,selected_coord18_conic20_opacity8_rgb10,20,full_pd_guard,-0.00396728515625,-7.724761962890625e-05,-4.6737492084503174e-05,29.242656707763672,29.246623992919922,0.9511196613311768,0.9511969089508057,0.061249494552612305,0.06129623204469681,55.71715545654297,0,3124084,0,0,146522,,,
lego,lego,79,selected_coord18_conic20_opacity8_rgb10,20,full_pd_guard,-0.0024318695068359375,-8.565187454223633e-05,-9.547173976898193e-05,29.237340927124023,29.23977279663086,0.9498249292373657,0.949910581111908,0.06208152323961258,0.06217699497938156,55.503387451171875,0,3113351,0,0,195111,,,
lego,lego,80,selected_coord18_conic20_opacity8_rgb10,20,full_pd_guard,-0.00380706787109375,-6.306171417236328e-05,-7.040053606033325e-05,29.490211486816406,29.4940185546875,0.9493076801300049,0.9493707418441772,0.06293962150812149,0.06301002204418182,55.76355743408203,0,3103978,0,0,171526,,,
lego,lego,81,selected_coord18_conic20_opacity8_rgb10,20,full_pd_guard,-0.0007266998291015625,-6.371736526489258e-05,-8.22991132736206e-05,29.459819793701172,29.460546493530273,0.947636604309082,0.9477003216743469,0.06346562504768372,0.06354792416095734,55.710628509521484,0,3088075,0,0,199320,,,
lego,lego,82,selected_coord18_conic20_opacity8_rgb10,20,full_pd_guard,0.0030841827392578125,-1.9431114196777344e-05,-4.2743980884552e-05,29.506040573120117,29.50295639038086,0.9464739561080933,0.94649338722229,0.0641992837190628,0.06424202769994736,55.78216552734375,0,3073085,0,0,193188,,,
lego,lego,83,selected_coord18_conic20_opacity8_rgb10,20,full_pd_guard,-0.00604248046875,-8.493661880493164e-05,3.7848949432373047e-06,29.65631103515625,29.662353515625,0.9462579488754272,0.9463428854942322,0.06560991704463959,0.06560613214969635,55.82988739013672,0,3071329,0,0,181184,,,
lego,lego,84,selected_coord18_conic20_opacity8_rgb10,20,full_pd_guard,-0.009744644165039062,-0.0001035928726196289,1.9669532775878906e-06,29.643484115600586,29.653228759765625,0.9455283284187317,0.9456319212913513,0.06675972044467926,0.06675775349140167,55.68744659423828,0,3068485,0,0,176299,,,
lego,lego,85,selected_coord18_conic20_opacity8_rgb10,20,full_pd_guard,-0.001171112060546875,-6.252527236938477e-05,-7.133930921554565e-05,29.8671875,29.868358612060547,0.9461536407470703,0.9462161660194397,0.06692446023225784,0.06699579954147339,55.78759002685547,0,3073339,0,0,162295,,,
lego,lego,86,selected_coord18_conic20_opacity8_rgb10,20,full_pd_guard,-0.002048492431640625,-6.663799285888672e-05,-9.682029485702515e-05,30.08806610107422,30.09011459350586,0.946290910243988,0.9463575482368469,0.0656442791223526,0.06574109941720963,55.851776123046875,0,3073521,0,0,158938,,,
lego,lego,87,selected_coord18_conic20_opacity8_rgb10,20,full_pd_guard,-0.003505706787109375,-8.505582809448242e-05,1.6413629055023193e-05,30.161598205566406,30.165103912353516,0.9456843733787537,0.9457694292068481,0.06508111953735352,0.06506470590829849,55.765342712402344,0,3075508,0,0,162728,,,
lego,lego,88,selected_coord18_conic20_opacity8_rgb10,20,full_pd_guard,-0.0048885345458984375,-3.546476364135742e-05,3.917515277862549e-05,30.129714965820312,30.13460350036621,0.9449304938316345,0.9449659585952759,0.06497876346111298,0.06493958830833435,56.064117431640625,0,3075236,0,0,178393,,,
lego,lego,89,selected_coord18_conic20_opacity8_rgb10,20,full_pd_guard,-0.0048618316650390625,-6.16908073425293e-05,1.8462538719177246e-05,29.984172821044922,29.98903465270996,0.9446890950202942,0.9447507858276367,0.06456364691257477,0.06454518437385559,55.962158203125,0,3072720,0,0,182868,,,
lego,lego,90,selected_coord18_conic20_opacity8_rgb10,20,full_pd_guard,0.0011959075927734375,-5.429983139038086e-05,2.060830593109131e-05,29.85822105407715,29.857025146484375,0.9445945620536804,0.9446488618850708,0.06407399475574493,0.06405338644981384,56.28697204589844,0,3074483,0,0,181190,,,
lego,lego,91,selected_coord18_conic20_opacity8_rgb10,20,full_pd_guard,-0.0060291290283203125,-6.443262100219727e-05,6.396323442459106e-05,29.937908172607422,29.943937301635742,0.9459589123725891,0.9460233449935913,0.062325187027454376,0.062261223793029785,56.49652099609375,0,3069278,0,0,183525,,,
lego,lego,92,selected_coord18_conic20_opacity8_rgb10,20,full_pd_guard,-0.003284454345703125,-9.119510650634766e-05,-4.808977246284485e-05,30.09850311279297,30.101787567138672,0.947634756565094,0.9477259516716003,0.060468390583992004,0.06051648035645485,56.40422058105469,0,3068897,0,0,169001,,,
lego,lego,93,selected_coord18_conic20_opacity8_rgb10,20,full_pd_guard,-0.00823974609375,-9.322166442871094e-05,0.000123586505651474,30.38568878173828,30.39392852783203,0.9500502943992615,0.9501435160636902,0.057624537497758865,0.05750095099210739,56.56899642944336,0,3057903,0,0,160707,,,
lego,lego,94,selected_coord18_conic20_opacity8_rgb10,20,full_pd_guard,-0.0046749114990234375,-5.59687614440918e-05,-7.4729323387146e-05,30.853561401367188,30.85823631286621,0.9539772272109985,0.9540331959724426,0.05357680097222328,0.05365153029561043,56.86553955078125,0,3063919,0,0,134317,,,
lego,lego,95,selected_coord18_conic20_opacity8_rgb10,20,full_pd_guard,-0.00704193115234375,-8.875131607055664e-05,6.407499313354492e-07,31.507186889648438,31.51422882080078,0.9582716822624207,0.9583604335784912,0.05007512867450714,0.050074487924575806,56.65056610107422,0,3070354,0,0,166818,,,
lego,lego,96,selected_coord18_conic20_opacity8_rgb10,20,full_pd_guard,-0.001251220703125,-2.4318695068359375e-05,-0.00012629851698875427,32.419891357421875,32.421142578125,0.9636470079421997,0.9636713266372681,0.046120885759592056,0.04624718427658081,56.940452575683594,0,3076015,0,0,152701,,,
lego,lego,97,selected_coord18_conic20_opacity8_rgb10,20,full_pd_guard,0.002056121826171875,-4.7266483306884766e-05,-3.133714199066162e-05,32.94001388549805,32.937957763671875,0.9669895768165588,0.9670368432998657,0.04453856498003006,0.04456990212202072,57.27897644042969,0,3087680,0,0,161426,,,
lego,lego,98,selected_coord18_conic20_opacity8_rgb10,20,full_pd_guard,0.009105682373046875,-5.322694778442383e-05,-0.00012033432722091675,32.973411560058594,32.96430587768555,0.9683237075805664,0.9683769345283508,0.043064117431640625,0.04318445175886154,57.5596923828125,0,3103249,0,0,150765,,,
lego,lego,99,selected_coord18_conic20_opacity8_rgb10,20,full_pd_guard,0.0103607177734375,-3.9458274841308594e-05,-7.900968194007874e-05,32.70362854003906,32.693267822265625,0.9672724604606628,0.9673119187355042,0.042691197246313095,0.042770206928253174,57.923667907714844,0,3143231,0,0,143227,,,
lego,lego,100,selected_coord18_conic20_opacity8_rgb10,20,full_pd_guard,0.00574493408203125,-3.248453140258789e-05,-7.674098014831543e-05,33.016624450683594,33.01087951660156,0.9682008028030396,0.9682332873344421,0.042010098695755005,0.04208683967590332,58.403411865234375,0,3140342,0,0,139029,,,
lego,lego,101,selected_coord18_conic20_opacity8_rgb10,20,full_pd_guard,0.014369964599609375,-4.887580871582031e-05,-0.000141192227602005,32.99044418334961,32.97607421875,0.9676308631896973,0.9676797389984131,0.04131421446800232,0.041455406695604324,58.20762634277344,0,3151183,0,0,152885,,,
lego,lego,102,selected_coord18_conic20_opacity8_rgb10,20,full_pd_guard,0.011882781982421875,-3.629922866821289e-05,-8.106976747512817e-05,33.59796905517578,33.58608627319336,0.9684821963310242,0.9685184955596924,0.04244144260883331,0.04252251237630844,57.974544525146484,0,3132446,0,0,149756,,,
lego,lego,103,selected_coord18_conic20_opacity8_rgb10,20,full_pd_guard,8.392333984375e-05,-8.958578109741211e-05,-2.70158052444458e-05,33.612083435058594,33.61199951171875,0.9678634405136108,0.9679530262947083,0.04367922991514206,0.043706245720386505,57.93119430541992,0,3129044,0,0,156600,,,
lego,lego,104,selected_coord18_conic20_opacity8_rgb10,20,full_pd_guard,0.000133514404296875,-8.618831634521484e-05,-2.8796494007110596e-05,32.644432067871094,32.6442985534668,0.9645110964775085,0.9645972847938538,0.045339979231357574,0.045368775725364685,57.28978729248047,0,3120848,0,0,167418,,,
lego,lego,105,selected_coord18_conic20_opacity8_rgb10,20,full_pd_guard,-0.009944915771484375,-0.00012546777725219727,5.7540833950042725e-05,32.1006965637207,32.11064147949219,0.9608197212219238,0.960945188999176,0.047800831496715546,0.0477432906627655,57.31941223144531,0,3120190,0,0,147949,,,
lego,lego,106,selected_coord18_conic20_opacity8_rgb10,20,full_pd_guard,0.000362396240234375,-7.31348991394043e-05,-5.076080560684204e-05,32.1759147644043,32.17555236816406,0.9588987231254578,0.9589718580245972,0.049792155623435974,0.049842916429042816,57.34859848022461,0,3118898,0,0,165578,,,
lego,lego,107,selected_coord18_conic20_opacity8_rgb10,20,full_pd_guard,-0.00347900390625,-0.00011390447616577148,-0.00013815239071846008,32.459259033203125,32.462738037109375,0.9586482048034668,0.9587621092796326,0.05070027709007263,0.05083842948079109,56.94139099121094,0,3113165,0,0,169630,,,
lego,lego,108,selected_coord18_conic20_opacity8_rgb10,20,full_pd_guard,0.002971649169921875,-0.00011140108108520508,-6.245821714401245e-05,32.62175750732422,32.6187858581543,0.9584957957267761,0.9586071968078613,0.0524592325091362,0.05252169072628021,57.1320915222168,0,3124626,0,0,162476,,,
lego,lego,109,selected_coord18_conic20_opacity8_rgb10,20,full_pd_guard,-0.00374603271484375,-6.80088996887207e-05,-2.3826956748962402e-05,32.80546569824219,32.80921173095703,0.959139883518219,0.9592078924179077,0.053081072866916656,0.05310489982366562,56.68121337890625,0,3134953,0,0,190553,,,
lego,lego,110,selected_coord18_conic20_opacity8_rgb10,20,full_pd_guard,-0.009586334228515625,-0.00011539459228515625,-2.831593155860901e-05,33.02614212036133,33.035728454589844,0.958712637424469,0.9588280320167542,0.05384433642029762,0.05387265235185623,56.844764709472656,0,3136779,0,0,230988,,,
lego,lego,111,selected_coord18_conic20_opacity8_rgb10,20,full_pd_guard,-0.014362335205078125,-0.00014841556549072266,-4.36343252658844e-05,33.16027069091797,33.17463302612305,0.9585824608802795,0.9587308764457703,0.05512062460184097,0.05516425892710686,56.57460021972656,0,3145335,0,0,195734,,,
lego,lego,112,selected_coord18_conic20_opacity8_rgb10,20,full_pd_guard,-0.00848388671875,-0.0001055598258972168,-2.2254884243011475e-05,33.27561950683594,33.28410339355469,0.9591472148895264,0.9592527747154236,0.054364658892154694,0.054386913776397705,56.667076110839844,0,3148673,0,0,195395,,,
lego,lego,113,selected_coord18_conic20_opacity8_rgb10,20,full_pd_guard,-0.009796142578125,-0.00010764598846435547,-0.00010639429092407227,33.09900665283203,33.108802795410156,0.9591827392578125,0.9592903852462769,0.05602592974901199,0.056132324039936066,56.5172233581543,0,3151246,0,0,215593,,,
lego,lego,114,selected_coord18_conic20_opacity8_rgb10,20,full_pd_guard,0.001750946044921875,-8.445978164672852e-05,0.00010346993803977966,32.7966194152832,32.79486846923828,0.9583715200424194,0.9584559798240662,0.0576406866312027,0.05753721669316292,56.3907585144043,0,3145238,0,0,210507,,,
lego,lego,115,selected_coord18_conic20_opacity8_rgb10,20,full_pd_guard,0.00196075439453125,-8.285045623779297e-05,9.611621499061584e-05,32.45524978637695,32.45328903198242,0.957269549369812,0.9573523998260498,0.060531359165906906,0.06043524295091629,56.601837158203125,0,3144161,0,0,187157,,,
lego,lego,116,selected_coord18_conic20_opacity8_rgb10,20,full_pd_guard,-0.004558563232421875,-8.678436279296875e-05,2.927333116531372e-05,32.1744384765625,32.17899703979492,0.9565280079841614,0.9566147923469543,0.05963412672281265,0.05960485339164734,56.28094482421875,0,3145151,0,0,205310,,,
lego,lego,117,selected_coord18_conic20_opacity8_rgb10,20,full_pd_guard,-0.0074100494384765625,-8.416175842285156e-05,2.4184584617614746e-05,31.910741806030273,31.91815185546875,0.9562753438949585,0.9563595056533813,0.059819016605615616,0.059794832020998,56.37152099609375,0,3145589,0,0,192817,,,
lego,lego,118,selected_coord18_conic20_opacity8_rgb10,20,full_pd_guard,0.002033233642578125,-9.85860824584961e-05,3.983825445175171e-05,31.689926147460938,31.68789291381836,0.9574403762817383,0.9575389623641968,0.05916360765695572,0.05912376940250397,56.352535247802734,0,3135937,0,0,180019,,,
lego,lego,119,selected_coord18_conic20_opacity8_rgb10,20,full_pd_guard,0.005062103271484375,-6.371736526489258e-05,3.876537084579468e-05,31.677974700927734,31.67291259765625,0.958517849445343,0.9585815668106079,0.057750485837459564,0.05771172046661377,56.23412322998047,0,3141789,0,0,180060,,,
lego,lego,120,selected_coord18_conic20_opacity8_rgb10,20,full_pd_guard,-0.0027923583984375,-0.00011223554611206055,-3.882870078086853e-05,31.84089469909668,31.843687057495117,0.9599485993385315,0.9600608348846436,0.05759599804878235,0.05763482674956322,56.06672286987305,0,3152008,0,0,192703,,,
lego,lego,121,selected_coord18_conic20_opacity8_rgb10,20,full_pd_guard,-0.001007080078125,-9.41157341003418e-05,1.7683953046798706e-05,31.585567474365234,31.58657455444336,0.9605458974838257,0.960640013217926,0.057942844927310944,0.057925160974264145,55.96678161621094,0,3155662,0,0,201867,,,
lego,lego,122,selected_coord18_conic20_opacity8_rgb10,20,full_pd_guard,0.0009670257568359375,-7.611513137817383e-05,-5.5577605962753296e-05,31.639965057373047,31.63899803161621,0.9622222781181335,0.9622983932495117,0.05590406805276871,0.05595964565873146,55.94010543823242,0,3150799,0,0,164659,,,
lego,lego,123,selected_coord18_conic20_opacity8_rgb10,20,full_pd_guard,-0.00170135498046875,-7.873773574829102e-05,-2.162531018257141e-05,31.718265533447266,31.719966888427734,0.9635944962501526,0.9636732339859009,0.05405407026410103,0.0540756955742836,56.00495529174805,0,3160040,0,0,181101,,,
lego,lego,124,selected_coord18_conic20_opacity8_rgb10,20,full_pd_guard,0.0027618408203125,-7.081031799316406e-05,-0.00014748424291610718,31.74933433532715,31.746572494506836,0.9654432535171509,0.965514063835144,0.05323367193341255,0.05338115617632866,55.744991302490234,0,3179151,0,0,164847,,,
lego,lego,125,selected_coord18_conic20_opacity8_rgb10,20,full_pd_guard,0.0073413848876953125,-5.155801773071289e-05,-0.00012774765491485596,31.991621017456055,31.98427963256836,0.967864453792572,0.9679160118103027,0.051689207553863525,0.05181695520877838,55.42390060424805,0,3175160,0,0,170939,,,
lego,lego,126,selected_coord18_conic20_opacity8_rgb10,20,full_pd_guard,0.00780487060546875,-5.2809715270996094e-05,-8.939206600189209e-05,31.798343658447266,31.790538787841797,0.9683605432510376,0.9684133529663086,0.050291284918785095,0.05038067698478699,55.73529815673828,0,3145674,0,0,171246,,,
lego,lego,127,selected_coord18_conic20_opacity8_rgb10,20,full_pd_guard,0.0011081695556640625,-7.981061935424805e-05,-6.771460175514221e-05,31.52483367919922,31.523725509643555,0.9678694009780884,0.9679492115974426,0.04859750345349312,0.04866521805524826,55.52476501464844,0,3119864,0,0,186075,,,
lego,lego,128,selected_coord18_conic20_opacity8_rgb10,20,full_pd_guard,0.00213623046875,-6.729364395141602e-05,-0.0001072511076927185,31.860952377319336,31.858816146850586,0.9684109687805176,0.968478262424469,0.04914472624659538,0.0492519773542881,55.57988739013672,0,3076405,0,0,185527,,,
lego,lego,129,selected_coord18_conic20_opacity8_rgb10,20,full_pd_guard,-0.0057373046875,-0.00010132789611816406,-8.928030729293823e-05,32.256629943847656,32.262367248535156,0.9680203199386597,0.9681216478347778,0.04966194927692413,0.04975122958421707,55.29988098144531,0,3057951,0,0,150459,,,
lego,lego,130,selected_coord18_conic20_opacity8_rgb10,20,full_pd_guard,0.002704620361328125,-8.469820022583008e-05,-0.00012496113777160645,32.56858444213867,32.565879821777344,0.9676555395126343,0.9677402377128601,0.050147220492362976,0.05027218163013458,55.34326171875,0,3038894,0,0,146148,,,
lego,lego,131,selected_coord18_conic20_opacity8_rgb10,20,full_pd_guard,0.000957489013671875,-0.00010466575622558594,4.0706247091293335e-05,32.6722526550293,32.671295166015625,0.9672653079032898,0.9673699736595154,0.05061984434723854,0.05057913810014725,55.36231994628906,0,3021503,0,0,151989,,,
lego,lego,132,selected_coord18_conic20_opacity8_rgb10,20,full_pd_guard,-0.01111602783203125,-0.00011289119720458984,-5.360692739486694e-05,32.7774658203125,32.78858184814453,0.9675865173339844,0.967699408531189,0.04954110085964203,0.049594707787036896,55.46241760253906,0,3007460,0,0,167637,,,
lego,lego,133,selected_coord18_conic20_opacity8_rgb10,20,full_pd_guard,-0.011089324951171875,-0.00012993812561035156,1.940131187438965e-05,32.97317123413086,32.98426055908203,0.9675721526145935,0.9677020907402039,0.05046564340591431,0.05044624209403992,55.584861755371094,0,3004528,0,0,166839,,,
lego,lego,134,selected_coord18_conic20_opacity8_rgb10,20,full_pd_guard,-0.01544952392578125,-0.00011163949966430664,-1.341104507446289e-06,32.920318603515625,32.935768127441406,0.9670708179473877,0.967182457447052,0.0505983829498291,0.05059972405433655,55.41027069091797,0,2999318,0,0,155019,,,
lego,lego,135,selected_coord18_conic20_opacity8_rgb10,20,full_pd_guard,-0.021392822265625,-0.00013184547424316406,9.529292583465576e-06,32.71559143066406,32.73698425292969,0.965298056602478,0.9654299020767212,0.05281706899404526,0.05280753970146179,55.62071990966797,0,2998874,0,0,147572,,,
lego,lego,136,selected_coord18_conic20_opacity8_rgb10,20,full_pd_guard,-0.014804840087890625,-0.00012123584747314453,-7.227808237075806e-05,32.259422302246094,32.274227142333984,0.9627698063850403,0.9628910422325134,0.05539435148239136,0.055466629564762115,55.6377067565918,0,3000545,0,0,161275,,,
lego,lego,137,selected_coord18_conic20_opacity8_rgb10,20,full_pd_guard,-0.017238616943359375,-0.00012004375457763672,-5.552545189857483e-05,31.919845581054688,31.937084197998047,0.9604257941246033,0.9605458378791809,0.05713363736867905,0.05718916282057762,55.62834930419922,0,3006936,0,0,156501,,,
lego,lego,138,selected_coord18_conic20_opacity8_rgb10,20,full_pd_guard,-0.00867462158203125,-0.00012356042861938477,-4.173070192337036e-05,31.814605712890625,31.823280334472656,0.9586794376373291,0.9588029980659485,0.05956246703863144,0.05960419774055481,55.4257926940918,0,3011631,0,0,149228,,,
lego,lego,139,selected_coord18_conic20_opacity8_rgb10,20,full_pd_guard,-0.011148452758789062,-9.769201278686523e-05,2.1263957023620605e-05,31.794719696044922,31.80586814880371,0.9574524760246277,0.9575501680374146,0.06079200655221939,0.06077074259519577,55.45794677734375,0,3026360,0,0,168645,,,
lego,lego,140,selected_coord18_conic20_opacity8_rgb10,20,full_pd_guard,-0.017190933227539062,-0.00013297796249389648,-1.1362135410308838e-05,31.7564754486084,31.773666381835938,0.9564558267593384,0.9565888047218323,0.06293027848005295,0.06294164061546326,55.66549301147461,0,3047632,0,0,162776,,,
lego,lego,141,selected_coord18_conic20_opacity8_rgb10,20,full_pd_guard,-0.009851455688476562,-0.00011223554611206055,-8.519738912582397e-05,31.883419036865234,31.89327049255371,0.9566691517829895,0.9567813873291016,0.06304111331701279,0.06312631070613861,55.93551254272461,0,3067084,0,0,161851,,,
lego,lego,142,selected_coord18_conic20_opacity8_rgb10,20,full_pd_guard,-0.00873565673828125,-7.897615432739258e-05,2.691522240638733e-05,32.16590881347656,32.174644470214844,0.9577292203903198,0.9578081965446472,0.06224736571311951,0.06222045049071312,55.7495231628418,0,3098296,0,0,150875,,,
lego,lego,143,selected_coord18_conic20_opacity8_rgb10,20,full_pd_guard,-0.017669677734375,-0.00011867284774780273,2.7026981115341187e-05,32.1104736328125,32.128143310546875,0.9581201672554016,0.9582388401031494,0.06041117385029793,0.06038414686918259,56.0526123046875,0,3139190,0,0,157059,,,
lego,lego,144,selected_coord18_conic20_opacity8_rgb10,20,full_pd_guard,-0.008899688720703125,-0.00010061264038085938,2.3096799850463867e-05,32.04468536376953,32.053585052490234,0.9581851959228516,0.9582858085632324,0.06043796241283417,0.060414865612983704,56.36132049560547,0,3178272,0,0,146782,,,
lego,lego,145,selected_coord18_conic20_opacity8_rgb10,20,full_pd_guard,-0.0062923431396484375,-7.50422477722168e-05,0.0001019500195980072,31.2431697845459,31.249462127685547,0.9576914310455322,0.9577664732933044,0.0607624426484108,0.06066049262881279,56.52098846435547,0,3240642,0,0,176539,,,
lego,lego,146,selected_coord18_conic20_opacity8_rgb10,20,full_pd_guard,-0.00223541259765625,-7.927417755126953e-05,-3.70219349861145e-05,30.672428131103516,30.674663543701172,0.9580205678939819,0.9580998420715332,0.059321723878383636,0.05935874581336975,56.847808837890625,0,3315084,0,0,132025,,,
lego,lego,147,selected_coord18_conic20_opacity8_rgb10,20,full_pd_guard,-0.0023441314697265625,-6.091594696044922e-05,-5.256384611129761e-05,30.785228729248047,30.787572860717773,0.959534227848053,0.9595951437950134,0.05902796983718872,0.05908053368330002,57.117488861083984,0,3405810,0,0,146916,,,
lego,lego,148,selected_coord18_conic20_opacity8_rgb10,20,full_pd_guard,-0.009342193603515625,-0.00011050701141357422,-2.5257468223571777e-06,31.012096405029297,31.021438598632812,0.9616510272026062,0.9617615342140198,0.05733772739768028,0.05734025314450264,57.22444152832031,0,3505057,0,0,139245,,,
lego,lego,149,selected_coord18_conic20_opacity8_rgb10,20,full_pd_guard,-0.006092071533203125,-0.0001150965690612793,0.00011486560106277466,32.29961013793945,32.305702209472656,0.962640106678009,0.9627552032470703,0.05635786056518555,0.05624299496412277,57.43015670776367,0,3572436,0,0,156924,,,
lego,lego,150,selected_coord18_conic20_opacity8_rgb10,20,full_pd_guard,-0.016727447509765625,-0.00011366605758666992,2.491101622581482e-05,33.810691833496094,33.82741928100586,0.960526168346405,0.9606398344039917,0.057331815361976624,0.05730690434575081,57.277618408203125,0,3628366,0,0,148338,,,
lego,lego,151,selected_coord18_conic20_opacity8_rgb10,20,full_pd_guard,-0.018421173095703125,-0.00012379884719848633,-4.1134655475616455e-05,33.881187438964844,33.89960861206055,0.9589735269546509,0.9590973258018494,0.05721912533044815,0.05726025998592377,57.50476837158203,0,3635994,0,0,146497,,,
lego,lego,152,selected_coord18_conic20_opacity8_rgb10,20,full_pd_guard,-0.029392242431640625,-0.0001608729362487793,0.00015628337860107422,33.60078811645508,33.63018035888672,0.9566858410835266,0.9568467140197754,0.06052315980195999,0.06036687642335892,57.583770751953125,0,3583684,0,0,158019,,,
lego,lego,153,selected_coord18_conic20_opacity8_rgb10,20,full_pd_guard,-0.004741668701171875,-7.718801498413086e-05,-5.9839338064193726e-05,34.01356887817383,34.018310546875,0.9554240107536316,0.9555011987686157,0.058934345841407776,0.05899418517947197,57.61664962768555,0,3516055,0,0,141733,,,
lego,lego,154,selected_coord18_conic20_opacity8_rgb10,20,full_pd_guard,-0.019237518310546875,-0.00016379356384277344,5.1565468311309814e-05,34.02434539794922,34.043582916259766,0.9537441730499268,0.9539079666137695,0.06032857298851013,0.06027700752019882,57.40499496459961,0,3457549,0,0,165923,,,
lego,lego,155,selected_coord18_conic20_opacity8_rgb10,20,full_pd_guard,-0.01030731201171875,-0.00010776519775390625,6.951391696929932e-05,33.82774353027344,33.838050842285156,0.952002763748169,0.9521105289459229,0.062363360077142715,0.062293846160173416,57.21142578125,0,3405977,0,0,159705,,,
lego,lego,156,selected_coord18_conic20_opacity8_rgb10,20,full_pd_guard,-0.0152587890625,-0.00010603666305541992,-1.1071562767028809e-05,33.81571578979492,33.83097457885742,0.9520829916000366,0.952189028263092,0.060438692569732666,0.060449764132499695,56.944942474365234,0,3363415,0,0,189138,,,
lego,lego,157,selected_coord18_conic20_opacity8_rgb10,20,full_pd_guard,-0.014312744140625,-0.0001455545425415039,-9.003281593322754e-05,33.86101150512695,33.87532424926758,0.953145444393158,0.9532909989356995,0.05968043953180313,0.05977047234773636,56.797630310058594,0,3332288,0,0,163371,,,
lego,lego,158,selected_coord18_conic20_opacity8_rgb10,20,full_pd_guard,-0.011058807373046875,-0.00011599063873291016,3.0606985092163086e-05,33.81354904174805,33.824607849121094,0.9551655054092407,0.9552814960479736,0.058521613478660583,0.05849100649356842,56.64422607421875,0,3308940,0,0,144962,,,
lego,lego,159,selected_coord18_conic20_opacity8_rgb10,20,full_pd_guard,-0.009601593017578125,-0.00012129545211791992,2.1442770957946777e-05,34.11138153076172,34.1209831237793,0.9578341841697693,0.9579554796218872,0.05673954635858536,0.05671810358762741,56.49822998046875,0,3289681,0,0,170809,,,
lego,lego,160,selected_coord18_conic20_opacity8_rgb10,20,full_pd_guard,-0.011608123779296875,-0.00012367963790893555,-6.381049752235413e-05,34.23374557495117,34.24535369873047,0.960232675075531,0.9603563547134399,0.05543660745024681,0.055500417947769165,56.11741256713867,0,3269681,0,0,162967,,,
lego,lego,161,selected_coord18_conic20_opacity8_rgb10,20,full_pd_guard,-0.013519287109375,-0.00013512372970581055,-7.76834785938263e-05,34.29380798339844,34.30732727050781,0.9616463780403137,0.9617815017700195,0.053357139229774475,0.0534348227083683,56.04977035522461,0,3260736,0,0,182434,,,
lego,lego,162,selected_coord18_conic20_opacity8_rgb10,20,full_pd_guard,-0.02408599853515625,-0.00015914440155029297,-2.2530555725097656e-05,34.209617614746094,34.23370361328125,0.9626024961471558,0.962761640548706,0.05286683142185211,0.05288936197757721,55.86494445800781,0,3252680,0,0,178987,,,
lego,lego,163,selected_coord18_conic20_opacity8_rgb10,20,full_pd_guard,-0.018741607666015625,-0.0001291036605834961,-4.106760025024414e-05,34.203609466552734,34.22235107421875,0.9635109305381775,0.963640034198761,0.051672935485839844,0.05171400308609009,55.92795944213867,0,3253090,0,0,164100,,,
lego,lego,164,selected_coord18_conic20_opacity8_rgb10,20,full_pd_guard,-0.012836456298828125,-0.00011658668518066406,-5.901604890823364e-05,34.126670837402344,34.13950729370117,0.9640021324157715,0.9641187191009521,0.050449438393116,0.05050845444202423,55.78236389160156,0,3262218,0,0,196695,,,
lego,lego,165,selected_coord18_conic20_opacity8_rgb10,20,full_pd_guard,-0.010528564453125,-0.00011664628982543945,-0.0001008845865726471,33.855079650878906,33.86560821533203,0.9635401368141174,0.9636567831039429,0.050431713461875916,0.05053259804844856,55.76776123046875,0,3272189,0,0,183885,,,
lego,lego,166,selected_coord18_conic20_opacity8_rgb10,20,full_pd_guard,-0.0223236083984375,-0.00014394521713256836,-4.433095455169678e-05,33.65302276611328,33.67534637451172,0.9633156061172485,0.9634595513343811,0.05103566497564316,0.051079995930194855,55.5723876953125,0,3286693,0,0,172359,,,
lego,lego,167,selected_coord18_conic20_opacity8_rgb10,20,full_pd_guard,-0.018909454345703125,-0.0001423358917236328,-5.900859832763672e-05,33.35237503051758,33.37128448486328,0.9625073075294495,0.9626496434211731,0.051779430359601974,0.05183843895792961,55.535274505615234,0,3314559,0,0,192519,,,
lego,lego,168,selected_coord18_conic20_opacity8_rgb10,20,full_pd_guard,-0.017818450927734375,-0.0001392364501953125,-7.949769496917725e-06,33.098724365234375,33.11654281616211,0.961329460144043,0.9614686965942383,0.053791165351867676,0.053799115121364594,55.516151428222656,0,3350845,0,0,190778,,,
lego,lego,169,selected_coord18_conic20_opacity8_rgb10,20,full_pd_guard,-0.018962860107421875,-0.0001270771026611328,-1.2088567018508911e-05,32.81464385986328,32.8336067199707,0.9603701829910278,0.960497260093689,0.05650356411933899,0.0565156526863575,55.23701095581055,0,3396427,0,0,167133,,,
lego,lego,170,selected_coord18_conic20_opacity8_rgb10,20,full_pd_guard,-0.021556854248046875,-0.00015246868133544922,2.3581087589263916e-05,32.33907699584961,32.360633850097656,0.9586897492408752,0.9588422179222107,0.057679083198308945,0.05765550211071968,55.18544006347656,0,3455688,0,0,196005,,,
lego,lego,171,selected_coord18_conic20_opacity8_rgb10,20,full_pd_guard,-0.010883331298828125,-0.00011152029037475586,-5.340576171875e-05,32.05959701538086,32.07048034667969,0.9569684863090515,0.9570800065994263,0.057327575981616974,0.057380981743335724,55.20213317871094,0,3533470,0,0,193069,,,
lego,lego,172,selected_coord18_conic20_opacity8_rgb10,20,full_pd_guard,-0.0186004638671875,-0.00013816356658935547,0.00010142847895622253,31.805599212646484,31.824199676513672,0.9547336101531982,0.9548717737197876,0.05963090807199478,0.05952947959303856,55.2191276550293,0,3634316,0,0,178552,,,
lego,lego,173,selected_coord18_conic20_opacity8_rgb10,20,full_pd_guard,-0.01922607421875,-0.00014394521713256836,5.65648078918457e-05,31.63290786743164,31.65213394165039,0.9540566802024841,0.9542006254196167,0.06126617267727852,0.06120960786938667,54.993316650390625,0,3734070,0,0,180660,,,
lego,lego,174,selected_coord18_conic20_opacity8_rgb10,20,full_pd_guard,-0.010377883911132812,-0.00011229515075683594,-1.3381242752075195e-05,31.612323760986328,31.62270164489746,0.9545981884002686,0.9547104835510254,0.06142416596412659,0.06143754720687866,55.025997161865234,0,3816169,0,0,173874,,,
lego,lego,175,selected_coord18_conic20_opacity8_rgb10,20,full_pd_guard,-0.014059066772460938,-0.00010162591934204102,-0.00023422390222549438,31.663114547729492,31.677173614501953,0.9554978013038635,0.9555994272232056,0.06087347865104675,0.06110770255327225,55.008331298828125,0,3890768,0,0,162433,,,
lego,lego,176,selected_coord18_conic20_opacity8_rgb10,20,full_pd_guard,-0.0067291259765625,-9.673833847045898e-05,-0.00012035667896270752,31.747150421142578,31.75387954711914,0.9565454721450806,0.956642210483551,0.06115750968456268,0.06127786636352539,55.039886474609375,0,3856684,0,0,177734,,,
lego,lego,177,selected_coord18_conic20_opacity8_rgb10,20,full_pd_guard,-0.016307830810546875,-0.00013399124145507812,-2.4404376745224e-05,31.783313751220703,31.79962158203125,0.9573988914489746,0.9575328826904297,0.06011820584535599,0.06014261022210121,54.97475814819336,0,3776543,0,0,180807,,,
lego,lego,178,selected_coord18_conic20_opacity8_rgb10,20,full_pd_guard,-0.010454177856445312,-9.900331497192383e-05,-9.67457890510559e-06,31.841777801513672,31.852231979370117,0.9580389261245728,0.9581379294395447,0.058712106198072433,0.05872178077697754,54.78722381591797,0,3710470,0,0,170171,,,
lego,lego,179,selected_coord18_conic20_opacity8_rgb10,20,full_pd_guard,-0.017566680908203125,-0.0001176595687866211,6.502121686935425e-05,31.910423278808594,31.927989959716797,0.9584526419639587,0.9585703015327454,0.05922199785709381,0.05915697664022446,54.91676330566406,0,3624449,0,0,206487,,,
lego,lego,180,selected_coord18_conic20_opacity8_rgb10,20,full_pd_guard,-0.008638381958007812,-0.00010204315185546875,-1.8171966075897217e-05,31.940519332885742,31.94915771484375,0.9583845138549805,0.9584865570068359,0.059405677020549774,0.05942384898662567,55.07970428466797,0,3551932,0,0,174713,,,
lego,lego,181,selected_coord18_conic20_opacity8_rgb10,20,full_pd_guard,-0.015865325927734375,-0.00012105703353881836,1.1898577213287354e-05,32.131404876708984,32.14727020263672,0.9581523537635803,0.9582734107971191,0.05879969149827957,0.058787792921066284,55.075286865234375,0,3497062,0,0,162134,,,
lego,lego,182,selected_coord18_conic20_opacity8_rgb10,20,full_pd_guard,-0.011409759521484375,-0.00012224912643432617,4.1443854570388794e-05,32.25890350341797,32.27031326293945,0.9584351778030396,0.9585574269294739,0.05948084965348244,0.05943940579891205,55.03525924682617,0,3451877,0,0,167860,,,
lego,lego,183,selected_coord18_conic20_opacity8_rgb10,20,full_pd_guard,-0.012340545654296875,-0.0001100301742553711,-5.113333463668823e-05,32.33307647705078,32.34541702270508,0.9586545825004578,0.9587646126747131,0.05973975360393524,0.05979088693857193,54.942108154296875,0,3416908,0,0,162871,,,
lego,lego,184,selected_coord18_conic20_opacity8_rgb10,20,full_pd_guard,-0.01180267333984375,-9.66191291809082e-05,-2.7582049369812012e-05,32.36260986328125,32.374412536621094,0.9581659436225891,0.95826256275177,0.0596938282251358,0.059721410274505615,55.091217041015625,0,3390848,0,0,162102,,,
lego,lego,185,selected_coord18_conic20_opacity8_rgb10,20,full_pd_guard,-0.018341064453125,-0.00016009807586669922,4.32133674621582e-05,32.308441162109375,32.3267822265625,0.957457959651947,0.9576180577278137,0.059567783027887344,0.059524569660425186,54.997859954833984,0,3378801,0,0,171975,,,
lego,lego,186,selected_coord18_conic20_opacity8_rgb10,20,full_pd_guard,-0.021907806396484375,-0.0001653432846069336,7.832050323486328e-05,32.26728820800781,32.2891960144043,0.9566006660461426,0.9567660093307495,0.058316148817539215,0.05823782831430435,55.2697868347168,0,3371501,0,0,180011,,,
lego,lego,187,selected_coord18_conic20_opacity8_rgb10,20,full_pd_guard,-0.020755767822265625,-0.00015866756439208984,3.0234456062316895e-05,32.241539001464844,32.26229476928711,0.9563598036766052,0.9565184712409973,0.058432385325431824,0.05840215086936951,55.22831344604492,0,3371633,0,0,156510,,,
lego,lego,188,selected_coord18_conic20_opacity8_rgb10,20,full_pd_guard,-0.01004791259765625,-9.691715240478516e-05,-6.167590618133545e-05,32.142818450927734,32.15286636352539,0.9559330940246582,0.956030011177063,0.05812728777527809,0.05818896368145943,55.12189865112305,0,3377113,0,0,163029,,,
lego,lego,189,selected_coord18_conic20_opacity8_rgb10,20,full_pd_guard,-0.0146026611328125,-0.0001246929168701172,-2.3346394300460815e-05,32.17585754394531,32.190460205078125,0.9560871720314026,0.9562118649482727,0.058393966406583786,0.05841731280088425,55.199920654296875,0,3390525,0,0,159026,,,
lego,lego,190,selected_coord18_conic20_opacity8_rgb10,20,full_pd_guard,-0.01666259765625,-0.00014001131057739258,2.639368176460266e-05,32.28532028198242,32.30198287963867,0.9562261700630188,0.9563661813735962,0.05788463354110718,0.057858239859342575,55.261375427246094,0,3419703,0,0,178347,,,
lego,lego,191,selected_coord18_conic20_opacity8_rgb10,20,full_pd_guard,-0.02434539794921875,-0.00014394521713256836,6.00963830947876e-05,32.47770690917969,32.502052307128906,0.9573945999145508,0.9575385451316833,0.05718950927257538,0.05712941288948059,55.501739501953125,0,3449107,0,0,157996,,,
lego,lego,192,selected_coord18_conic20_opacity8_rgb10,20,full_pd_guard,-0.02744293212890625,-0.0001583099365234375,0.0001151151955127716,32.749061584472656,32.77650451660156,0.958575963973999,0.9587342739105225,0.0567472018301487,0.056632086634635925,55.54572677612305,0,3495686,0,0,152649,,,
lego,lego,193,selected_coord18_conic20_opacity8_rgb10,20,full_pd_guard,-0.020721435546875,-9.334087371826172e-05,5.118921399116516e-05,33.13206481933594,33.15278625488281,0.9603354334831238,0.960428774356842,0.057322341948747635,0.05727115273475647,55.744239807128906,0,3548887,0,0,159694,,,
lego,lego,194,selected_coord18_conic20_opacity8_rgb10,20,full_pd_guard,-0.0258026123046875,-0.0001221299171447754,5.955994129180908e-05,33.471588134765625,33.49739074707031,0.9622334837913513,0.9623556137084961,0.05653844773769379,0.05647888779640198,55.831153869628906,0,3618782,0,0,159713,,,
lego,lego,195,selected_coord18_conic20_opacity8_rgb10,20,full_pd_guard,-0.029170989990234375,-0.0001119375228881836,4.667788743972778e-05,33.84078598022461,33.869956970214844,0.9638693332672119,0.9639812707901001,0.0552968829870224,0.05525020509958267,56.00681686401367,0,3703767,0,0,157325,,,
lego,lego,196,selected_coord18_conic20_opacity8_rgb10,20,full_pd_guard,-0.02358245849609375,-0.00010204315185546875,-3.6753714084625244e-05,33.99343490600586,34.01701736450195,0.9651229381561279,0.9652249813079834,0.05536002665758133,0.055396780371665955,56.1190299987793,0,3802814,0,0,176449,,,
lego,lego,197,selected_coord18_conic20_opacity8_rgb10,20,full_pd_guard,-0.001911163330078125,-7.891654968261719e-05,-6.638467311859131e-06,34.15447235107422,34.1563835144043,0.9659150242805481,0.9659939408302307,0.056947238743305206,0.056953877210617065,55.799339294433594,0,3947375,0,0,155464,,,
lego,lego,198,selected_coord18_conic20_opacity8_rgb10,20,full_pd_guard,-0.007419586181640625,-8.249282836914062e-05,2.24970281124115e-05,33.92144012451172,33.92885971069336,0.9655371308326721,0.9656196236610413,0.060886044055223465,0.06086354702711105,56.002952575683594,0,4121103,0,0,173153,,,
lego,lego,199,selected_coord18_conic20_opacity8_rgb10,20,full_pd_guard,-0.0090789794921875,-8.809566497802734e-05,4.637613892555237e-05,33.73548126220703,33.74456024169922,0.9651718735694885,0.9652599692344666,0.06025271862745285,0.0602063424885273,55.81624984741211,0,4280874,0,0,179887,,,
playroom,playroom,1,selected_coord18_conic20_opacity8_rgb10,20,full_pd_guard,0.006591796875,8.022785186767578e-05,-0.0007665753364562988,32.354488372802734,32.347896575927734,0.8978551030158997,0.897774875164032,0.2895989418029785,0.2903655171394348,57.84326171875,0,18522043,0,0,431154,,,
playroom,playroom,2,selected_coord18_conic20_opacity8_rgb10,20,full_pd_guard,-0.031206130981445312,-0.0011219382286071777,-0.0005831718444824219,28.726964950561523,28.75817108154297,0.8715055584907532,0.8726274967193604,0.22484508156776428,0.2254282534122467,53.878944396972656,0,22381072,0,0,690930,,,
playroom,playroom,3,selected_coord18_conic20_opacity8_rgb10,20,full_pd_guard,0.0051116943359375,-0.00023800134658813477,-0.0018685460090637207,33.3974609375,33.39234924316406,0.9647302627563477,0.9649682641029358,0.23241092264652252,0.23427946865558624,54.41651916503906,0,22921451,0,0,183585,,,
playroom,playroom,4,selected_coord18_conic20_opacity8_rgb10,20,full_pd_guard,-0.13550949096679688,-0.00028836727142333984,-0.0013184547424316406,32.19032287597656,32.32583236694336,0.9353673458099365,0.9356557130813599,0.27145498991012573,0.2727734446525574,52.762298583984375,0,24333239,0,0,376108,,,
playroom,playroom,5,selected_coord18_conic20_opacity8_rgb10,20,full_pd_guard,-0.06732559204101562,-2.7179718017578125e-05,-0.0014162659645080566,35.62123489379883,35.688560485839844,0.9518054723739624,0.95183265209198,0.23587125539779663,0.2372875213623047,54.4159049987793,0,21026359,0,0,207730,,,
playroom,playroom,6,selected_coord18_conic20_opacity8_rgb10,20,full_pd_guard,0.3034820556640625,0.0004470944404602051,-0.0017258524894714355,25.587936401367188,25.284454345703125,0.8911628723144531,0.8907157778739929,0.27621692419052124,0.2779427766799927,43.91733932495117,0,25369484,0,0,350768,,,
playroom,playroom,7,selected_coord18_conic20_opacity8_rgb10,20,full_pd_guard,-0.006622314453125,-0.00040274858474731445,-0.0009324550628662109,31.294485092163086,31.30110740661621,0.882366955280304,0.8827697038650513,0.35466063022613525,0.35559308528900146,57.78167724609375,0,17503530,0,0,711633,,,
playroom,playroom,8,selected_coord18_conic20_opacity8_rgb10,20,full_pd_guard,-0.013601303100585938,-0.0003616809844970703,-0.0007051229476928711,26.12005615234375,26.133657455444336,0.8418889045715332,0.8422505855560303,0.29246318340301514,0.293168306350708,57.29423141479492,0,18853177,0,0,432733,,,
playroom,playroom,9,selected_coord18_conic20_opacity8_rgb10,20,full_pd_guard,-0.13830947875976562,-0.0008881688117980957,-0.0011033713817596436,23.495689392089844,23.63399887084961,0.8317880034446716,0.8326761722564697,0.33251574635505676,0.3336191177368164,45.52106475830078,0,31422099,0,0,417577,,,
playroom,playroom,10,selected_coord18_conic20_opacity8_rgb10,20,full_pd_guard,-0.01753997802734375,-0.0002505183219909668,-0.0017727315425872803,33.66257858276367,33.680118560791016,0.9426358938217163,0.9428864121437073,0.30232009291648865,0.3040928244590759,55.33102035522461,0,20082415,0,0,271758,,,
playroom,playroom,11,selected_coord18_conic20_opacity8_rgb10,20,full_pd_guard,0.033191680908203125,-0.0003153681755065918,-0.0012713074684143066,31.559200286865234,31.52600860595703,0.9320114254951477,0.9323267936706543,0.20053261518478394,0.20180392265319824,54.22454071044922,0,21935190,0,0,292889,,,
playroom,playroom,12,selected_coord18_conic20_opacity8_rgb10,20,full_pd_guard,0.01070404052734375,-0.0005204081535339355,-0.0007574260234832764,32.02787780761719,32.017173767089844,0.9044895768165588,0.9050099849700928,0.2703976631164551,0.27115508913993835,57.07561492919922,0,17440580,0,0,441113,,,
playroom,playroom,13,selected_coord18_conic20_opacity8_rgb10,20,full_pd_guard,-0.1106109619140625,-0.000357210636138916,-0.0014064908027648926,28.104915618896484,28.215526580810547,0.9519830346107483,0.9523402452468872,0.21469812095165253,0.21610461175441742,55.043670654296875,0,24382801,0,0,364419,,,
playroom,playroom,14,selected_coord18_conic20_opacity8_rgb10,20,full_pd_guard,-0.031497955322265625,-0.0003393888473510742,-0.0008376538753509521,27.85696792602539,27.888465881347656,0.8759046792984009,0.876244068145752,0.29332485795021057,0.2941625118255615,53.294551849365234,0,15694452,0,0,235990,,,
playroom,playroom,15,selected_coord18_conic20_opacity8_rgb10,20,full_pd_guard,0.05566978454589844,-0.0001824498176574707,-0.00107651948928833,30.171619415283203,30.115949630737305,0.9158526659011841,0.9160351157188416,0.3183997869491577,0.31947630643844604,52.65843963623047,0,22003165,0,0,145438,,,
playroom,playroom,16,selected_coord18_conic20_opacity8_rgb10,20,full_pd_guard,-0.020174026489257812,-0.00027245283126831055,-0.0011367201805114746,27.808879852294922,27.82905387878418,0.8643829822540283,0.8646554350852966,0.2976025938987732,0.29873931407928467,54.13689422607422,0,27509143,0,0,470739,,,
playroom,playroom,17,selected_coord18_conic20_opacity8_rgb10,20,full_pd_guard,0.00637054443359375,-0.0003973245620727539,-0.0013293623924255371,32.76537322998047,32.759002685546875,0.9256256818771362,0.926023006439209,0.2649323344230652,0.2662616968154907,57.21818542480469,0,24458109,0,0,364349,,,
playroom,playroom,18,selected_coord18_conic20_opacity8_rgb10,20,full_pd_guard,-0.06603813171386719,-0.00039499998092651367,-0.0013317614793777466,30.574920654296875,30.640958786010742,0.9406590461730957,0.9410540461540222,0.24465006589889526,0.245981827378273,57.20638656616211,0,19375797,0,0,216573,,,
playroom,playroom,19,selected_coord18_conic20_opacity8_rgb10,20,full_pd_guard,-0.04778099060058594,-0.003171861171722412,0.00012895464897155762,26.110082626342773,26.15786361694336,0.8288601636886597,0.8320320248603821,0.3646422028541565,0.36451324820518494,47.59696578979492,0,21114626,0,0,383518,,,
playroom,playroom,20,selected_coord18_conic20_opacity8_rgb10,20,full_pd_guard,0.04747581481933594,-0.00012373924255371094,-0.001454472541809082,31.533605575561523,31.486129760742188,0.9184693694114685,0.9185931086540222,0.2900775074958801,0.2915319800376892,56.42490768432617,0,20892499,0,0,279620,,,
playroom,playroom,21,selected_coord18_conic20_opacity8_rgb10,20,full_pd_guard,0.003143310546875,-0.0016655325889587402,-0.001493990421295166,34.8448486328125,34.841705322265625,0.9161154627799988,0.9177809953689575,0.31898102164268494,0.3204750120639801,55.76755905151367,0,21475856,0,0,262125,,,
playroom,playroom,22,selected_coord18_conic20_opacity8_rgb10,20,full_pd_guard,-0.14040756225585938,-0.0008830428123474121,-0.0009131729602813721,29.589641571044922,29.73004913330078,0.920340895652771,0.9212239384651184,0.28070205450057983,0.2816152274608612,51.69728088378906,0,18751881,0,0,195163,,,
playroom,playroom,23,selected_coord18_conic20_opacity8_rgb10,20,full_pd_guard,0.0151519775390625,0.00017112493515014648,-0.0004729628562927246,29.707374572753906,29.692222595214844,0.8888251185417175,0.8886539936065674,0.22868970036506653,0.22916266322135925,53.63494873046875,0,20549301,0,0,653697,,,
playroom,playroom,24,selected_coord18_conic20_opacity8_rgb10,20,full_pd_guard,-0.051753997802734375,-0.0006461143493652344,-0.0005693286657333374,25.800899505615234,25.85265350341797,0.8886786699295044,0.8893247842788696,0.24202652275562286,0.2425958514213562,54.67081832885742,0,21577037,0,0,713614,,,
playroom,playroom,25,selected_coord18_conic20_opacity8_rgb10,20,full_pd_guard,-0.01105499267578125,-0.0003096461296081543,-0.0008927881717681885,32.92578125,32.93683624267578,0.914061963558197,0.9143716096878052,0.2627159357070923,0.2636087238788605,57.71456527709961,0,17805449,0,0,544924,,,
playroom,playroom,26,selected_coord18_conic20_opacity8_rgb10,20,full_pd_guard,-0.02079010009765625,-0.0005179047584533691,-0.00117570161819458,32.174232482910156,32.19502258300781,0.9363224506378174,0.9368403553962708,0.26449906826019287,0.26567476987838745,53.12438201904297,0,21854428,0,0,328867,,,
playroom,playroom,27,selected_coord18_conic20_opacity8_rgb10,20,full_pd_guard,0.0436553955078125,-0.00030159950256347656,-0.0012328177690505981,31.687511444091797,31.643856048583984,0.9332184195518494,0.9335200190544128,0.20348195731639862,0.20471477508544922,53.661376953125,0,24099339,0,0,379867,,,
playroom,playroom,28,selected_coord18_conic20_opacity8_rgb10,20,full_pd_guard,-0.017345428466796875,-0.0004932284355163574,-0.0010511279106140137,32.23933792114258,32.256683349609375,0.9067597985267639,0.9072530269622803,0.29101723432540894,0.29206836223602295,49.53315734863281,0,17067273,0,0,246775,,,
truck,truck,1,selected_coord18_conic20_opacity8_rgb10,20,full_pd_guard,-0.09752082824707031,-0.0008962750434875488,-0.0005887597799301147,26.06277084350586,26.16029167175293,0.8918423056602478,0.8927385807037354,0.15814484655857086,0.15873360633850098,45.143455505371094,0,18323437,0,0,647721,,,
truck,truck,2,selected_coord18_conic20_opacity8_rgb10,20,full_pd_guard,-0.05224800109863281,-0.0008112788200378418,-0.00011973083019256592,24.944377899169922,24.996625900268555,0.8574123978614807,0.8582236766815186,0.16282963752746582,0.1629493683576584,43.75495529174805,0,18961154,0,0,712810,,,
truck,truck,3,selected_coord18_conic20_opacity8_rgb10,20,full_pd_guard,-0.7921161651611328,-0.009419143199920654,0.002709001302719116,24.469022750854492,25.261138916015625,0.8454614281654358,0.8548805713653564,0.20066699385643005,0.19795799255371094,30.294986724853516,0,16497211,0,0,556033,,,
truck,truck,4,selected_coord18_conic20_opacity8_rgb10,20,full_pd_guard,-0.009485244750976562,4.3392181396484375e-05,-0.0008356273174285889,25.578954696655273,25.58843994140625,0.8653382062911987,0.8652948141098022,0.17916101217269897,0.17999663949012756,41.69866180419922,0,21450609,0,0,612947,,,
truck,truck,5,selected_coord18_conic20_opacity8_rgb10,20,full_pd_guard,-0.024463653564453125,-0.00040966272354125977,-0.00023077428340911865,26.04495620727539,26.069419860839844,0.8663095831871033,0.8667192459106445,0.1714770793914795,0.1717078536748886,46.13737106323242,0,18351670,0,0,683545,,,
truck,truck,6,selected_coord18_conic20_opacity8_rgb10,20,full_pd_guard,-0.0316619873046875,-0.0004315972328186035,-0.00046899914741516113,25.54263687133789,25.574298858642578,0.8829731345176697,0.8834047317504883,0.17324551939964294,0.1737145185470581,48.02857208251953,0,18155885,0,0,640857,,,
truck,truck,7,selected_coord18_conic20_opacity8_rgb10,20,full_pd_guard,-0.007720947265625,-0.0005791783332824707,-0.0003973841667175293,24.279754638671875,24.2874755859375,0.8414812088012695,0.842060387134552,0.18074579536914825,0.18114317953586578,48.418113708496094,0,21806651,0,0,609092,,,
truck,truck,8,selected_coord18_conic20_opacity8_rgb10,20,full_pd_guard,-0.13011932373046875,-0.0005109906196594238,-0.0005067884922027588,23.952213287353516,24.082332611083984,0.8612481951713562,0.8617591857910156,0.19656582176685333,0.1970726102590561,42.749359130859375,0,20315315,0,0,547877,,,
truck,truck,9,selected_coord18_conic20_opacity8_rgb10,20,full_pd_guard,0.0022449493408203125,-0.00045865774154663086,-0.00038261711597442627,26.67486572265625,26.67262077331543,0.9048607349395752,0.9053193926811218,0.20013247430324554,0.20051509141921997,46.826133728027344,0,20401773,0,0,538431,,,
truck,truck,10,selected_coord18_conic20_opacity8_rgb10,20,full_pd_guard,-0.04296302795410156,-0.0006254315376281738,-0.0004664808511734009,25.611783981323242,25.654747009277344,0.8647449612617493,0.8653703927993774,0.22128890454769135,0.22175538539886475,46.37681198120117,0,16552563,0,0,553854,,,
truck,truck,11,selected_coord18_conic20_opacity8_rgb10,20,full_pd_guard,-0.679962158203125,-0.006501615047454834,0.001745462417602539,24.387557983398438,25.067520141601562,0.8715171813964844,0.8780187964439392,0.17024819552898407,0.16850273311138153,31.9990234375,0,19519799,0,0,520304,,,
truck,truck,12,selected_coord18_conic20_opacity8_rgb10,20,full_pd_guard,-0.05683326721191406,-0.00047338008880615234,-0.0003971010446548462,24.890050888061523,24.946884155273438,0.880686342716217,0.8811597228050232,0.15881769359111786,0.1592147946357727,46.636146545410156,0,19168960,0,0,629020,,,
truck,truck,13,selected_coord18_conic20_opacity8_rgb10,20,full_pd_guard,-0.07684516906738281,-0.00031632184982299805,-0.0003409534692764282,25.796443939208984,25.873289108276367,0.8904790282249451,0.8907953500747681,0.16619111597537994,0.16653206944465637,46.89590072631836,0,17583304,0,0,661697,,,
truck,truck,14,selected_coord18_conic20_opacity8_rgb10,20,full_pd_guard,-0.025354385375976562,-0.0006701946258544922,-0.00040903687477111816,24.22041130065918,24.245765686035156,0.8582038879394531,0.8588740825653076,0.18461304903030396,0.18502208590507507,47.126861572265625,0,16059417,0,0,603577,,,
truck,truck,15,selected_coord18_conic20_opacity8_rgb10,20,full_pd_guard,-0.086456298828125,-0.0007579326629638672,-0.0004491060972213745,23.395282745361328,23.481739044189453,0.838700532913208,0.8394584655761719,0.20645467936992645,0.20690378546714783,44.32395553588867,0,16834979,0,0,573418,,,
truck,truck,16,selected_coord18_conic20_opacity8_rgb10,20,full_pd_guard,-0.0527191162109375,-0.0005225539207458496,-0.0003987550735473633,25.39410400390625,25.446823120117188,0.8537738919258118,0.8542964458465576,0.20002037286758423,0.2004191279411316,49.29600143432617,0,16496769,0,0,639580,,,
truck,truck,17,selected_coord18_conic20_opacity8_rgb10,20,full_pd_guard,-0.2523040771484375,-0.000758051872253418,-0.0007272809743881226,24.592443466186523,24.84474754333496,0.8549440503120422,0.8557021021842957,0.17587971687316895,0.17660699784755707,38.46658706665039,0,17354676,0,0,613472,,,
truck,truck,18,selected_coord18_conic20_opacity8_rgb10,20,full_pd_guard,-0.13985633850097656,-0.001146852970123291,-0.00026702880859375,25.43756675720215,25.577423095703125,0.8302329778671265,0.8313798308372498,0.19280856847763062,0.19307559728622437,42.777400970458984,0,17353020,0,0,577284,,,
truck,truck,19,selected_coord18_conic20_opacity8_rgb10,20,full_pd_guard,-0.022420883178710938,-0.00036638975143432617,-0.000508621335029602,23.541671752929688,23.5640926361084,0.8588312268257141,0.8591976165771484,0.2206663191318512,0.2211749404668808,51.304481506347656,0,23379001,0,0,417838,,,
truck,truck,20,selected_coord18_conic20_opacity8_rgb10,20,full_pd_guard,-0.09252738952636719,-0.0003656744956970215,-0.0003609955310821533,26.05720329284668,26.149730682373047,0.8804342150688171,0.8807998895645142,0.23917827010154724,0.2395392656326294,43.52914047241211,0,20793574,0,0,424822,,,
truck,truck,21,selected_coord18_conic20_opacity8_rgb10,20,full_pd_guard,-0.025875091552734375,-0.000736534595489502,-0.00037169456481933594,24.963985443115234,24.98986053466797,0.8640958666801453,0.8648324012756348,0.18660740554332733,0.18697910010814667,45.98850631713867,0,20876755,0,0,637486,,,
truck,truck,22,selected_coord18_conic20_opacity8_rgb10,20,full_pd_guard,-0.08165359497070312,0.0005315542221069336,-0.00045727193355560303,26.450923919677734,26.532577514648438,0.8751618266105652,0.8746302723884583,0.19346781075000763,0.19392508268356323,44.804229736328125,0,19101241,0,0,591703,,,
truck,truck,23,selected_coord18_conic20_opacity8_rgb10,20,full_pd_guard,-0.07607269287109375,-0.0006479620933532715,-0.00016891956329345703,26.79023551940918,26.866308212280273,0.8847140073776245,0.8853619694709778,0.21618393063545227,0.21635285019874573,44.50472640991211,0,18022616,0,0,479046,,,
truck,truck,24,selected_coord18_conic20_opacity8_rgb10,20,full_pd_guard,-1.8793468475341797,-0.008442163467407227,0.0032631754875183105,25.475563049316406,27.354909896850586,0.8807932138442993,0.8892353773117065,0.23430299758911133,0.23103982210159302,29.93440818786621,0,19230893,0,0,466797,,,
truck,truck,25,selected_coord18_conic20_opacity8_rgb10,20,full_pd_guard,-0.17117881774902344,-0.0006429553031921387,-0.0005151927471160889,25.8491268157959,26.020305633544922,0.8860427737236023,0.8866857290267944,0.17913445830345154,0.17964965105056763,43.610076904296875,0,18193829,0,0,696880,,,
truck,truck,26,selected_coord18_conic20_opacity8_rgb10,20,full_pd_guard,-0.0032558441162109375,-0.0002511739730834961,-0.00026322901248931885,24.81648826599121,24.819744110107422,0.8731443285942078,0.8733955025672913,0.16412673890590668,0.164389967918396,47.455909729003906,0,19485926,0,0,702352,,,
truck,truck,27,selected_coord18_conic20_opacity8_rgb10,20,full_pd_guard,0.0027751922607421875,-1.1324882507324219e-05,-0.0003261864185333252,21.783191680908203,21.78041648864746,0.811008632183075,0.8110199570655823,0.2267044633626938,0.2270306497812271,49.48200607299805,0,20545087,0,0,558130,,,
truck,truck,28,selected_coord18_conic20_opacity8_rgb10,20,full_pd_guard,-0.03133583068847656,-0.00047135353088378906,-9.304285049438477e-05,24.410511016845703,24.44184684753418,0.8637332320213318,0.8642045855522156,0.1814383715391159,0.1815314143896103,49.070960998535156,0,22361186,0,0,647682,,,
truck,truck,29,selected_coord18_conic20_opacity8_rgb10,20,full_pd_guard,-0.6500129699707031,-0.0017037391662597656,0.0007668882608413696,23.257869720458984,23.907882690429688,0.8498895764350891,0.8515933156013489,0.20216265320777893,0.20139576494693756,34.80322265625,0,21717360,0,0,477795,,,
truck,truck,30,selected_coord18_conic20_opacity8_rgb10,20,full_pd_guard,-0.038433074951171875,-0.0007340908050537109,-0.00042638182640075684,25.14364242553711,25.18207550048828,0.8826976418495178,0.8834317326545715,0.18291029334068298,0.18333667516708374,42.127079010009766,0,21452894,0,0,590883,,,
truck,truck,31,selected_coord18_conic20_opacity8_rgb10,20,full_pd_guard,-0.07785415649414062,-0.0006982088088989258,-0.0003762543201446533,25.06838607788086,25.146240234375,0.8760336637496948,0.8767318725585938,0.20920124650001526,0.2095775008201599,45.291099548339844,0,17471946,0,0,615772,,,
tt107k,tt107k,1,selected_coord18_conic20_opacity8_rgb10,20,full_pd_guard,0.17861175537109375,-0.002643883228302002,-0.0009906142950057983,23.960987091064453,23.78237533569336,0.8480798602104187,0.8507237434387207,0.21292376518249512,0.21391437947750092,42.07726287841797,0,16535356,0,0,473291,,,
tt107k,tt107k,2,selected_coord18_conic20_opacity8_rgb10,20,full_pd_guard,-0.012537002563476562,-0.0005644559860229492,-0.0007234811782836914,26.219091415405273,26.23162841796875,0.8948065042495728,0.8953709602355957,0.19632574915885925,0.19704923033714294,50.54833984375,0,18743789,0,0,447161,,,
tt107k,tt107k,3,selected_coord18_conic20_opacity8_rgb10,20,full_pd_guard,0.012132644653320312,0.00013399124145507812,-0.0005646646022796631,21.987424850463867,21.975292205810547,0.7519826889038086,0.7518486976623535,0.35903722047805786,0.3596018850803375,42.81338119506836,0,11764845,0,0,396731,,,
tt107k,tt107k,4,selected_coord18_conic20_opacity8_rgb10,20,full_pd_guard,0.013397216796875,-0.0004900097846984863,-0.0009321868419647217,23.95467758178711,23.941280364990234,0.8246683478355408,0.8251583576202393,0.26537126302719116,0.2663034498691559,49.20075225830078,0,14112955,0,0,335269,,,
tt107k,tt107k,5,selected_coord18_conic20_opacity8_rgb10,20,full_pd_guard,-0.08985137939453125,-0.00038689374923706055,-0.0009306371212005615,22.724851608276367,22.8147029876709,0.8221715092658997,0.8225584030151367,0.26771843433380127,0.26864907145500183,48.322357177734375,0,15984138,0,0,651940,,,
tt107k,tt107k,6,selected_coord18_conic20_opacity8_rgb10,20,full_pd_guard,-0.16330718994140625,-0.00025153160095214844,-0.0005130171775817871,22.137670516967773,22.30097770690918,0.8234325051307678,0.82368403673172,0.24366068840026855,0.24417370557785034,44.69492721557617,0,15740817,0,0,492629,,,
tt107k,tt107k,7,selected_coord18_conic20_opacity8_rgb10,20,full_pd_guard,0.05926322937011719,-0.00020903348922729492,-0.000659644603729248,22.59177017211914,22.532506942749023,0.7989563345909119,0.7991653680801392,0.2847505211830139,0.28541016578674316,48.55975341796875,0,16401872,0,0,522279,,,
tt107k,tt107k,8,selected_coord18_conic20_opacity8_rgb10,20,full_pd_guard,-0.15834617614746094,-0.0008569955825805664,-0.0008812844753265381,24.02301788330078,24.181364059448242,0.8140609264373779,0.8149179220199585,0.27907854318618774,0.2799598276615143,44.34449005126953,0,18331720,0,0,476682,,,
tt107k,tt107k,9,selected_coord18_conic20_opacity8_rgb10,20,full_pd_guard,-0.43366432189941406,-0.0022385716438293457,-0.0004855841398239136,22.02382469177246,22.457489013671875,0.8477619290351868,0.8500005006790161,0.20217730104923248,0.2026628851890564,42.79108810424805,0,20604260,0,0,862377,,,
tt107k,tt107k,10,selected_coord18_conic20_opacity8_rgb10,20,full_pd_guard,-0.0932159423828125,0.01990288496017456,0.00032955408096313477,22.371471405029297,22.46468734741211,0.8204792141914368,0.8005763292312622,0.265685111284256,0.26535555720329285,23.899795532226562,0,18207227,0,0,326188,,,
tt107k,tt107k,11,selected_coord18_conic20_opacity8_rgb10,20,full_pd_guard,-0.014093399047851562,-0.0003293752670288086,-0.0003363192081451416,19.487125396728516,19.501218795776367,0.6767235994338989,0.6770529747009277,0.3238082528114319,0.324144572019577,49.32285690307617,0,18170437,0,0,433744,,,
tt107k,tt107k,12,selected_coord18_conic20_opacity8_rgb10,20,full_pd_guard,-0.30410194396972656,-0.0031139254570007324,-0.003123342990875244,21.981428146362305,22.28553009033203,0.8612444400787354,0.8643583655357361,0.25912153720855713,0.2622448801994324,31.286102294921875,0,16449441,0,0,269265,,,
tt107k,tt107k,13,selected_coord18_conic20_opacity8_rgb10,20,full_pd_guard,-0.7323055267333984,-0.0035144686698913574,-0.0018817782402038574,21.9539852142334,22.686290740966797,0.8452951908111572,0.8488096594810486,0.2594097852706909,0.2612915635108948,33.5623779296875,0,19325047,0,0,551708,,,
tt107k,tt107k,14,selected_coord18_conic20_opacity8_rgb10,20,full_pd_guard,-0.04606819152832031,-0.0014373064041137695,1.0788440704345703e-05,17.455913543701172,17.501981735229492,0.6531385183334351,0.6545758247375488,0.3519720435142517,0.35196125507354736,47.41657257080078,0,16471270,0,0,497551,,,
tt107k,tt107k,15,selected_coord18_conic20_opacity8_rgb10,20,full_pd_guard,-0.017595291137695312,0.00011724233627319336,-0.0008099079132080078,21.188697814941406,21.2062931060791,0.7188418507575989,0.7187246084213257,0.27860695123672485,0.27941685914993286,45.537681579589844,0,17070436,0,0,367490,,,
tt107k,tt107k,16,selected_coord18_conic20_opacity8_rgb10,20,full_pd_guard,-0.18014907836914062,-0.007034361362457275,0.00031122565269470215,16.553062438964844,16.733211517333984,0.6192552447319031,0.6262896060943604,0.38570234179496765,0.38539111614227295,31.54094696044922,0,12740904,0,0,295794,,,
tt107k,tt107k,17,selected_coord18_conic20_opacity8_rgb10,20,full_pd_guard,0.003307342529296875,-0.0003407597541809082,-0.0006103813648223877,21.769790649414062,21.766483306884766,0.7127612829208374,0.7131020426750183,0.3315337300300598,0.3321441113948822,49.445343017578125,0,15757474,0,0,342825,,,
tt107k,tt107k,18,selected_coord18_conic20_opacity8_rgb10,20,full_pd_guard,-0.004486083984375,-0.0004496574401855469,-0.00017201900482177734,19.942468643188477,19.94695472717285,0.6697905659675598,0.6702402234077454,0.3519468903541565,0.35211890935897827,48.153839111328125,0,14867722,0,0,393650,,,
tt107k,tt107k,19,selected_coord18_conic20_opacity8_rgb10,20,full_pd_guard,-0.028018951416015625,-0.00041037797927856445,-0.0011276006698608398,22.095664978027344,22.12368392944336,0.7356292009353638,0.7360395789146423,0.31666553020477295,0.3177931308746338,43.6312370300293,0,15846789,0,0,388204,,,
tt107k,tt107k,20,selected_coord18_conic20_opacity8_rgb10,20,full_pd_guard,0.0037021636962890625,-0.00022643804550170898,-0.0012276172637939453,19.386953353881836,19.383251190185547,0.7090514302253723,0.709277868270874,0.3455502390861511,0.34677785634994507,49.31109619140625,0,13219409,0,0,383381,,,
tt107k,tt107k,21,selected_coord18_conic20_opacity8_rgb10,20,full_pd_guard,-0.07366561889648438,0.0007095932960510254,-0.0008015334606170654,22.391319274902344,22.464984893798828,0.7982001900672913,0.7974905967712402,0.277919203042984,0.2787207365036011,41.4652099609375,0,16976930,0,0,522737,,,
tt107k,tt107k,22,selected_coord18_conic20_opacity8_rgb10,20,full_pd_guard,0.026765823364257812,-0.00023829936981201172,-0.0010482072830200195,21.955244064331055,21.928478240966797,0.8758841753005981,0.8761224746704102,0.21452596783638,0.21557417511940002,48.917694091796875,0,18607645,0,0,265712,,,
tt107k,tt107k,23,selected_coord18_conic20_opacity8_rgb10,20,full_pd_guard,-0.2828521728515625,-0.0020363926887512207,-0.00042515993118286133,19.429981231689453,19.712833404541016,0.7879506349563599,0.7899870276451111,0.2763650417327881,0.27679020166397095,40.291744232177734,0,17040136,0,0,292150,,,
tt107k,tt107k,24,selected_coord18_conic20_opacity8_rgb10,20,full_pd_guard,-0.009691238403320312,-0.0004559159278869629,-0.0005396902561187744,18.515941619873047,18.525632858276367,0.7445841431617737,0.7450400590896606,0.3054530918598175,0.3059927821159363,47.09088134765625,0,18576409,0,0,317891,,,
tt107k,tt107k,25,selected_coord18_conic20_opacity8_rgb10,20,full_pd_guard,-0.0038356781005859375,-0.00038701295852661133,-0.000853613018989563,22.45802879333496,22.461864471435547,0.7894679307937622,0.7898549437522888,0.24824227392673492,0.2490958869457245,47.86962890625,0,20284449,0,0,507313,,,
tt107k,tt107k,26,selected_coord18_conic20_opacity8_rgb10,20,full_pd_guard,0.8383255004882812,0.022627592086791992,-0.0016463696956634521,22.39508819580078,21.5567626953125,0.7770996689796448,0.7544720768928528,0.28649139404296875,0.2881377637386322,29.59471893310547,0,18585743,0,0,410818,,,
tt107k,tt107k,27,selected_coord18_conic20_opacity8_rgb10,20,full_pd_guard,-0.08050155639648438,-0.00020307302474975586,-0.0006845295429229736,21.026329040527344,21.106830596923828,0.7655972242355347,0.7658002972602844,0.2933709919452667,0.2940555214881897,45.36522674560547,0,20205744,0,0,392645,,,
tt107k,tt107k,28,selected_coord18_conic20_opacity8_rgb10,20,full_pd_guard,0.19768333435058594,0.0018669962882995605,-0.0006314218044281006,18.926128387451172,18.728445053100586,0.6812474131584167,0.6793804168701172,0.3200525641441345,0.3206839859485626,40.964717864990234,0,19925661,0,0,472047,,,
tt107k,tt107k,29,selected_coord18_conic20_opacity8_rgb10,20,full_pd_guard,-0.27521324157714844,-0.002552509307861328,-0.00033792853355407715,24.331573486328125,24.606786727905273,0.8086360692977905,0.8111885786056519,0.28597554564476013,0.2863134741783142,39.421260833740234,0,18868847,0,0,251223,,,
tt107k,tt107k,30,selected_coord18_conic20_opacity8_rgb10,20,full_pd_guard,0.00478363037109375,0.0001639723777770996,-0.0002987980842590332,23.14772605895996,23.142942428588867,0.7436517477035522,0.7434877753257751,0.33347731828689575,0.3337761163711548,45.43122482299805,0,15414810,0,0,262497,,,
tt107k,tt107k,31,selected_coord18_conic20_opacity8_rgb10,20,full_pd_guard,0.1889362335205078,5.5670738220214844e-05,-0.0003175586462020874,26.5078182220459,26.31888198852539,0.8521312475204468,0.8520755767822266,0.2491340935230255,0.2494516521692276,37.49302291870117,0,16717106,0,0,223191,,,
tt107k,tt107k,32,selected_coord18_conic20_opacity8_rgb10,20,full_pd_guard,-0.44133567810058594,-0.002519667148590088,4.208087921142578e-05,22.95429039001465,23.395626068115234,0.7962659001350403,0.7987855672836304,0.29835522174835205,0.2983131408691406,38.39960479736328,0,17712806,0,0,322634,,,
tt107k,tt107k,33,selected_coord18_conic20_opacity8_rgb10,20,full_pd_guard,-1.7731142044067383,-0.020512789487838745,0.0010127425193786621,13.301562309265137,15.074676513671875,0.48997047543525696,0.5104832649230957,0.4773321747779846,0.47631943225860596,19.421852111816406,0,17975932,0,0,466154,,,
tt107k,tt107k,34,selected_coord18_conic20_opacity8_rgb10,20,full_pd_guard,0.032352447509765625,0.0002619624137878418,-0.0009315311908721924,19.184099197387695,19.15174674987793,0.7650689482688904,0.7648069858551025,0.32257071137428284,0.32350224256515503,47.55671310424805,0,17711551,0,0,481637,,,
tt107k,tt107k,35,selected_coord18_conic20_opacity8_rgb10,20,full_pd_guard,0.012676239013671875,-0.0007280111312866211,-0.0013592243194580078,16.64846420288086,16.635787963867188,0.7501274943351746,0.7508555054664612,0.32977479696273804,0.33113402128219604,49.907249450683594,0,17414349,0,0,284809,,,
tt107k,tt107k,36,selected_coord18_conic20_opacity8_rgb10,20,full_pd_guard,-0.043552398681640625,-0.0007779598236083984,-0.0007539093494415283,22.658809661865234,22.702362060546875,0.7743789553642273,0.7751569151878357,0.2679688334465027,0.2687227427959442,46.41725158691406,0,16977184,0,0,969024,,,
tt107k,tt107k,37,selected_coord18_conic20_opacity8_rgb10,20,full_pd_guard,0.0410003662109375,-0.0003018975257873535,-0.0008650422096252441,21.51079559326172,21.46979522705078,0.7826120853424072,0.7829139828681946,0.27610450983047485,0.2769695520401001,47.44470977783203,0,17166705,0,0,533004,,,
bicycle,Bicycle,1,selected_coord18_conic21_opacity8_rgb10,21,full_pd_guard,0.05101203918457031,-0.00044089555740356445,0.00038617849349975586,18.87660789489746,18.82559585571289,0.5195421576499939,0.5199830532073975,0.36459362506866455,0.3642074465751648,45.4400749206543,0,37499059,0,0,1790900,800,18,0
bicycle,Bicycle,2,selected_coord18_conic21_opacity8_rgb10,21,full_pd_guard,0.06536483764648438,0.0003516077995300293,-0.00021278858184814453,19.646472930908203,19.58110809326172,0.5462424755096436,0.5458908677101135,0.4008624255657196,0.40107521414756775,47.900535583496094,0,35764762,0,0,1704802,1206,35,0
bicycle,Bicycle,3,selected_coord18_conic21_opacity8_rgb10,21,full_pd_guard,-0.001789093017578125,-0.0002816915512084961,-0.00035250186920166016,20.828075408935547,20.829864501953125,0.6356781721115112,0.6359598636627197,0.3425101637840271,0.34286266565322876,49.71226501464844,0,36482957,0,0,1779021,956,23,0
bicycle,Bicycle,4,selected_coord18_conic21_opacity8_rgb10,21,full_pd_guard,-0.004245758056640625,-0.0003688335418701172,-0.00031882524490356445,21.668285369873047,21.672531127929688,0.6567327380180359,0.657101571559906,0.35081762075424194,0.3511364459991455,50.440040588378906,0,32584641,0,0,1337310,1009,35,0
bicycle,Bicycle,5,selected_coord18_conic21_opacity8_rgb10,21,full_pd_guard,-0.002353668212890625,-0.00019806623458862305,-9.697675704956055e-05,22.461788177490234,22.464141845703125,0.6751114130020142,0.6753094792366028,0.34487029910087585,0.3449672758579254,50.84116744995117,0,31029007,0,0,1500389,884,12,0
bicycle,Bicycle,6,selected_coord18_conic21_opacity8_rgb10,21,full_pd_guard,-0.02256011962890625,-0.0007374286651611328,-3.209710121154785e-05,24.68294334411621,24.705503463745117,0.7329124212265015,0.7336498498916626,0.2872064411640167,0.28723853826522827,49.80865478515625,0,34913317,0,0,1830580,964,28,0
bicycle,Bicycle,7,selected_coord18_conic21_opacity8_rgb10,21,full_pd_guard,-0.00754547119140625,-0.00030034780502319336,-7.131695747375488e-05,25.04681968688965,25.054365158081055,0.7282558679580688,0.728556215763092,0.2904027998447418,0.2904741168022156,48.33038330078125,0,32345835,0,0,1461046,874,47,0
bicycle,Bicycle,8,selected_coord18_conic21_opacity8_rgb10,21,full_pd_guard,-0.021465301513671875,-0.0005046725273132324,-6.73532485961914e-05,24.531856536865234,24.553321838378906,0.6713072061538696,0.6718118786811829,0.3616163730621338,0.36168372631073,49.00548553466797,0,32643237,0,0,1345422,998,23,0
bicycle,Bicycle,9,selected_coord18_conic21_opacity8_rgb10,21,full_pd_guard,-0.021015167236328125,-0.0004762411117553711,-0.00022879242897033691,25.40963363647461,25.430648803710938,0.7307175993919373,0.7311938405036926,0.31434765458106995,0.3145764470100403,50.467586517333984,0,31356521,0,0,1279662,1039,23,0
bicycle,Bicycle,10,selected_coord18_conic21_opacity8_rgb10,21,full_pd_guard,-0.020170211791992188,-0.0004273056983947754,-0.00031119585037231445,24.578039169311523,24.598209381103516,0.7173617482185364,0.7177890539169312,0.3176117539405823,0.3179229497909546,50.62649154663086,0,32774856,0,0,1345108,1160,36,0
bicycle,Bicycle,11,selected_coord18_conic21_opacity8_rgb10,21,full_pd_guard,-0.011508941650390625,-0.0007270574569702148,-0.00028395652770996094,23.76253890991211,23.7740478515625,0.6888352036476135,0.6895622611045837,0.3508753776550293,0.35115933418273926,49.2537841796875,0,30996394,0,0,1231512,865,15,0
bicycle,Bicycle,12,selected_coord18_conic21_opacity8_rgb10,21,full_pd_guard,-0.02507781982421875,-0.0003644227981567383,-0.00027611851692199707,26.059768676757812,26.08484649658203,0.7492867112159729,0.7496511340141296,0.2968865931034088,0.2971627116203308,49.8447265625,0,31172231,0,0,1234393,794,16,0
bicycle,Bicycle,13,selected_coord18_conic21_opacity8_rgb10,21,full_pd_guard,-0.0017910003662109375,-0.0003814101219177246,5.397200584411621e-05,26.662429809570312,26.664220809936523,0.7750046253204346,0.7753860354423523,0.28396984934806824,0.2839158773422241,49.99163818359375,0,30254060,0,0,1423104,995,21,0
bicycle,Bicycle,14,selected_coord18_conic21_opacity8_rgb10,21,full_pd_guard,-0.006011962890625,-0.0004950165748596191,1.0102987289428711e-05,26.416728973388672,26.422740936279297,0.7436202764511108,0.7441152930259705,0.3451559245586395,0.3451458215713501,51.46815490722656,0,31059539,0,0,1140924,909,23,0
bicycle,Bicycle,15,selected_coord18_conic21_opacity8_rgb10,21,full_pd_guard,-0.0056705474853515625,-0.0005350708961486816,-0.00015485286712646484,26.21059799194336,26.21626853942871,0.751776397228241,0.7523114681243896,0.2990192174911499,0.29917407035827637,51.03596115112305,0,32068299,0,0,1500061,1239,40,0
bicycle,Bicycle,16,selected_coord18_conic21_opacity8_rgb10,21,full_pd_guard,-0.023191452026367188,-0.0007871389389038086,-3.644824028015137e-05,25.60057830810547,25.623769760131836,0.7395850419998169,0.7403721809387207,0.35115259885787964,0.3511890470981598,51.2867546081543,0,28390321,0,0,1297400,902,18,0
bicycle,Bicycle,17,selected_coord18_conic21_opacity8_rgb10,21,full_pd_guard,-0.027250289916992188,-0.0004950165748596191,-0.00015500187873840332,25.239967346191406,25.2672176361084,0.7450351119041443,0.7455301284790039,0.29151517152786255,0.29167017340660095,50.052642822265625,0,32773983,0,0,1342531,1105,31,0
bicycle,Bicycle,18,selected_coord18_conic21_opacity8_rgb10,21,full_pd_guard,-0.03272056579589844,-0.0006559491157531738,1.0788440704345703e-05,26.992530822753906,27.025251388549805,0.7874085307121277,0.7880644798278809,0.3128717541694641,0.31286096572875977,50.62748718261719,0,28841050,0,0,1370901,1079,34,0
bicycle,Bicycle,19,selected_coord18_conic21_opacity8_rgb10,21,full_pd_guard,-0.00693511962890625,-0.000559389591217041,-1.6033649444580078e-05,27.10952377319336,27.116458892822266,0.7853617072105408,0.7859210968017578,0.34614312648773193,0.3461591601371765,51.484718322753906,0,28593787,0,0,1084873,835,24,0
bicycle,Bicycle,20,selected_coord18_conic21_opacity8_rgb10,21,full_pd_guard,-0.014705657958984375,-0.0006365180015563965,-8.851289749145508e-06,26.112506866455078,26.127212524414062,0.7566549777984619,0.7572914958000183,0.3150838017463684,0.31509265303611755,51.09076690673828,0,29138471,0,0,1314658,1421,40,0
bicycle,Bicycle,21,selected_coord18_conic21_opacity8_rgb10,21,full_pd_guard,-0.039485931396484375,-0.0006304383277893066,5.3316354751586914e-05,26.95254135131836,26.992027282714844,0.7508299350738525,0.7514603734016418,0.35901346802711487,0.3589601516723633,50.52737045288086,0,25924699,0,0,1046053,1176,29,0
bicycle,Bicycle,22,selected_coord18_conic21_opacity8_rgb10,21,full_pd_guard,-0.029933929443359375,-0.000604093074798584,0.00011712312698364258,27.182907104492188,27.212841033935547,0.7847114205360413,0.7853155136108398,0.3213092088699341,0.32119208574295044,50.72993087768555,0,28737549,0,0,1222485,1141,24,0
bicycle,Bicycle,23,selected_coord18_conic21_opacity8_rgb10,21,full_pd_guard,-0.023908615112304688,-0.0007529854774475098,-0.00018388032913208008,24.160558700561523,24.184467315673828,0.6618385314941406,0.6625915169715881,0.35199230909347534,0.3521761894226074,51.35375213623047,0,28734830,0,0,1158346,1142,23,0
bicycle,Bicycle,24,selected_coord18_conic21_opacity8_rgb10,21,full_pd_guard,-0.0229644775390625,-0.0003917217254638672,1.862645149230957e-05,25.431318283081055,25.454282760620117,0.7389666438102722,0.7393583655357361,0.3328041136264801,0.3327854871749878,51.10813522338867,0,29506290,0,0,1083159,1210,24,0
drjohnson,DrJohnson,1,selected_coord18_conic21_opacity8_rgb10,21,full_pd_guard,-0.030731201171875,0.0003975033760070801,-0.0009803473949432373,29.835233688354492,29.865964889526367,0.7932952642440796,0.7928977608680725,0.3549211323261261,0.35590147972106934,52.03596115112305,0,13169357,0,0,552684,470,7,0
drjohnson,DrJohnson,2,selected_coord18_conic21_opacity8_rgb10,21,full_pd_guard,-0.0064144134521484375,-0.0004222989082336426,-0.0006459057331085205,24.910842895507812,24.91725730895996,0.9039874076843262,0.9044097065925598,0.2802547216415405,0.28090062737464905,55.77508544921875,0,48577399,0,0,819056,120,3,0
drjohnson,DrJohnson,3,selected_coord18_conic21_opacity8_rgb10,21,full_pd_guard,-0.16035079956054688,-0.0001628398895263672,-0.0006776750087738037,28.49660873413086,28.656959533691406,0.9344935417175293,0.9346563816070557,0.25177788734436035,0.25245556235313416,51.30211639404297,0,21798841,0,0,318354,316,4,0
drjohnson,DrJohnson,4,selected_coord18_conic21_opacity8_rgb10,21,full_pd_guard,-0.0001983642578125,-0.0002090930938720703,-0.000629127025604248,29.81209945678711,29.812297821044922,0.919634222984314,0.919843316078186,0.2632032334804535,0.26383236050605774,56.556907653808594,0,23048314,0,0,288362,307,2,0
drjohnson,DrJohnson,5,selected_coord18_conic21_opacity8_rgb10,21,full_pd_guard,-0.0077114105224609375,-0.0006352066993713379,-0.0008138567209243774,23.687589645385742,23.695301055908203,0.9071242809295654,0.9077594876289368,0.23649990558624268,0.23731376230716705,56.648887634277344,0,22367810,0,0,565149,298,10,0
drjohnson,DrJohnson,6,selected_coord18_conic21_opacity8_rgb10,21,full_pd_guard,0.021512985229492188,-0.00026923418045043945,-0.0009118765592575073,28.161794662475586,28.140281677246094,0.9011114239692688,0.9013806581497192,0.24935020506381989,0.2502620816230774,54.314353942871094,0,40690977,0,0,916695,198,6,0
drjohnson,DrJohnson,7,selected_coord18_conic21_opacity8_rgb10,21,full_pd_guard,-0.014474868774414062,-0.00032973289489746094,-0.0009356290102005005,29.79415512084961,29.808629989624023,0.9238073229789734,0.9241370558738708,0.22873513400554657,0.22967076301574707,56.380706787109375,0,29229785,0,0,537178,522,7,0
drjohnson,DrJohnson,8,selected_coord18_conic21_opacity8_rgb10,21,full_pd_guard,-0.06058502197265625,-0.00033718347549438477,-0.0014642030000686646,31.230024337768555,31.29060935974121,0.9490991830825806,0.949436366558075,0.24348682165145874,0.2449510246515274,53.31610107421875,0,30911643,0,0,235380,291,7,0
drjohnson,DrJohnson,9,selected_coord18_conic21_opacity8_rgb10,21,full_pd_guard,-0.030261993408203125,-0.0006554722785949707,-0.00026801228523254395,28.15831756591797,28.188579559326172,0.8052215576171875,0.8058770298957825,0.3255970776081085,0.32586508989334106,55.38051986694336,0,16613011,0,0,677463,437,7,0
drjohnson,DrJohnson,10,selected_coord18_conic21_opacity8_rgb10,21,full_pd_guard,0.0010166168212890625,8.881092071533203e-05,-0.0003846585750579834,30.24788475036621,30.246868133544922,0.8717182874679565,0.8716294765472412,0.2790340781211853,0.2794187366962433,56.931861877441406,0,26137126,0,0,577241,229,6,0
drjohnson,DrJohnson,11,selected_coord18_conic21_opacity8_rgb10,21,full_pd_guard,-0.001102447509765625,-0.0002575516700744629,-0.0003127753734588623,25.794963836669922,25.796066284179688,0.9133879542350769,0.9136455059051514,0.307563841342926,0.3078766167163849,56.743568420410156,0,21610800,0,0,232268,193,5,0
drjohnson,DrJohnson,12,selected_coord18_conic21_opacity8_rgb10,21,full_pd_guard,-0.01842498779296875,-0.00018703937530517578,-0.0006263256072998047,29.3566951751709,29.375120162963867,0.8934101462364197,0.8935971856117249,0.27723968029022217,0.277866005897522,57.2269401550293,0,30956090,0,0,548328,341,3,0
drjohnson,DrJohnson,13,selected_coord18_conic21_opacity8_rgb10,21,full_pd_guard,-0.015207290649414062,-0.00023555755615234375,-0.0010381340980529785,30.842679977416992,30.857887268066406,0.9354197382926941,0.9356552958488464,0.27654632925987244,0.2775844633579254,57.507293701171875,0,21815726,0,0,239708,192,4,0
drjohnson,DrJohnson,14,selected_coord18_conic21_opacity8_rgb10,21,full_pd_guard,-0.057689666748046875,-0.0004444122314453125,-0.0006269216537475586,28.616031646728516,28.673721313476562,0.9286412000656128,0.9290856122970581,0.22451215982437134,0.2251390814781189,52.1922607421875,0,36507539,0,0,595603,262,4,0
drjohnson,DrJohnson,15,selected_coord18_conic21_opacity8_rgb10,21,full_pd_guard,-0.01731109619140625,-0.0002753138542175293,-0.0009441077709197998,33.19853973388672,33.215850830078125,0.9370348453521729,0.9373101592063904,0.23487991094589233,0.23582401871681213,58.00802230834961,0,18401807,0,0,353950,291,5,0
drjohnson,DrJohnson,16,selected_coord18_conic21_opacity8_rgb10,21,full_pd_guard,-0.012929916381835938,-0.00019240379333496094,-0.0011064112186431885,31.078323364257812,31.09125328063965,0.9291512966156006,0.9293437004089355,0.2739533483982086,0.2750597596168518,57.5316162109375,0,17022144,0,0,198778,399,2,0
drjohnson,DrJohnson,17,selected_coord18_conic21_opacity8_rgb10,21,full_pd_guard,0.01158905029296875,0.0012449026107788086,-0.0004906952381134033,30.651287078857422,30.639698028564453,0.9017578363418579,0.9005129337310791,0.2727936804294586,0.273284375667572,52.770286560058594,0,21482854,0,0,542736,348,7,0
drjohnson,DrJohnson,18,selected_coord18_conic21_opacity8_rgb10,21,full_pd_guard,-0.08991432189941406,-0.0003179311752319336,-0.0009954571723937988,30.484716415405273,30.574630737304688,0.9253105521202087,0.9256284832954407,0.27737975120544434,0.27837520837783813,51.49413299560547,0,23327165,0,0,276891,116,2,0
drjohnson,DrJohnson,19,selected_coord18_conic21_opacity8_rgb10,21,full_pd_guard,0.0191497802734375,-0.00023549795150756836,-0.0006671249866485596,31.891361236572266,31.872211456298828,0.937246561050415,0.9374820590019226,0.2075783610343933,0.20824548602104187,56.813777923583984,0,35349394,0,0,703627,160,0,0
drjohnson,DrJohnson,20,selected_coord18_conic21_opacity8_rgb10,21,full_pd_guard,-0.009607315063476562,-0.0001800060272216797,-0.0009775757789611816,30.727453231811523,30.737060546875,0.8956249952316284,0.8958050012588501,0.2905896306037903,0.29156720638275146,57.239341735839844,0,28829184,0,0,358287,272,5,0
drjohnson,DrJohnson,21,selected_coord18_conic21_opacity8_rgb10,21,full_pd_guard,-0.0045166015625,-0.0002085566520690918,-0.0004398226737976074,28.280155181884766,28.284671783447266,0.8838462829589844,0.8840548396110535,0.2822760343551636,0.2827158570289612,54.698787689208984,0,19377856,0,0,513419,321,5,0
drjohnson,DrJohnson,22,selected_coord18_conic21_opacity8_rgb10,21,full_pd_guard,0.0080108642578125,-0.0002503395080566406,-0.0007686018943786621,23.02419662475586,23.016185760498047,0.8413577675819397,0.8416081070899963,0.311684787273407,0.31245338916778564,55.71440124511719,0,15985337,0,0,294952,171,5,0
drjohnson,DrJohnson,23,selected_coord18_conic21_opacity8_rgb10,21,full_pd_guard,-0.0049724578857421875,-0.00017118453979492188,-0.0010401606559753418,30.44783592224121,30.452808380126953,0.919000506401062,0.9191716909408569,0.250569224357605,0.2516093850135803,54.93603515625,0,18771800,0,0,340771,174,3,0
drjohnson,DrJohnson,24,selected_coord18_conic21_opacity8_rgb10,21,full_pd_guard,0.058197021484375,0.001374363899230957,-0.0014687776565551758,34.367340087890625,34.30914306640625,0.926369845867157,0.924995481967926,0.2582690715789795,0.25973784923553467,55.477535247802734,0,22258683,0,0,271831,265,4,0
drjohnson,DrJohnson,25,selected_coord18_conic21_opacity8_rgb10,21,full_pd_guard,-0.03231239318847656,-0.0013799667358398438,-0.00020959973335266113,25.887340545654297,25.919652938842773,0.8957628607749939,0.8971428275108337,0.2973301112651825,0.29753971099853516,51.15800094604492,0,19453859,0,0,358236,192,9,0
drjohnson,DrJohnson,26,selected_coord18_conic21_opacity8_rgb10,21,full_pd_guard,-0.08908653259277344,0.0001825094223022461,-0.0006499886512756348,31.902053833007812,31.991140365600586,0.9065693616867065,0.9063868522644043,0.29410240054130554,0.2947523891925812,54.34461212158203,0,17187948,0,0,312150,216,5,0
drjohnson,DrJohnson,27,selected_coord18_conic21_opacity8_rgb10,21,full_pd_guard,0.15119361877441406,0.0005633831024169922,-0.0021350085735321045,31.078153610229492,30.926959991455078,0.9113020896911621,0.9107387065887451,0.30453264713287354,0.30666765570640564,49.274654388427734,0,20039284,0,0,236841,303,9,0
drjohnson,DrJohnson,28,selected_coord18_conic21_opacity8_rgb10,21,full_pd_guard,-0.015863418579101562,-0.0004235506057739258,-0.00026729702949523926,31.055706024169922,31.071569442749023,0.8900436758995056,0.8904672265052795,0.30824515223503113,0.30851244926452637,54.808860778808594,0,28450109,0,0,948418,172,5,0
drjohnson,DrJohnson,29,selected_coord18_conic21_opacity8_rgb10,21,full_pd_guard,0.03517913818359375,-0.0003560185432434082,-0.0010021030902862549,26.196372985839844,26.16119384765625,0.8870527744293213,0.8874087929725647,0.22997108101844788,0.23097318410873413,53.94794845581055,0,32926958,0,0,741951,107,2,0
drjohnson,DrJohnson,30,selected_coord18_conic21_opacity8_rgb10,21,full_pd_guard,-0.01596832275390625,-0.0005393624305725098,-0.0004725456237792969,25.516605377197266,25.532573699951172,0.8926287293434143,0.8931680917739868,0.27376794815063477,0.27424049377441406,56.1804313659668,0,28296049,0,0,578324,121,0,0
drjohnson,DrJohnson,31,selected_coord18_conic21_opacity8_rgb10,21,full_pd_guard,-0.005275726318359375,-0.00030481815338134766,-0.00011749565601348877,28.693740844726562,28.699016571044922,0.8604303002357483,0.8607351183891296,0.22120776772499084,0.22132526338100433,56.14292526245117,0,17411329,0,0,682748,401,12,0
drjohnson,DrJohnson,32,selected_coord18_conic21_opacity8_rgb10,21,full_pd_guard,-0.01800537109375,0.0002561807632446289,-0.00034436583518981934,23.504451751708984,23.522457122802734,0.8225887417793274,0.8223325610160828,0.29786577820777893,0.29821014404296875,48.801963806152344,0,22427334,0,0,847272,429,10,0
garden,Garden,1,selected_coord18_conic21_opacity8_rgb10,21,full_pd_guard,-0.010143280029296875,-0.0005547404289245605,-4.048645496368408e-05,22.718029022216797,22.728172302246094,0.7218314409255981,0.7223861813545227,0.24899370968341827,0.24903419613838196,49.77482604980469,0,37467117,0,0,1707800,434,9,0
garden,Garden,2,selected_coord18_conic21_opacity8_rgb10,21,full_pd_guard,-0.028303146362304688,-0.000582277774810791,-0.00014865398406982422,26.846723556518555,26.87502670288086,0.7962157130241394,0.7967979907989502,0.22182443737983704,0.22197309136390686,49.678306579589844,0,36519935,0,0,1750205,445,6,0
garden,Garden,3,selected_coord18_conic21_opacity8_rgb10,21,full_pd_guard,-0.0299072265625,-0.0003781318664550781,2.5525689125061035e-05,23.803741455078125,23.833648681640625,0.7354049682617188,0.7357831001281738,0.24569226801395416,0.2456667423248291,48.59571075439453,0,36363515,0,0,1452684,434,12,0
garden,Garden,4,selected_coord18_conic21_opacity8_rgb10,21,full_pd_guard,-0.011720657348632812,-0.0007109642028808594,-2.238154411315918e-05,19.681852340698242,19.693572998046875,0.7299098968505859,0.7306208610534668,0.2630453407764435,0.26306772232055664,49.17424774169922,0,32219911,0,0,1805147,368,10,0
garden,Garden,5,selected_coord18_conic21_opacity8_rgb10,21,full_pd_guard,-0.023662567138671875,-0.0007022619247436523,0.00015120208263397217,25.704715728759766,25.728378295898438,0.8077202439308167,0.8084225058555603,0.21821469068527222,0.21806348860263824,50.8852653503418,0,37144958,0,0,1599435,404,17,0
garden,Garden,6,selected_coord18_conic21_opacity8_rgb10,21,full_pd_guard,-0.03764915466308594,-0.0006849765777587891,0.00013765692710876465,28.07819175720215,28.115840911865234,0.8517496585845947,0.8524346351623535,0.21012648940086365,0.20998883247375488,50.900264739990234,0,36232520,0,0,1364269,559,13,0
garden,Garden,7,selected_coord18_conic21_opacity8_rgb10,21,full_pd_guard,-0.041728973388671875,-0.000802159309387207,1.3262033462524414e-05,27.430068969726562,27.471797943115234,0.8492071032524109,0.8500092625617981,0.21882376074790955,0.21881049871444702,50.43668746948242,0,34503507,0,0,1424284,546,17,0
garden,Garden,8,selected_coord18_conic21_opacity8_rgb10,21,full_pd_guard,-0.0260772705078125,-0.0005818605422973633,-0.00015757977962493896,25.750713348388672,25.776790618896484,0.8076426982879639,0.8082245588302612,0.22477936744689941,0.22493694722652435,49.856224060058594,0,36095393,0,0,1459804,588,14,0
garden,Garden,9,selected_coord18_conic21_opacity8_rgb10,21,full_pd_guard,0.039154052734375,-0.0004566311836242676,-0.0005360245704650879,26.28844451904297,26.249290466308594,0.8130466938018799,0.8135033249855042,0.2108328938484192,0.21136891841888428,46.501739501953125,0,34312109,0,0,1579045,421,9,0
garden,Garden,10,selected_coord18_conic21_opacity8_rgb10,21,full_pd_guard,-0.014810562133789062,-0.0006515979766845703,-0.00013847649097442627,26.220205307006836,26.235015869140625,0.8323089480400085,0.8329605460166931,0.21973229944705963,0.21987077593803406,50.84386444091797,0,34411417,0,0,1392080,420,7,0
garden,Garden,11,selected_coord18_conic21_opacity8_rgb10,21,full_pd_guard,-0.019443511962890625,-0.0005317926406860352,-9.354948997497559e-05,27.310466766357422,27.329910278320312,0.8312885165214539,0.8318203091621399,0.2306595742702484,0.2307531237602234,50.41961669921875,0,34353393,0,0,1560966,552,13,0
garden,Garden,12,selected_coord18_conic21_opacity8_rgb10,21,full_pd_guard,-0.018178939819335938,-0.0006039142608642578,-0.00010381639003753662,26.197057723999023,26.21523666381836,0.7994208335876465,0.8000247478485107,0.235791876912117,0.23589569330215454,50.3866081237793,0,34952738,0,0,1362961,393,6,0
garden,Garden,13,selected_coord18_conic21_opacity8_rgb10,21,full_pd_guard,-0.027130126953125,-0.0007698535919189453,0.00020101666450500488,28.38556480407715,28.412694931030273,0.8379768133163452,0.8387466669082642,0.2073993980884552,0.2071983814239502,51.00111389160156,0,33963094,0,0,1601622,498,13,0
garden,Garden,14,selected_coord18_conic21_opacity8_rgb10,21,full_pd_guard,-0.0151824951171875,-0.000666499137878418,-4.693865776062012e-05,28.790756225585938,28.805938720703125,0.8448123931884766,0.845478892326355,0.21579095721244812,0.21583789587020874,50.489601135253906,0,32813664,0,0,1431531,635,11,0
garden,Garden,15,selected_coord18_conic21_opacity8_rgb10,21,full_pd_guard,-0.020053863525390625,-0.0005483627319335938,-0.00017304718494415283,24.805370330810547,24.825424194335938,0.7629565000534058,0.7635048627853394,0.23909196257591248,0.23926500976085663,49.82468795776367,0,33753915,0,0,1447011,536,12,0
garden,Garden,16,selected_coord18_conic21_opacity8_rgb10,21,full_pd_guard,-0.024499893188476562,-0.0006545186042785645,1.9341707229614258e-05,26.77730941772461,26.801809310913086,0.7921596765518188,0.7928141951560974,0.23632632195949554,0.23630698025226593,50.54346466064453,0,32194590,0,0,1560214,402,12,0
garden,Garden,17,selected_coord18_conic21_opacity8_rgb10,21,full_pd_guard,-0.027223587036132812,-0.0006994009017944336,-8.986890316009521e-05,29.07938003540039,29.106603622436523,0.8524316549301147,0.8531310558319092,0.21567830443382263,0.21576817333698273,50.4757080078125,0,33291166,0,0,1308998,495,10,0
garden,Garden,18,selected_coord18_conic21_opacity8_rgb10,21,full_pd_guard,0.2618083953857422,-0.0002785325050354004,-0.0003270357847213745,26.461339950561523,26.19953155517578,0.8295979499816895,0.8298764824867249,0.2465873509645462,0.24691438674926758,47.041961669921875,0,33877754,0,0,1229557,480,11,0
garden,Garden,19,selected_coord18_conic21_opacity8_rgb10,21,full_pd_guard,0.017335891723632812,-0.0006446242332458496,-0.00028783082962036133,27.30580711364746,27.288471221923828,0.8393435478210449,0.8399881720542908,0.2523070275783539,0.25259485840797424,48.57442855834961,0,35573177,0,0,1292156,661,14,0
garden,Garden,20,selected_coord18_conic21_opacity8_rgb10,21,full_pd_guard,0.09592819213867188,-0.0007483959197998047,0.0002821236848831177,28.136611938476562,28.04068374633789,0.8407333493232727,0.8414817452430725,0.2121599316596985,0.21187780797481537,47.62718200683594,0,31316753,0,0,1615020,445,16,0
garden,Garden,21,selected_coord18_conic21_opacity8_rgb10,21,full_pd_guard,-0.019586563110351562,-0.0006844997406005859,-2.6911497116088867e-05,25.253210067749023,25.272796630859375,0.7756736874580383,0.7763581871986389,0.23930485546588898,0.23933176696300507,50.75652313232422,0,30642816,0,0,1523704,419,8,0
garden,Garden,22,selected_coord18_conic21_opacity8_rgb10,21,full_pd_guard,0.07333755493164062,-0.0005703568458557129,-0.0003515779972076416,26.50616455078125,26.43282699584961,0.80743408203125,0.8080044388771057,0.23634403944015503,0.23669561743736267,44.298797607421875,0,31505265,0,0,1409330,504,11,0
garden,Garden,23,selected_coord18_conic21_opacity8_rgb10,21,full_pd_guard,-0.0615692138671875,-0.0012409090995788574,0.00016731023788452148,28.044368743896484,28.105937957763672,0.854011058807373,0.8552519679069519,0.20806477963924408,0.20789746940135956,49.28237533569336,0,30005840,0,0,1775277,369,11,0
hotdog,Hotdog,1,selected_coord18_conic21_opacity8_rgb10,21,full_pd_guard,-0.021396636962890625,-0.0001348257064819336,3.931671380996704e-05,35.75514221191406,35.77653884887695,0.9717987775802612,0.9719336032867432,0.04638681560754776,0.04634749889373779,58.70751190185547,0,4427143,0,0,142418,0,0,0
hotdog,Hotdog,2,selected_coord18_conic21_opacity8_rgb10,21,full_pd_guard,-0.02059173583984375,-0.00012916326522827148,3.4186989068984985e-05,35.69347381591797,35.71406555175781,0.9719545841217041,0.9720837473869324,0.046662505716085434,0.04662831872701645,58.755577087402344,0,4393999,0,0,132029,0,0,0
hotdog,Hotdog,3,selected_coord18_conic21_opacity8_rgb10,21,full_pd_guard,-0.00640869140625,-9.506940841674805e-05,9.03010368347168e-06,35.78498077392578,35.79138946533203,0.9723787903785706,0.9724738597869873,0.045578934252262115,0.045569904148578644,58.62467956542969,0,4362084,0,0,126178,0,0,0
hotdog,Hotdog,4,selected_coord18_conic21_opacity8_rgb10,21,full_pd_guard,-0.015529632568359375,-9.059906005859375e-05,-0.000133611261844635,35.7264289855957,35.74195861816406,0.9725835919380188,0.9726741909980774,0.04554630070924759,0.045679911971092224,58.64835739135742,0,4332988,0,0,139844,0,0,0
hotdog,Hotdog,5,selected_coord18_conic21_opacity8_rgb10,21,full_pd_guard,-0.010799407958984375,-8.088350296020508e-05,-1.96211040019989e-05,35.7877311706543,35.79853057861328,0.9730420708656311,0.9731229543685913,0.04503939300775528,0.04505901411175728,58.5590934753418,0,4310320,0,0,141308,0,0,0
hotdog,Hotdog,6,selected_coord18_conic21_opacity8_rgb10,21,full_pd_guard,-0.0275421142578125,-0.00012481212615966797,-1.8864870071411133e-05,35.940635681152344,35.968177795410156,0.9739909172058105,0.9741157293319702,0.04482101649045944,0.04483988136053085,58.416500091552734,0,4293035,0,0,139236,0,0,0
hotdog,Hotdog,7,selected_coord18_conic21_opacity8_rgb10,21,full_pd_guard,-0.0151214599609375,-8.493661880493164e-05,1.4960765838623047e-05,36.12687301635742,36.14199447631836,0.9745903611183167,0.9746752977371216,0.04523874819278717,0.04522378742694855,58.826595306396484,0,4286312,0,0,154175,0,0,0
hotdog,Hotdog,8,selected_coord18_conic21_opacity8_rgb10,21,full_pd_guard,-0.012226104736328125,-9.85860824584961e-05,5.20460307598114e-05,36.24378204345703,36.25600814819336,0.9748019576072693,0.9749005436897278,0.04704553261399269,0.04699348658323288,58.60887145996094,0,4279958,0,0,158328,0,0,0
hotdog,Hotdog,9,selected_coord18_conic21_opacity8_rgb10,21,full_pd_guard,-0.012813568115234375,-0.00010347366333007812,-9.052455425262451e-07,36.23103332519531,36.24384689331055,0.9747660160064697,0.9748694896697998,0.04761826992034912,0.04761917516589165,58.501678466796875,0,4278404,0,0,142395,0,0,0
hotdog,Hotdog,10,selected_coord18_conic21_opacity8_rgb10,21,full_pd_guard,-0.01787567138671875,-0.00011229515075683594,4.3507665395736694e-05,36.01271438598633,36.03059005737305,0.9741696715354919,0.9742819666862488,0.04878806322813034,0.048744555562734604,58.58415985107422,0,4283286,0,0,185720,0,0,0
hotdog,Hotdog,11,selected_coord18_conic21_opacity8_rgb10,21,full_pd_guard,-0.02321624755859375,-0.00013583898544311523,7.469207048416138e-05,35.983245849609375,36.00646209716797,0.973897397518158,0.9740332365036011,0.05011304095387459,0.05003834888339043,58.532203674316406,0,4285847,0,0,171900,0,0,0
hotdog,Hotdog,12,selected_coord18_conic21_opacity8_rgb10,21,full_pd_guard,-0.0229644775390625,-0.00011134147644042969,0.000134151428937912,35.83891677856445,35.861881256103516,0.9735679626464844,0.9736793041229248,0.051367685198783875,0.05123353376984596,58.27775573730469,0,4294319,0,0,227185,0,0,0
hotdog,Hotdog,13,selected_coord18_conic21_opacity8_rgb10,21,full_pd_guard,-0.0288238525390625,-0.00012534856796264648,-1.3530254364013672e-05,35.59950256347656,35.628326416015625,0.9729134440422058,0.9730387926101685,0.05133422091603279,0.051347751170396805,58.619659423828125,0,4307541,0,0,172033,0,0,0
hotdog,Hotdog,14,selected_coord18_conic21_opacity8_rgb10,21,full_pd_guard,-0.0178680419921875,-8.487701416015625e-05,-9.4585120677948e-05,35.374000549316406,35.391868591308594,0.9724501371383667,0.9725350141525269,0.05135886371135712,0.051453448832035065,58.695003509521484,0,4326193,0,0,177208,0,0,0
hotdog,Hotdog,15,selected_coord18_conic21_opacity8_rgb10,21,full_pd_guard,-0.01898956298828125,-9.995698928833008e-05,4.5340508222579956e-05,35.347023010253906,35.36601257324219,0.9722548723220825,0.9723548293113708,0.05332915112376213,0.05328381061553955,58.77705383300781,0,4349887,0,0,167960,0,0,0
hotdog,Hotdog,16,selected_coord18_conic21_opacity8_rgb10,21,full_pd_guard,-0.02118682861328125,-9.85860824584961e-05,8.13901424407959e-05,35.19258117675781,35.213768005371094,0.971840500831604,0.9719390869140625,0.05450723320245743,0.05442584306001663,58.83808898925781,0,4380995,0,0,125027,0,0,0
hotdog,Hotdog,17,selected_coord18_conic21_opacity8_rgb10,21,full_pd_guard,-0.004436492919921875,-6.330013275146484e-05,-0.00010779500007629395,35.2268180847168,35.23125457763672,0.971872091293335,0.9719353914260864,0.05562017485499382,0.055727969855070114,58.525108337402344,0,4417729,0,0,135066,0,0,0
hotdog,Hotdog,18,selected_coord18_conic21_opacity8_rgb10,21,full_pd_guard,-0.00579833984375,-8.106231689453125e-05,-8.437782526016235e-06,35.14658737182617,35.15238571166992,0.9719813466072083,0.9720624089241028,0.05611811578273773,0.05612655356526375,58.725215911865234,0,4465847,0,0,172313,0,0,0
hotdog,Hotdog,19,selected_coord18_conic21_opacity8_rgb10,21,full_pd_guard,-0.0080108642578125,-8.475780487060547e-05,-2.9496848583221436e-05,35.246612548828125,35.25462341308594,0.9726411700248718,0.9727259278297424,0.05647517740726471,0.05650467425584793,58.75681686401367,0,4516659,0,0,166443,0,0,0
hotdog,Hotdog,20,selected_coord18_conic21_opacity8_rgb10,21,full_pd_guard,-0.0203704833984375,-9.310245513916016e-05,-3.460049629211426e-05,35.40559387207031,35.42596435546875,0.9731523394584656,0.9732454419136047,0.05583459883928299,0.055869199335575104,58.840850830078125,0,4565668,0,0,170419,0,0,0
hotdog,Hotdog,21,selected_coord18_conic21_opacity8_rgb10,21,full_pd_guard,-0.023105621337890625,-9.745359420776367e-05,-7.664784789085388e-05,35.73715591430664,35.76026153564453,0.9742788672447205,0.9743763208389282,0.055601511150598526,0.05567815899848938,58.734291076660156,0,4620524,0,0,119343,0,0,0
hotdog,Hotdog,22,selected_coord18_conic21_opacity8_rgb10,21,full_pd_guard,-0.0189208984375,-0.00010454654693603516,-6.917864084243774e-06,36.05500030517578,36.07392120361328,0.9750896096229553,0.9751941561698914,0.05413499474525452,0.05414191260933876,58.89929962158203,0,4674626,0,0,181379,0,0,0
hotdog,Hotdog,23,selected_coord18_conic21_opacity8_rgb10,21,full_pd_guard,-0.021862030029296875,-8.553266525268555e-05,-0.00010025873780250549,36.35623550415039,36.37809753417969,0.9761536717414856,0.9762392044067383,0.052297305315732956,0.05239756405353546,59.083919525146484,0,4729255,0,0,160338,0,0,0
hotdog,Hotdog,24,selected_coord18_conic21_opacity8_rgb10,21,full_pd_guard,-0.02079010009765625,-9.375810623168945e-05,-4.244595766067505e-05,36.731773376464844,36.7525634765625,0.9767345786094666,0.9768283367156982,0.05142349749803543,0.051465943455696106,59.00267791748047,0,4773391,0,0,179727,0,0,0
hotdog,Hotdog,25,selected_coord18_conic21_opacity8_rgb10,21,full_pd_guard,-0.009281158447265625,-9.620189666748047e-05,-8.873641490936279e-05,37.169918060302734,37.17919921875,0.9773434996604919,0.9774397015571594,0.051724985241889954,0.051813721656799316,59.00735092163086,0,4807788,0,0,155728,0,0,0
hotdog,Hotdog,26,selected_coord18_conic21_opacity8_rgb10,21,full_pd_guard,-0.0122833251953125,-7.635354995727539e-05,-9.779632091522217e-05,37.30957794189453,37.321861267089844,0.9777387976646423,0.9778151512145996,0.05043311044573784,0.05053090676665306,59.27825927734375,0,4815370,0,0,120523,0,0,0
hotdog,Hotdog,27,selected_coord18_conic21_opacity8_rgb10,21,full_pd_guard,-0.0226593017578125,-0.00010454654693603516,-7.848069071769714e-05,37.54204559326172,37.56470489501953,0.9782663583755493,0.9783709049224854,0.04989231377840042,0.04997079446911812,59.3188591003418,0,4814409,0,0,155132,0,0,0
hotdog,Hotdog,28,selected_coord18_conic21_opacity8_rgb10,21,full_pd_guard,-0.023006439208984375,-0.0001055598258972168,-5.7291239500045776e-05,37.63668441772461,37.659690856933594,0.978147566318512,0.9782531261444092,0.04964612424373627,0.04970341548323631,59.444969177246094,0,4800331,0,0,128979,0,0,0
hotdog,Hotdog,29,selected_coord18_conic21_opacity8_rgb10,21,full_pd_guard,-0.01985931396484375,-8.094310760498047e-05,-1.3742595911026001e-05,37.72802734375,37.747886657714844,0.9782446026802063,0.9783255457878113,0.050406161695718765,0.05041990429162979,59.411067962646484,0,4785932,0,0,134442,0,0,0
hotdog,Hotdog,30,selected_coord18_conic21_opacity8_rgb10,21,full_pd_guard,-0.01639556884765625,-8.982419967651367e-05,2.1655112504959106e-05,37.93271255493164,37.9491081237793,0.9785944819450378,0.9786843061447144,0.05013608932495117,0.05011443421244621,59.27500534057617,0,4769137,0,0,152252,0,0,0
hotdog,Hotdog,31,selected_coord18_conic21_opacity8_rgb10,21,full_pd_guard,-0.020751953125,-8.0108642578125e-05,-9.761005640029907e-05,37.98649597167969,38.00724792480469,0.9787763953208923,0.9788565039634705,0.049114543944597244,0.04921215400099754,59.424476623535156,0,4742124,0,0,149681,0,0,0
hotdog,Hotdog,32,selected_coord18_conic21_opacity8_rgb10,21,full_pd_guard,-0.026363372802734375,-8.994340896606445e-05,-7.34962522983551e-05,38.0433349609375,38.069698333740234,0.9787228107452393,0.9788127541542053,0.04794027656316757,0.04801377281546593,59.46711730957031,0,4713201,0,0,144158,0,0,0
hotdog,Hotdog,33,selected_coord18_conic21_opacity8_rgb10,21,full_pd_guard,-0.02957916259765625,-8.302927017211914e-05,-0.00012190267443656921,37.98392105102539,38.01350021362305,0.97866290807724,0.9787459373474121,0.046714894473552704,0.04683679714798927,59.5717887878418,0,4677610,0,0,133405,0,0,0
hotdog,Hotdog,34,selected_coord18_conic21_opacity8_rgb10,21,full_pd_guard,-0.02001953125,-7.855892181396484e-05,-7.348880171775818e-05,37.833396911621094,37.853416442871094,0.9782925844192505,0.9783711433410645,0.04680471494793892,0.04687820374965668,59.67020797729492,0,4637071,0,0,135805,0,0,0
hotdog,Hotdog,35,selected_coord18_conic21_opacity8_rgb10,21,full_pd_guard,-0.033809661865234375,-9.709596633911133e-05,-0.00015023723244667053,37.63331604003906,37.6671257019043,0.9781411290168762,0.9782382249832153,0.04550066962838173,0.0456509068608284,59.6563720703125,0,4599485,0,0,117778,0,0,0
hotdog,Hotdog,36,selected_coord18_conic21_opacity8_rgb10,21,full_pd_guard,-0.016544342041015625,-9.953975677490234e-05,-8.631497621536255e-05,37.45608139038086,37.472625732421875,0.9777316451072693,0.9778311848640442,0.04504838585853577,0.04513470083475113,59.7242431640625,0,4559009,0,0,127103,0,0,0
hotdog,Hotdog,37,selected_coord18_conic21_opacity8_rgb10,21,full_pd_guard,-0.013668060302734375,-8.171796798706055e-05,-2.2854655981063843e-05,37.37648391723633,37.39015197753906,0.9774795770645142,0.9775612950325012,0.044988296926021576,0.04501115158200264,59.69887924194336,0,4520472,0,0,136611,0,0,0
hotdog,Hotdog,38,selected_coord18_conic21_opacity8_rgb10,21,full_pd_guard,-0.01068878173828125,-6.568431854248047e-05,-7.802620530128479e-05,37.34016418457031,37.350852966308594,0.9774335622787476,0.97749924659729,0.04495909437537193,0.04503712058067322,59.52415466308594,0,4482203,0,0,183798,0,0,0
hotdog,Hotdog,39,selected_coord18_conic21_opacity8_rgb10,21,full_pd_guard,-0.014575958251953125,-8.368492126464844e-05,-0.00017956644296646118,37.321876525878906,37.33645248413086,0.9773169159889221,0.9774006009101868,0.04355382174253464,0.0437333881855011,59.63705062866211,0,4444176,0,0,125957,0,0,0
hotdog,Hotdog,40,selected_coord18_conic21_opacity8_rgb10,21,full_pd_guard,-0.020664215087890625,-0.00010192394256591797,-0.00019565224647521973,37.20759201049805,37.22825622558594,0.9770419001579285,0.9771438241004944,0.0437437929213047,0.04393944516777992,59.622398376464844,0,4415635,0,0,149145,0,0,0
hotdog,Hotdog,41,selected_coord18_conic21_opacity8_rgb10,21,full_pd_guard,-0.006195068359375,-7.355213165283203e-05,-0.00025501474738121033,37.06695556640625,37.073150634765625,0.9768027663230896,0.9768763184547424,0.04369695857167244,0.04395197331905365,59.49808883666992,0,4383705,0,0,161518,0,0,0
hotdog,Hotdog,42,selected_coord18_conic21_opacity8_rgb10,21,full_pd_guard,-0.0206146240234375,-7.212162017822266e-05,-0.0002454407513141632,37.030460357666016,37.05107498168945,0.9768388271331787,0.9769109487533569,0.04271432384848595,0.04295976459980011,59.413326263427734,0,4355046,0,0,103831,0,0,0
hotdog,Hotdog,43,selected_coord18_conic21_opacity8_rgb10,21,full_pd_guard,-0.016452789306640625,-8.320808410644531e-05,-0.0001722276210784912,36.970054626464844,36.986507415771484,0.9766596555709839,0.9767428636550903,0.042106665670871735,0.042278893291950226,59.78968811035156,0,4326252,0,0,130647,0,0,0
hotdog,Hotdog,44,selected_coord18_conic21_opacity8_rgb10,21,full_pd_guard,-0.0133819580078125,-6.902217864990234e-05,-0.00016036257147789001,36.96966552734375,36.98304748535156,0.9767040610313416,0.9767730832099915,0.041845452040433884,0.042005814611911774,59.60752487182617,0,4299627,0,0,119100,0,0,0
hotdog,Hotdog,45,selected_coord18_conic21_opacity8_rgb10,21,full_pd_guard,-0.0263214111328125,-8.594989776611328e-05,-0.00017556548118591309,36.906044006347656,36.93236541748047,0.9764543175697327,0.9765402674674988,0.04144245758652687,0.041618023067712784,59.494537353515625,0,4278889,0,0,122649,0,0,0
hotdog,Hotdog,46,selected_coord18_conic21_opacity8_rgb10,21,full_pd_guard,-0.008586883544921875,-6.651878356933594e-05,-0.00016812607645988464,36.69353103637695,36.702117919921875,0.9761162996292114,0.9761828184127808,0.04069574177265167,0.04086386784911156,59.2971305847168,0,4261665,0,0,99740,0,0,0
hotdog,Hotdog,47,selected_coord18_conic21_opacity8_rgb10,21,full_pd_guard,-0.01865386962890625,-5.906820297241211e-05,-0.00026638805866241455,36.637428283691406,36.65608215332031,0.9760196805000305,0.9760787487030029,0.039859555661678314,0.04012594372034073,59.70542526245117,0,4247634,0,0,109612,0,0,0
hotdog,Hotdog,48,selected_coord18_conic21_opacity8_rgb10,21,full_pd_guard,-0.026508331298828125,-8.618831634521484e-05,-0.00016242638230323792,36.5429801940918,36.569488525390625,0.9759384393692017,0.9760246276855469,0.03913914039731026,0.039301566779613495,59.52335739135742,0,4239086,0,0,170206,0,0,0
hotdog,Hotdog,49,selected_coord18_conic21_opacity8_rgb10,21,full_pd_guard,-0.022495269775390625,-7.510185241699219e-05,-0.00010442361235618591,36.40937423706055,36.43186950683594,0.9757757186889648,0.9758508205413818,0.039525438100099564,0.03962986171245575,59.30524826049805,0,4228759,0,0,105749,0,0,0
hotdog,Hotdog,50,selected_coord18_conic21_opacity8_rgb10,21,full_pd_guard,-0.015533447265625,-7.963180541992188e-05,-8.058547973632812e-05,36.30840301513672,36.323936462402344,0.9756910800933838,0.9757707118988037,0.03891619294881821,0.038996778428554535,59.50373458862305,0,4214598,0,0,102017,0,0,0
hotdog,Hotdog,51,selected_coord18_conic21_opacity8_rgb10,21,full_pd_guard,-0.02198028564453125,-0.00010192394256591797,-0.00010641664266586304,36.480201721191406,36.50218200683594,0.9761406183242798,0.9762425422668457,0.03776445984840393,0.037870876491069794,59.651756286621094,0,4171365,0,0,114925,0,0,0
hotdog,Hotdog,52,selected_coord18_conic21_opacity8_rgb10,21,full_pd_guard,-0.014377593994140625,-7.539987564086914e-05,-0.00014755874872207642,36.69320297241211,36.70758056640625,0.9770204424858093,0.9770958423614502,0.03730642795562744,0.03745398670434952,59.6493034362793,0,4130082,0,0,117451,0,0,0
hotdog,Hotdog,53,selected_coord18_conic21_opacity8_rgb10,21,full_pd_guard,-0.030029296875,-8.189678192138672e-05,-0.00014549493789672852,37.139251708984375,37.169281005859375,0.9784436225891113,0.9785255193710327,0.03601846098899841,0.03616395592689514,59.42744445800781,0,4085925,0,0,126934,0,0,0
hotdog,Hotdog,54,selected_coord18_conic21_opacity8_rgb10,21,full_pd_guard,-0.0123138427734375,-4.583597183227539e-05,-0.0002429969608783722,37.376441955566406,37.388755798339844,0.9793708324432373,0.9794166684150696,0.035391196608543396,0.03563419356942177,59.6777458190918,0,4037796,0,0,148220,0,0,0
hotdog,Hotdog,55,selected_coord18_conic21_opacity8_rgb10,21,full_pd_guard,-0.02892303466796875,-7.987022399902344e-05,-9.101629257202148e-05,37.306068420410156,37.334991455078125,0.9792492389678955,0.9793291091918945,0.03623412549495697,0.03632514178752899,59.490875244140625,0,3992087,0,0,143618,0,0,0
hotdog,Hotdog,56,selected_coord18_conic21_opacity8_rgb10,21,full_pd_guard,-0.035335540771484375,-9.566545486450195e-05,-0.000160902738571167,37.36489486694336,37.400230407714844,0.9795536994934082,0.9796493649482727,0.03640299290418625,0.036563895642757416,59.58245849609375,0,3964096,0,0,105538,0,0,0
hotdog,Hotdog,57,selected_coord18_conic21_opacity8_rgb10,21,full_pd_guard,-0.0173797607421875,-6.324052810668945e-05,-0.00015940889716148376,37.63981628417969,37.657196044921875,0.9802646636962891,0.9803279042243958,0.03656308352947235,0.036722492426633835,59.769805908203125,0,3927657,0,0,107148,0,0,0
hotdog,Hotdog,58,selected_coord18_conic21_opacity8_rgb10,21,full_pd_guard,-0.010349273681640625,-5.40614128112793e-05,-0.0001122690737247467,38.055294036865234,38.065643310546875,0.9809238910675049,0.9809779524803162,0.035877373069524765,0.03598964214324951,59.546043395996094,0,3902587,0,0,120062,0,0,0
hotdog,Hotdog,59,selected_coord18_conic21_opacity8_rgb10,21,full_pd_guard,-0.010929107666015625,-5.4717063903808594e-05,-0.00010609999299049377,38.1511344909668,38.16206359863281,0.9806110858917236,0.9806658029556274,0.03622022643685341,0.0363263264298439,59.453025817871094,0,3884346,0,0,137965,0,0,0
hotdog,Hotdog,60,selected_coord18_conic21_opacity8_rgb10,21,full_pd_guard,-0.00304412841796875,-3.9517879486083984e-05,-0.0001101270318031311,38.01567840576172,38.01872253417969,0.9798553586006165,0.9798948764801025,0.03735660761594772,0.037466734647750854,59.61367416381836,0,3869282,0,0,106842,0,0,0
hotdog,Hotdog,61,selected_coord18_conic21_opacity8_rgb10,21,full_pd_guard,-0.022022247314453125,-5.346536636352539e-05,-8.986890316009521e-05,37.86826705932617,37.890289306640625,0.978706419467926,0.9787598848342896,0.03907661885023117,0.039166487753391266,59.912567138671875,0,3856002,0,0,105568,0,0,0
hotdog,Hotdog,62,selected_coord18_conic21_opacity8_rgb10,21,full_pd_guard,-0.0121002197265625,-6.240606307983398e-05,-0.0001312047243118286,37.808433532714844,37.820533752441406,0.9779089093208313,0.9779713153839111,0.04102511703968048,0.04115632176399231,59.565513610839844,0,3849088,0,0,111272,0,0,0
hotdog,Hotdog,63,selected_coord18_conic21_opacity8_rgb10,21,full_pd_guard,-0.000698089599609375,-2.8073787689208984e-05,-0.00011499971151351929,37.81587219238281,37.81657028198242,0.9775681495666504,0.9775962233543396,0.04171491414308548,0.041829913854599,59.72703170776367,0,3846039,0,0,153019,0,0,0
hotdog,Hotdog,64,selected_coord18_conic21_opacity8_rgb10,21,full_pd_guard,-0.006099700927734375,-4.369020462036133e-05,-0.00011511147022247314,37.79515075683594,37.80125045776367,0.9767197370529175,0.9767634272575378,0.04194463789463043,0.042059749364852905,59.83424377441406,0,3837241,0,0,133682,0,0,0
hotdog,Hotdog,65,selected_coord18_conic21_opacity8_rgb10,21,full_pd_guard,0.000530242919921875,-3.74913215637207e-05,-0.00015573576092720032,37.74837112426758,37.747840881347656,0.975783109664917,0.9758206009864807,0.04258865863084793,0.04274439439177513,59.743927001953125,0,3833652,0,0,110295,0,0,0
hotdog,Hotdog,66,selected_coord18_conic21_opacity8_rgb10,21,full_pd_guard,-0.019008636474609375,-5.710124969482422e-05,-0.00010149553418159485,37.61129379272461,37.63030242919922,0.9749014377593994,0.9749585390090942,0.04351048916578293,0.04361198469996452,60.19879150390625,0,3826182,0,0,146792,0,0,0
hotdog,Hotdog,67,selected_coord18_conic21_opacity8_rgb10,21,full_pd_guard,-0.0313262939453125,-6.663799285888672e-05,-7.704272866249084e-05,37.35758972167969,37.388916015625,0.973771870136261,0.9738385081291199,0.04457646980881691,0.0446535125374794,60.1400146484375,0,3819770,0,0,104753,0,0,0
hotdog,Hotdog,68,selected_coord18_conic21_opacity8_rgb10,21,full_pd_guard,-0.024250030517578125,-6.979703903198242e-05,-8.741766214370728e-05,37.258628845214844,37.28287887573242,0.9732049703598022,0.9732747673988342,0.04537123814225197,0.045458655804395676,60.10134506225586,0,3812900,0,0,103952,0,0,0
hotdog,Hotdog,69,selected_coord18_conic21_opacity8_rgb10,21,full_pd_guard,-0.034778594970703125,-6.127357482910156e-05,-8.796155452728271e-05,37.104652404785156,37.13943099975586,0.9725832939147949,0.972644567489624,0.045120470225811005,0.04520843178033829,60.224117279052734,0,3807454,0,0,108661,0,0,0
hotdog,Hotdog,70,selected_coord18_conic21_opacity8_rgb10,21,full_pd_guard,-0.0401763916015625,-4.589557647705078e-05,-9.644031524658203e-05,36.98780059814453,37.027976989746094,0.9721450805664062,0.9721909761428833,0.04583819955587387,0.04593463987112045,60.445518493652344,0,3791704,0,0,116945,0,0,0
hotdog,Hotdog,71,selected_coord18_conic21_opacity8_rgb10,21,full_pd_guard,-0.04328155517578125,-4.5299530029296875e-05,-0.0001455172896385193,36.91577911376953,36.95906066894531,0.9717043042182922,0.9717496037483215,0.046214133501052856,0.046359650790691376,59.95478820800781,0,3785248,0,0,114950,0,0,0
hotdog,Hotdog,72,selected_coord18_conic21_opacity8_rgb10,21,full_pd_guard,-0.00490570068359375,-3.0219554901123047e-05,-0.00013604015111923218,37.024261474609375,37.02916717529297,0.9717169404029846,0.9717471599578857,0.046239834278821945,0.04637587442994118,60.395347595214844,0,3771630,0,0,111863,0,0,0
hotdog,Hotdog,73,selected_coord18_conic21_opacity8_rgb10,21,full_pd_guard,-0.0230255126953125,-5.2094459533691406e-05,-6.553530693054199e-05,37.03736114501953,37.060386657714844,0.9713724851608276,0.9714245796203613,0.047359492629766464,0.047425027936697006,60.5305290222168,0,3748478,0,0,80535,0,0,0
hotdog,Hotdog,74,selected_coord18_conic21_opacity8_rgb10,21,full_pd_guard,-0.0447235107421875,-6.73532485961914e-05,-5.5909156799316406e-05,37.084503173828125,37.12922668457031,0.9717207551002502,0.9717881083488464,0.04566171020269394,0.045717619359493256,60.25895309448242,0,3714431,0,0,107082,0,0,0
hotdog,Hotdog,75,selected_coord18_conic21_opacity8_rgb10,21,full_pd_guard,-0.04903411865234375,-5.120038986206055e-05,-5.3223222494125366e-05,37.193511962890625,37.24254608154297,0.9721074104309082,0.9721586108207703,0.04454810172319412,0.04460132494568825,60.54081344604492,0,3685548,0,0,107354,0,0,0
hotdog,Hotdog,76,selected_coord18_conic21_opacity8_rgb10,21,full_pd_guard,-0.0263214111328125,-5.263090133666992e-05,-0.00012090429663658142,37.117549896240234,37.14387130737305,0.9719602465629578,0.9720128774642944,0.04409361258149147,0.04421451687812805,60.735836029052734,0,3646924,0,0,114384,0,0,0
hotdog,Hotdog,77,selected_coord18_conic21_opacity8_rgb10,21,full_pd_guard,-0.0305633544921875,-4.225969314575195e-05,-0.00012572109699249268,37.11188507080078,37.14244842529297,0.9720240235328674,0.9720662832260132,0.04554767906665802,0.04567340016365051,60.66734313964844,0,3595245,0,0,113401,0,0,0
hotdog,Hotdog,78,selected_coord18_conic21_opacity8_rgb10,21,full_pd_guard,-0.0426788330078125,-8.386373519897461e-05,-0.00012753158807754517,37.144203186035156,37.18688201904297,0.9722965359687805,0.9723803997039795,0.044836461544036865,0.04496399313211441,60.82170867919922,0,3536341,0,0,123591,0,0,0
hotdog,Hotdog,79,selected_coord18_conic21_opacity8_rgb10,21,full_pd_guard,-0.039642333984375,-6.532669067382812e-05,-0.00011597573757171631,37.257293701171875,37.29693603515625,0.9727650284767151,0.9728303551673889,0.043525487184524536,0.04364146292209625,60.93132781982422,0,3474625,0,0,94796,0,0,0
hotdog,Hotdog,80,selected_coord18_conic21_opacity8_rgb10,21,full_pd_guard,-0.0262298583984375,-1.9371509552001953e-05,-0.0001250728964805603,37.4920654296875,37.51829528808594,0.9734646081924438,0.9734839797019958,0.042658984661102295,0.042784057557582855,61.04939270019531,0,3411500,0,0,92817,0,0,0
hotdog,Hotdog,81,selected_coord18_conic21_opacity8_rgb10,21,full_pd_guard,-0.004467010498046875,-2.09808349609375e-05,-0.00013402849435806274,37.36763000488281,37.37209701538086,0.9735346436500549,0.9735556244850159,0.0412895604968071,0.04142358899116516,61.0948486328125,0,3342487,0,0,103857,0,0,0
hotdog,Hotdog,82,selected_coord18_conic21_opacity8_rgb10,21,full_pd_guard,-0.0149383544921875,-2.0503997802734375e-05,-0.00013783574104309082,36.97505187988281,36.989990234375,0.9733467698097229,0.9733672738075256,0.04158046841621399,0.04171830415725708,61.004493713378906,0,3266004,0,0,93815,0,0,0
hotdog,Hotdog,83,selected_coord18_conic21_opacity8_rgb10,21,full_pd_guard,-0.008632659912109375,1.4424324035644531e-05,-0.0001408196985721588,36.635345458984375,36.643978118896484,0.973305344581604,0.9732909202575684,0.04186999052762985,0.04201081022620201,61.40288543701172,0,3187307,0,0,90879,0,0,0
hotdog,Hotdog,84,selected_coord18_conic21_opacity8_rgb10,21,full_pd_guard,-0.002227783203125,3.516674041748047e-05,-7.05718994140625e-05,36.384498596191406,36.38672637939453,0.9730077981948853,0.9729726314544678,0.041067831218242645,0.04113840311765671,61.47130584716797,0,3109786,0,0,88391,0,0,0
hotdog,Hotdog,85,selected_coord18_conic21_opacity8_rgb10,21,full_pd_guard,0.01422119140625,4.380941390991211e-05,-5.397200584411621e-05,36.4467887878418,36.43256759643555,0.9734028577804565,0.9733590483665466,0.040561702102422714,0.04061567410826683,61.69518280029297,0,3031361,0,0,95215,0,0,0
hotdog,Hotdog,86,selected_coord18_conic21_opacity8_rgb10,21,full_pd_guard,0.002429962158203125,8.83340835571289e-05,-0.00010780990123748779,36.569427490234375,36.56699752807617,0.9738089442253113,0.9737206101417542,0.04076369106769562,0.040871500968933105,61.55876159667969,0,2951160,0,0,98798,0,0,0
hotdog,Hotdog,87,selected_coord18_conic21_opacity8_rgb10,21,full_pd_guard,0.00296783447265625,6.860494613647461e-05,-0.00017593055963516235,36.62825393676758,36.62528610229492,0.9739751219749451,0.9739065170288086,0.04041910916566849,0.04059503972530365,61.846031188964844,0,2868762,0,0,84312,0,0,0
hotdog,Hotdog,88,selected_coord18_conic21_opacity8_rgb10,21,full_pd_guard,0.00818634033203125,7.086992263793945e-05,-0.00017778947949409485,36.3209342956543,36.312747955322266,0.9732863903045654,0.9732155203819275,0.04030338302254677,0.04048117250204086,61.96087646484375,0,2785184,0,0,88646,0,0,0
hotdog,Hotdog,89,selected_coord18_conic21_opacity8_rgb10,21,full_pd_guard,0.00255584716796875,7.665157318115234e-05,-0.00010560080409049988,35.77251434326172,35.76995849609375,0.9731051921844482,0.9730285406112671,0.04024879261851311,0.04035439342260361,62.24803924560547,0,2699017,0,0,71781,0,0,0
hotdog,Hotdog,90,selected_coord18_conic21_opacity8_rgb10,21,full_pd_guard,0.013153076171875,6.759166717529297e-05,-0.00023153424263000488,35.582881927490234,35.56972885131836,0.9729587435722351,0.9728911519050598,0.03990261256694794,0.04013414680957794,61.936981201171875,0,2620175,0,0,103683,0,0,0
hotdog,Hotdog,91,selected_coord18_conic21_opacity8_rgb10,21,full_pd_guard,-0.002597808837890625,8.058547973632812e-05,-0.00016904622316360474,34.90522384643555,34.90782165527344,0.972859799861908,0.9727792143821716,0.0389346182346344,0.039103664457798004,62.130977630615234,0,2539194,0,0,94721,0,0,0
hotdog,Hotdog,92,selected_coord18_conic21_opacity8_rgb10,21,full_pd_guard,-0.004314422607421875,5.322694778442383e-05,-0.0001498013734817505,34.425437927246094,34.429752349853516,0.9733266830444336,0.9732734560966492,0.03818488121032715,0.0383346825838089,62.25815963745117,0,2463260,0,0,71722,0,0,0
hotdog,Hotdog,93,selected_coord18_conic21_opacity8_rgb10,21,full_pd_guard,-0.000843048095703125,7.56382942199707e-05,-0.00020287185907363892,34.55565643310547,34.55649948120117,0.9736398458480835,0.9735642075538635,0.03789278864860535,0.038095660507678986,62.37896728515625,0,2393429,0,0,101425,0,0,0
hotdog,Hotdog,94,selected_coord18_conic21_opacity8_rgb10,21,full_pd_guard,0.0155029296875,0.00011450052261352539,-0.0002120882272720337,34.84090042114258,34.82539749145508,0.975108802318573,0.9749943017959595,0.03569965809583664,0.03591174632310867,62.4712028503418,0,2322210,0,0,98212,0,0,0
hotdog,Hotdog,95,selected_coord18_conic21_opacity8_rgb10,21,full_pd_guard,0.00384521484375,8.088350296020508e-05,-0.0002078413963317871,35.312286376953125,35.308441162109375,0.9765329360961914,0.9764520525932312,0.03374741971492767,0.03395526111125946,62.417598724365234,0,2261357,0,0,123488,0,0,0
hotdog,Hotdog,96,selected_coord18_conic21_opacity8_rgb10,21,full_pd_guard,0.02291107177734375,0.00011992454528808594,-0.00016505643725395203,36.23682403564453,36.21391296386719,0.9790194630622864,0.9788995385169983,0.03151470795273781,0.03167976438999176,62.52204513549805,0,2206669,0,0,83919,0,0,0
hotdog,Hotdog,97,selected_coord18_conic21_opacity8_rgb10,21,full_pd_guard,0.024089813232421875,0.00013202428817749023,-0.00012176483869552612,35.96044158935547,35.93635177612305,0.9805894494056702,0.9804574251174927,0.03145536035299301,0.03157712519168854,62.522865295410156,0,2160569,0,0,104785,0,0,0
hotdog,Hotdog,98,selected_coord18_conic21_opacity8_rgb10,21,full_pd_guard,0.001125335693359375,8.07046890258789e-05,-8.267350494861603e-05,35.011199951171875,35.010074615478516,0.9818193316459656,0.9817386269569397,0.030038686469197273,0.03012135997414589,62.80818176269531,0,2131709,0,0,115268,0,0,0
hotdog,Hotdog,99,selected_coord18_conic21_opacity8_rgb10,21,full_pd_guard,0.004261016845703125,8.499622344970703e-05,-5.162134766578674e-05,32.91883087158203,32.91456985473633,0.9797244668006897,0.97963947057724,0.031354859471321106,0.03140648081898689,62.90757369995117,0,2124266,0,0,83214,0,0,0
hotdog,Hotdog,100,selected_coord18_conic21_opacity8_rgb10,21,full_pd_guard,-0.00112152099609375,6.335973739624023e-05,-0.00013710558414459229,32.54636764526367,32.547489166259766,0.9788970351219177,0.9788336753845215,0.03206805884838104,0.032205164432525635,62.90130615234375,0,2124836,0,0,77408,0,0,0
hotdog,Hotdog,101,selected_coord18_conic21_opacity8_rgb10,21,full_pd_guard,0.000453948974609375,8.428096771240234e-05,-0.00010734796524047852,33.58151626586914,33.58106231689453,0.9791931509971619,0.9791088700294495,0.03221968933939934,0.032327037304639816,62.84789276123047,0,2144309,0,0,111153,0,0,0
hotdog,Hotdog,102,selected_coord18_conic21_opacity8_rgb10,21,full_pd_guard,-0.009380340576171875,6.324052810668945e-05,-0.0001277923583984375,34.36021041870117,34.369590759277344,0.9799652695655823,0.9799020290374756,0.03174600750207901,0.03187379986047745,63.105201721191406,0,2176268,0,0,98334,0,0,0
hotdog,Hotdog,103,selected_coord18_conic21_opacity8_rgb10,21,full_pd_guard,-0.0066070556640625,7.355213165283203e-05,-0.0001275390386581421,35.243072509765625,35.24967956542969,0.9809504151344299,0.9808768630027771,0.032094404101371765,0.03222194314002991,62.93901062011719,0,2216362,0,0,102565,0,0,0
hotdog,Hotdog,104,selected_coord18_conic21_opacity8_rgb10,21,full_pd_guard,-0.000164031982421875,8.71419906616211e-05,-0.00018097087740898132,36.08402633666992,36.084190368652344,0.9826358556747437,0.982548713684082,0.032494109123945236,0.03267508000135422,62.701629638671875,0,2259148,0,0,99907,0,0,0
hotdog,Hotdog,105,selected_coord18_conic21_opacity8_rgb10,21,full_pd_guard,-0.014049530029296875,6.604194641113281e-05,-0.0001207105815410614,35.688133239746094,35.70218276977539,0.9815910458564758,0.9815250039100647,0.034567806869745255,0.034688517451286316,62.75121307373047,0,2309657,0,0,105638,0,0,0
hotdog,Hotdog,106,selected_coord18_conic21_opacity8_rgb10,21,full_pd_guard,-0.00325775146484375,8.26716423034668e-05,-0.00014308467507362366,34.67158889770508,34.67484664916992,0.9783692955970764,0.978286623954773,0.03773615509271622,0.03787923976778984,62.53603744506836,0,2361703,0,0,101000,0,0,0
hotdog,Hotdog,107,selected_coord18_conic21_opacity8_rgb10,21,full_pd_guard,0.0092620849609375,0.0001251697540283203,-0.00012095645070075989,33.76277160644531,33.753509521484375,0.9755058288574219,0.9753806591033936,0.03985995054244995,0.03998090699315071,62.654937744140625,0,2407492,0,0,98056,0,0,0
hotdog,Hotdog,108,selected_coord18_conic21_opacity8_rgb10,21,full_pd_guard,-0.011425018310546875,4.1425228118896484e-05,-0.00017859041690826416,33.16572570800781,33.17715072631836,0.9730390906333923,0.9729976654052734,0.04240069165825844,0.0425792820751667,62.6235466003418,0,2461475,0,0,102705,0,0,0
hotdog,Hotdog,109,selected_coord18_conic21_opacity8_rgb10,21,full_pd_guard,-0.0023040771484375,7.903575897216797e-05,-0.00023074448108673096,32.942771911621094,32.94507598876953,0.9715519547462463,0.9714729189872742,0.04402286931872368,0.04425361379981041,62.615211486816406,0,2512277,0,0,109822,0,0,0
hotdog,Hotdog,110,selected_coord18_conic21_opacity8_rgb10,21,full_pd_guard,-0.0061798095703125,3.2901763916015625e-05,-0.0001566857099533081,32.97462463378906,32.980804443359375,0.9712814092636108,0.9712485074996948,0.04607084393501282,0.046227529644966125,62.53190231323242,0,2566250,0,0,80312,0,0,0
hotdog,Hotdog,111,selected_coord18_conic21_opacity8_rgb10,21,full_pd_guard,-0.0081024169921875,1.4901161193847656e-06,-0.0001530870795249939,33.4731330871582,33.48123550415039,0.9720089435577393,0.9720074534416199,0.046639420092105865,0.04679250717163086,62.567256927490234,0,2616709,0,0,85896,0,0,0
hotdog,Hotdog,112,selected_coord18_conic21_opacity8_rgb10,21,full_pd_guard,0.00226593017578125,2.3424625396728516e-05,-0.00019312649965286255,34.434165954589844,34.43190002441406,0.9744299650192261,0.9744065403938293,0.046303652226924896,0.04649677872657776,62.055931091308594,0,2666932,0,0,86881,0,0,0
hotdog,Hotdog,113,selected_coord18_conic21_opacity8_rgb10,21,full_pd_guard,0.008819580078125,5.501508712768555e-05,-9.506568312644958e-05,34.97984313964844,34.97102355957031,0.976151168346405,0.9760961532592773,0.046928130090236664,0.04702319577336311,62.21746063232422,0,2716258,0,0,101106,0,0,0
hotdog,Hotdog,114,selected_coord18_conic21_opacity8_rgb10,21,full_pd_guard,-0.001728057861328125,-1.6689300537109375e-06,-0.00019052252173423767,34.553688049316406,34.555416107177734,0.9753536581993103,0.975355327129364,0.04775911942124367,0.047949641942977905,62.324256896972656,0,2762699,0,0,94859,0,0,0
hotdog,Hotdog,115,selected_coord18_conic21_opacity8_rgb10,21,full_pd_guard,0.003582000732421875,4.279613494873047e-05,-6.98193907737732e-05,33.554813385009766,33.551231384277344,0.9728832840919495,0.9728404879570007,0.049808911979198456,0.04987873136997223,62.472286224365234,0,2811016,0,0,117680,0,0,0
hotdog,Hotdog,116,selected_coord18_conic21_opacity8_rgb10,21,full_pd_guard,-0.006946563720703125,5.042552947998047e-05,-0.00016856566071510315,32.251792907714844,32.25873947143555,0.9705296754837036,0.9704792499542236,0.05165114626288414,0.05181971192359924,62.31018829345703,0,2859059,0,0,101042,0,0,0
hotdog,Hotdog,117,selected_coord18_conic21_opacity8_rgb10,21,full_pd_guard,-0.0030269622802734375,5.14984130859375e-05,-0.00014578178524971008,30.82375144958496,30.826778411865234,0.9686850309371948,0.9686335325241089,0.05433597043156624,0.05448175221681595,62.53789520263672,0,2906132,0,0,99749,0,0,0
hotdog,Hotdog,118,selected_coord18_conic21_opacity8_rgb10,21,full_pd_guard,-0.0054302215576171875,3.3915042877197266e-05,-0.0002071969211101532,30.892637252807617,30.898067474365234,0.9682643413543701,0.9682304263114929,0.05553244799375534,0.055739644914865494,62.4790153503418,0,2952662,0,0,73473,0,0,0
hotdog,Hotdog,119,selected_coord18_conic21_opacity8_rgb10,21,full_pd_guard,-0.011753082275390625,2.0682811737060547e-05,-0.00030009448528289795,30.595867156982422,30.607620239257812,0.9680399894714355,0.9680193066596985,0.055511076003313065,0.05581117048859596,62.37540817260742,0,2999495,0,0,82670,0,0,0
hotdog,Hotdog,120,selected_coord18_conic21_opacity8_rgb10,21,full_pd_guard,-0.000164031982421875,7.265806198120117e-05,-0.00023825466632843018,30.391849517822266,30.392013549804688,0.9675939083099365,0.9675212502479553,0.05635359138250351,0.05659184604883194,62.201263427734375,0,3049630,0,0,104963,0,0,0
hotdog,Hotdog,121,selected_coord18_conic21_opacity8_rgb10,21,full_pd_guard,-0.011995315551757812,5.2094459533691406e-05,-0.0002213791012763977,30.580341339111328,30.592336654663086,0.9680638313293457,0.968011736869812,0.05679740011692047,0.05701877921819687,62.46218490600586,0,3100251,0,0,87478,0,0,0
hotdog,Hotdog,122,selected_coord18_conic21_opacity8_rgb10,21,full_pd_guard,-0.00083160400390625,0.00010323524475097656,-0.0002494305372238159,30.983009338378906,30.983840942382812,0.9689533114433289,0.9688500761985779,0.05766719579696655,0.05791662633419037,61.94891357421875,0,3144151,0,0,92471,0,0,0
hotdog,Hotdog,123,selected_coord18_conic21_opacity8_rgb10,21,full_pd_guard,-0.0004749298095703125,4.6253204345703125e-05,-0.00018391385674476624,31.873258590698242,31.873733520507812,0.970001220703125,0.9699549674987793,0.057966917753219604,0.05815083160996437,62.18223190307617,0,3182461,0,0,107006,0,0,0
hotdog,Hotdog,124,selected_coord18_conic21_opacity8_rgb10,21,full_pd_guard,0.003093719482421875,7.098913192749023e-05,-8.535757660865784e-05,32.27633285522461,32.27323913574219,0.9697301983833313,0.9696592092514038,0.05750539153814316,0.057590749114751816,62.38932418823242,0,3229908,0,0,130171,0,0,0
hotdog,Hotdog,125,selected_coord18_conic21_opacity8_rgb10,21,full_pd_guard,0.0045166015625,5.519390106201172e-05,-9.47117805480957e-05,32.35960388183594,32.35508728027344,0.9695027470588684,0.9694475531578064,0.05678492784500122,0.056879639625549316,62.3396110534668,0,3275129,0,0,86182,0,0,0
hotdog,Hotdog,126,selected_coord18_conic21_opacity8_rgb10,21,full_pd_guard,-0.008243560791015625,2.8252601623535156e-05,-0.0001500844955444336,32.143218994140625,32.15146255493164,0.9713982939720154,0.9713700413703918,0.05670180916786194,0.05685189366340637,62.313232421875,0,3311169,0,0,104905,0,0,0
hotdog,Hotdog,127,selected_coord18_conic21_opacity8_rgb10,21,full_pd_guard,-0.018404006958007812,-2.086162567138672e-05,-0.00015700608491897583,31.80282974243164,31.82123374938965,0.9726239442825317,0.9726448059082031,0.05649660527706146,0.05665361136198044,61.93853759765625,0,3345985,0,0,77446,0,0,0
hotdog,Hotdog,128,selected_coord18_conic21_opacity8_rgb10,21,full_pd_guard,-0.018024444580078125,-2.104043960571289e-05,-9.950622916221619e-05,32.60799026489258,32.626014709472656,0.9747908115386963,0.974811851978302,0.054343875497579575,0.05444338172674179,62.08626937866211,0,3378935,0,0,96766,0,0,0
hotdog,Hotdog,129,selected_coord18_conic21_opacity8_rgb10,21,full_pd_guard,-0.01761627197265625,-2.384185791015625e-05,-0.00018528848886489868,33.72669219970703,33.74430847167969,0.9766300916671753,0.9766539335250854,0.051231756806373596,0.051417045295238495,61.68439865112305,0,3412354,0,0,90320,0,0,0
hotdog,Hotdog,130,selected_coord18_conic21_opacity8_rgb10,21,full_pd_guard,-0.02892303466796875,-2.968311309814453e-05,-0.0001721605658531189,35.21162414550781,35.24054718017578,0.9784231781959534,0.9784528613090515,0.04834693297743797,0.04851909354329109,61.684730529785156,0,3441952,0,0,102433,0,0,0
hotdog,Hotdog,131,selected_coord18_conic21_opacity8_rgb10,21,full_pd_guard,-0.02756500244140625,-4.225969314575195e-05,-0.00018345564603805542,36.28099822998047,36.308563232421875,0.9794467687606812,0.9794890284538269,0.04659198969602585,0.046775445342063904,61.56153869628906,0,3462675,0,0,111794,0,0,0
hotdog,Hotdog,132,selected_coord18_conic21_opacity8_rgb10,21,full_pd_guard,-0.023761749267578125,-4.476308822631836e-05,-0.000280182808637619,36.309425354003906,36.333187103271484,0.9795975089073181,0.9796422719955444,0.046842582523822784,0.0471227653324604,61.674293518066406,0,3485325,0,0,115741,0,0,0
hotdog,Hotdog,133,selected_coord18_conic21_opacity8_rgb10,21,full_pd_guard,-0.040515899658203125,-7.790327072143555e-05,-0.00016222521662712097,36.390018463134766,36.43053436279297,0.9789743423461914,0.9790522456169128,0.04657004028558731,0.04673226550221443,61.3170166015625,0,3505533,0,0,87002,0,0,0
hotdog,Hotdog,134,selected_coord18_conic21_opacity8_rgb10,21,full_pd_guard,-0.032238006591796875,-5.173683166503906e-05,-0.00010073557496070862,36.60552215576172,36.637760162353516,0.978879451751709,0.978931188583374,0.0468282550573349,0.04692899063229561,61.41427230834961,0,3522574,0,0,92471,0,0,0
hotdog,Hotdog,135,selected_coord18_conic21_opacity8_rgb10,21,full_pd_guard,-0.025470733642578125,-4.076957702636719e-05,-0.00010583922266960144,36.95270538330078,36.97817611694336,0.9791935086250305,0.9792342782020569,0.04591953754425049,0.04602537676692009,61.32745361328125,0,3539005,0,0,101978,0,0,0
hotdog,Hotdog,136,selected_coord18_conic21_opacity8_rgb10,21,full_pd_guard,-0.02105712890625,-3.141164779663086e-05,-0.0002408735454082489,37.3775634765625,37.39862060546875,0.9799904227256775,0.9800218343734741,0.04392571002244949,0.04416658356785774,61.16527557373047,0,3556703,0,0,92233,0,0,0
hotdog,Hotdog,137,selected_coord18_conic21_opacity8_rgb10,21,full_pd_guard,-0.02623748779296875,-4.1544437408447266e-05,-0.00013750046491622925,37.971214294433594,37.99745178222656,0.9811291694641113,0.9811707139015198,0.04161518067121506,0.04175268113613129,61.15229034423828,0,3572474,0,0,103677,0,0,0
hotdog,Hotdog,138,selected_coord18_conic21_opacity8_rgb10,21,full_pd_guard,-0.0189971923828125,-3.743171691894531e-05,-0.00011312216520309448,38.46131896972656,38.480316162109375,0.9818010926246643,0.9818385243415833,0.03940941393375397,0.03952253609895706,60.945335388183594,0,3587614,0,0,87800,0,0,0
hotdog,Hotdog,139,selected_coord18_conic21_opacity8_rgb10,21,full_pd_guard,-0.018001556396484375,-4.9173831939697266e-05,-0.0001653321087360382,38.22732925415039,38.245330810546875,0.9812736511230469,0.9813228249549866,0.03890730068087578,0.039072632789611816,60.76185607910156,0,3607061,0,0,98500,0,0,0
hotdog,Hotdog,140,selected_coord18_conic21_opacity8_rgb10,21,full_pd_guard,-0.0142364501953125,-4.184246063232422e-05,-0.00012452900409698486,37.461082458496094,37.475318908691406,0.9797092080116272,0.9797510504722595,0.04005930572748184,0.04018383473157883,60.622528076171875,0,3626440,0,0,102841,0,0,0
hotdog,Hotdog,141,selected_coord18_conic21_opacity8_rgb10,21,full_pd_guard,-0.02550506591796875,-5.805492401123047e-05,-0.0001781955361366272,37.0732421875,37.09874725341797,0.9781709909439087,0.9782290458679199,0.04068216681480408,0.040860362350940704,60.531944274902344,0,3650415,0,0,112312,0,0,0
hotdog,Hotdog,142,selected_coord18_conic21_opacity8_rgb10,21,full_pd_guard,-0.0154876708984375,-5.412101745605469e-05,-9.850412607192993e-05,36.67817687988281,36.69366455078125,0.9768723249435425,0.9769264459609985,0.04163851588964462,0.04173702001571655,60.51097869873047,0,3676627,0,0,115286,0,0,0
hotdog,Hotdog,143,selected_coord18_conic21_opacity8_rgb10,21,full_pd_guard,-0.014484405517578125,-6.651878356933594e-05,-0.0001782141625881195,36.442386627197266,36.456871032714844,0.9761927723884583,0.9762592911720276,0.04158461466431618,0.0417628288269043,60.378746032714844,0,3709198,0,0,105629,0,0,0
hotdog,Hotdog,144,selected_coord18_conic21_opacity8_rgb10,21,full_pd_guard,-0.00662994384765625,-5.3882598876953125e-05,-0.00010909885168075562,36.37049102783203,36.37712097167969,0.975641131401062,0.975695013999939,0.04216114431619644,0.0422702431678772,59.93193817138672,0,3748641,0,0,119096,0,0,0
hotdog,Hotdog,145,selected_coord18_conic21_opacity8_rgb10,21,full_pd_guard,-0.011566162109375,-5.811452865600586e-05,-7.976219058036804e-05,36.32313537597656,36.33470153808594,0.9759617447853088,0.9760198593139648,0.04038636013865471,0.04046612232923508,59.889312744140625,0,3796068,0,0,106494,0,0,0
hotdog,Hotdog,146,selected_coord18_conic21_opacity8_rgb10,21,full_pd_guard,-0.012210845947265625,-7.56382942199707e-05,-9.058788418769836e-05,36.36798095703125,36.380191802978516,0.976071298122406,0.976146936416626,0.04059058800339699,0.040681175887584686,59.99138641357422,0,3844899,0,0,113720,0,0,0
hotdog,Hotdog,147,selected_coord18_conic21_opacity8_rgb10,21,full_pd_guard,-0.025707244873046875,-7.152557373046875e-05,-9.865313768386841e-05,36.39327621459961,36.418983459472656,0.9764748215675354,0.9765463471412659,0.03920929133892059,0.03930794447660446,59.82542419433594,0,3901705,0,0,116101,0,0,0
hotdog,Hotdog,148,selected_coord18_conic21_opacity8_rgb10,21,full_pd_guard,-0.0206146240234375,-5.6743621826171875e-05,-7.491931319236755e-05,36.5322380065918,36.552852630615234,0.976610541343689,0.9766672849655151,0.03852790594100952,0.03860282525420189,59.86656951904297,0,3971151,0,0,136796,0,0,0
hotdog,Hotdog,149,selected_coord18_conic21_opacity8_rgb10,21,full_pd_guard,-0.022449493408203125,-7.265806198120117e-05,-1.9688159227371216e-05,36.33980941772461,36.36225891113281,0.9760594367980957,0.9761320948600769,0.03842635452747345,0.03844604268670082,59.536800384521484,0,4044929,0,0,121597,0,0,0
hotdog,Hotdog,150,selected_coord18_conic21_opacity8_rgb10,21,full_pd_guard,-0.018131256103515625,-6.347894668579102e-05,-4.979968070983887e-05,36.234169006347656,36.25230026245117,0.975796639919281,0.9758601188659668,0.03852665424346924,0.03857645392417908,59.64495849609375,0,4121128,0,0,132260,0,0,0
hotdog,Hotdog,151,selected_coord18_conic21_opacity8_rgb10,21,full_pd_guard,-0.02179718017578125,-0.00010180473327636719,-0.00011153519153594971,36.47986602783203,36.50166320800781,0.9761446714401245,0.9762464761734009,0.037676941603422165,0.037788476794958115,59.66035079956055,0,4171362,0,0,115167,0,0,0
hotdog,Hotdog,152,selected_coord18_conic21_opacity8_rgb10,21,full_pd_guard,-0.0237274169921875,-9.614229202270508e-05,-7.86706805229187e-05,36.746253967285156,36.769981384277344,0.9769721627235413,0.977068305015564,0.037784501910209656,0.037863172590732574,59.41506576538086,0,4221125,0,0,119169,0,0,0
hotdog,Hotdog,153,selected_coord18_conic21_opacity8_rgb10,21,full_pd_guard,-0.012847900390625,-5.513429641723633e-05,-0.0001509450376033783,37.13594055175781,37.14878845214844,0.9778661727905273,0.9779213070869446,0.03720690682530403,0.03735785186290741,59.41115951538086,0,4260161,0,0,144096,0,0,0
hotdog,Hotdog,154,selected_coord18_conic21_opacity8_rgb10,21,full_pd_guard,-0.022792816162109375,-9.638071060180664e-05,-0.00015567243099212646,37.182952880859375,37.205745697021484,0.9781584739685059,0.9782548546791077,0.038188386708498,0.03834405913949013,59.434303283691406,0,4293335,0,0,134866,0,0,0
hotdog,Hotdog,155,selected_coord18_conic21_opacity8_rgb10,21,full_pd_guard,-0.0359649658203125,-0.00010335445404052734,-0.00019256025552749634,37.2355842590332,37.271549224853516,0.9779585599899292,0.9780619144439697,0.03796035796403885,0.038152918219566345,59.25157928466797,0,4317441,0,0,128577,0,0,0
hotdog,Hotdog,156,selected_coord18_conic21_opacity8_rgb10,21,full_pd_guard,-0.026699066162109375,-7.69495964050293e-05,-0.00016627460718154907,37.39555740356445,37.42225646972656,0.9784397482872009,0.978516697883606,0.038320593535900116,0.038486868143081665,59.36749267578125,0,4349598,0,0,137241,0,0,0
hotdog,Hotdog,157,selected_coord18_conic21_opacity8_rgb10,21,full_pd_guard,-0.02826690673828125,-9.22083854675293e-05,-0.00016767531633377075,37.480247497558594,37.508514404296875,0.9786109328269958,0.9787031412124634,0.03874291479587555,0.03891059011220932,58.79308319091797,0,4377909,0,0,114819,0,0,0
hotdog,Hotdog,158,selected_coord18_conic21_opacity8_rgb10,21,full_pd_guard,-0.03311920166015625,-8.636713027954102e-05,-0.00018788129091262817,37.71470642089844,37.747825622558594,0.9788694977760315,0.978955864906311,0.038767009973526,0.03895489126443863,58.7117919921875,0,4406406,0,0,150397,0,0,0
hotdog,Hotdog,159,selected_coord18_conic21_opacity8_rgb10,21,full_pd_guard,-0.031524658203125,-9.775161743164062e-05,-0.00010067224502563477,37.9986572265625,38.030181884765625,0.979066789150238,0.9791645407676697,0.039295945316553116,0.03939661756157875,58.911468505859375,0,4435799,0,0,135148,0,0,0
hotdog,Hotdog,160,selected_coord18_conic21_opacity8_rgb10,21,full_pd_guard,-0.034149169921875,-9.715557098388672e-05,-6.0092657804489136e-05,38.093040466308594,38.12718963623047,0.9790080785751343,0.9791052341461182,0.039513979107141495,0.039574071764945984,58.88148498535156,0,4464267,0,0,112535,0,0,0
hotdog,Hotdog,161,selected_coord18_conic21_opacity8_rgb10,21,full_pd_guard,-0.0233001708984375,-9.357929229736328e-05,-0.00013823434710502625,37.991477966308594,38.01477813720703,0.9784613251686096,0.978554904460907,0.04058414697647095,0.040722381323575974,58.99187469482422,0,4490054,0,0,140634,0,0,0
hotdog,Hotdog,162,selected_coord18_conic21_opacity8_rgb10,21,full_pd_guard,-0.029018402099609375,-9.876489639282227e-05,-0.00013325735926628113,37.92397689819336,37.95299530029297,0.9779266119003296,0.9780253767967224,0.04277739301323891,0.04291065037250519,58.900203704833984,0,4513819,0,0,109150,0,0,0
hotdog,Hotdog,163,selected_coord18_conic21_opacity8_rgb10,21,full_pd_guard,-0.02681732177734375,-9.655952453613281e-05,-0.0001043565571308136,37.92835998535156,37.955177307128906,0.9776540994644165,0.9777506589889526,0.04264255240559578,0.04274690896272659,58.86548614501953,0,4542397,0,0,139922,0,0,0
hotdog,Hotdog,164,selected_coord18_conic21_opacity8_rgb10,21,full_pd_guard,-0.022068023681640625,-8.285045623779297e-05,-0.00019107013940811157,37.811641693115234,37.833709716796875,0.9768886566162109,0.9769715070724487,0.04510516673326492,0.045296236872673035,58.99871826171875,0,4567918,0,0,126836,0,0,0
hotdog,Hotdog,165,selected_coord18_conic21_opacity8_rgb10,21,full_pd_guard,-0.037044525146484375,-9.799003601074219e-05,-0.0001154094934463501,37.709014892578125,37.74605941772461,0.9762386679649353,0.976336658000946,0.045171380043029785,0.045286789536476135,58.51483154296875,0,4597334,0,0,148412,0,0,0
hotdog,Hotdog,166,selected_coord18_conic21_opacity8_rgb10,21,full_pd_guard,-0.021312713623046875,-8.273124694824219e-05,-0.00015848875045776367,37.728599548339844,37.74991226196289,0.9758151173591614,0.9758978486061096,0.04499835520982742,0.04515684396028519,58.75544357299805,0,4626304,0,0,160003,0,0,0
hotdog,Hotdog,167,selected_coord18_conic21_opacity8_rgb10,21,full_pd_guard,-0.040149688720703125,-0.00010484457015991211,-4.819035530090332e-05,37.64958190917969,37.68973159790039,0.9752989411354065,0.9754037857055664,0.046387799084186554,0.04643598943948746,58.341793060302734,0,4659967,0,0,202327,0,0,0
hotdog,Hotdog,168,selected_coord18_conic21_opacity8_rgb10,21,full_pd_guard,-0.03162384033203125,-0.00010502338409423828,-0.00014428794384002686,37.6687126159668,37.70033645629883,0.9750646352767944,0.9751696586608887,0.04593798518180847,0.0460822731256485,58.6528434753418,0,4686101,0,0,190586,0,0,0
hotdog,Hotdog,169,selected_coord18_conic21_opacity8_rgb10,21,full_pd_guard,-0.03914642333984375,-0.00010442733764648438,-0.00019862502813339233,37.50413131713867,37.543277740478516,0.9745502471923828,0.9746546745300293,0.04703947901725769,0.04723810404539108,58.62017822265625,0,4720551,0,0,188596,0,0,0
hotdog,Hotdog,170,selected_coord18_conic21_opacity8_rgb10,21,full_pd_guard,-0.04296112060546875,-0.00011646747589111328,-0.0001918599009513855,37.52892303466797,37.57188415527344,0.974177896976471,0.9742943644523621,0.04777282476425171,0.047964684665203094,58.497520446777344,0,4755300,0,0,240647,0,0,0
hotdog,Hotdog,171,selected_coord18_conic21_opacity8_rgb10,21,full_pd_guard,-0.04842376708984375,-0.00012111663818359375,-0.00017137080430984497,37.4033203125,37.451744079589844,0.9737930297851562,0.9739141464233398,0.04750511050224304,0.04767648130655289,58.499874114990234,0,4796580,0,0,230426,0,0,0
hotdog,Hotdog,172,selected_coord18_conic21_opacity8_rgb10,21,full_pd_guard,-0.032062530517578125,-0.00010377168655395508,-0.0001772083342075348,37.42424392700195,37.45630645751953,0.9736776947975159,0.9737814664840698,0.04795895144343376,0.048136159777641296,58.479698181152344,0,4839140,0,0,251018,0,0,0
hotdog,Hotdog,173,selected_coord18_conic21_opacity8_rgb10,21,full_pd_guard,-0.03972625732421875,-0.00011581182479858398,-0.00022570788860321045,37.356109619140625,37.395835876464844,0.9733018279075623,0.9734176397323608,0.04827622324228287,0.04850193113088608,58.33399200439453,0,4877189,0,0,228770,0,0,0
hotdog,Hotdog,174,selected_coord18_conic21_opacity8_rgb10,21,full_pd_guard,-0.032073974609375,-0.00010675191879272461,-0.00015394389629364014,37.244728088378906,37.27680206298828,0.9729389548301697,0.9730457067489624,0.048384927213191986,0.048538871109485626,58.42429733276367,0,4915085,0,0,209338,0,0,0
hotdog,Hotdog,175,selected_coord18_conic21_opacity8_rgb10,21,full_pd_guard,-0.0316925048828125,-0.0001131296157836914,-0.00012381374835968018,37.30854797363281,37.340240478515625,0.9726094007492065,0.9727225303649902,0.04798794165253639,0.04811175540089607,58.26952362060547,0,4941859,0,0,172081,0,0,0
hotdog,Hotdog,176,selected_coord18_conic21_opacity8_rgb10,21,full_pd_guard,-0.01499176025390625,-0.00010079145431518555,-7.985532283782959e-05,37.1198616027832,37.13485336303711,0.9721351861953735,0.9722359776496887,0.04850233346223831,0.04858218878507614,58.421173095703125,0,4938853,0,0,190536,0,0,0
hotdog,Hotdog,177,selected_coord18_conic21_opacity8_rgb10,21,full_pd_guard,-0.031475067138671875,-0.00011706352233886719,-8.532777428627014e-05,37.03000259399414,37.06147766113281,0.9719971418380737,0.9721142053604126,0.04838123172521591,0.04846655949950218,58.231842041015625,0,4911353,0,0,209419,0,0,0
hotdog,Hotdog,178,selected_coord18_conic21_opacity8_rgb10,21,full_pd_guard,-0.031036376953125,-0.0001169443130493164,-7.30752944946289e-05,36.95137023925781,36.98240661621094,0.9716581106185913,0.9717750549316406,0.048919789493083954,0.04899286478757858,58.31052780151367,0,4866581,0,0,193939,0,0,0
hotdog,Hotdog,179,selected_coord18_conic21_opacity8_rgb10,21,full_pd_guard,-0.02970123291015625,-0.00011998414993286133,-5.558878183364868e-05,36.869529724121094,36.89923095703125,0.9714199304580688,0.9715399146080017,0.048686616122722626,0.048742204904556274,58.4650993347168,0,4819538,0,0,174244,0,0,0
hotdog,Hotdog,180,selected_coord18_conic21_opacity8_rgb10,21,full_pd_guard,-0.02645111083984375,-0.00011557340621948242,-0.0001734420657157898,36.876956939697266,36.90340805053711,0.9715030789375305,0.97161865234375,0.04834219068288803,0.04851563274860382,58.488765716552734,0,4767871,0,0,168906,0,0,0
hotdog,Hotdog,181,selected_coord18_conic21_opacity8_rgb10,21,full_pd_guard,-0.031036376953125,-9.846687316894531e-05,-7.623806595802307e-05,36.87046813964844,36.90150451660156,0.9718081951141357,0.9719066619873047,0.047710929065942764,0.04778716713190079,58.573509216308594,0,4713202,0,0,175607,0,0,0
hotdog,Hotdog,182,selected_coord18_conic21_opacity8_rgb10,21,full_pd_guard,-0.0243682861328125,-0.00012755393981933594,-0.00011974573135375977,36.884735107421875,36.90910339355469,0.9718532562255859,0.9719808101654053,0.04735952615737915,0.04747927188873291,58.58759689331055,0,4655474,0,0,182347,0,0,0
hotdog,Hotdog,183,selected_coord18_conic21_opacity8_rgb10,21,full_pd_guard,-0.0248565673828125,-0.0001131892204284668,-2.894178032875061e-05,36.934059143066406,36.95891571044922,0.9721142053604126,0.9722273945808411,0.046142660081386566,0.04617160186171532,58.55219650268555,0,4599567,0,0,197591,0,0,0
hotdog,Hotdog,184,selected_coord18_conic21_opacity8_rgb10,21,full_pd_guard,-0.0192108154296875,-8.83936882019043e-05,-7.705017924308777e-05,36.932159423828125,36.95137023925781,0.9723759293556213,0.9724643230438232,0.04576034098863602,0.045837391167879105,58.79386520385742,0,4549281,0,0,164551,0,0,0
hotdog,Hotdog,185,selected_coord18_conic21_opacity8_rgb10,21,full_pd_guard,-0.026920318603515625,-0.00010848045349121094,-6.168335676193237e-05,36.91985321044922,36.946773529052734,0.9725799560546875,0.9726884365081787,0.04429538547992706,0.044357068836688995,58.874664306640625,0,4497890,0,0,148214,0,0,0
hotdog,Hotdog,186,selected_coord18_conic21_opacity8_rgb10,21,full_pd_guard,-0.0285491943359375,-9.137392044067383e-05,-6.303936243057251e-05,36.87895965576172,36.907508850097656,0.9729903936386108,0.9730817675590515,0.04464287310838699,0.044705912470817566,58.66251754760742,0,4453408,0,0,116294,0,0,0
hotdog,Hotdog,187,selected_coord18_conic21_opacity8_rgb10,21,full_pd_guard,-0.024433135986328125,-9.721517562866211e-05,-8.082017302513123e-05,36.74325942993164,36.76769256591797,0.9728707671165466,0.9729679822921753,0.043746523559093475,0.04382734373211861,58.8990592956543,0,4411439,0,0,134663,0,0,0
hotdog,Hotdog,188,selected_coord18_conic21_opacity8_rgb10,21,full_pd_guard,-0.01938629150390625,-0.00011360645294189453,-4.29302453994751e-05,36.51551055908203,36.53489685058594,0.9725978374481201,0.972711443901062,0.04375428706407547,0.043797217309474945,58.664791107177734,0,4371466,0,0,127122,0,0,0
hotdog,Hotdog,189,selected_coord18_conic21_opacity8_rgb10,21,full_pd_guard,-0.02091217041015625,-9.459257125854492e-05,-9.4585120677948e-06,36.453216552734375,36.47412872314453,0.9726775288581848,0.9727721214294434,0.04397415742278099,0.043983615934848785,58.783531188964844,0,4337932,0,0,140332,0,0,0
hotdog,Hotdog,190,selected_coord18_conic21_opacity8_rgb10,21,full_pd_guard,-0.014129638671875,-7.277727127075195e-05,-0.00016666948795318604,36.314002990722656,36.32813262939453,0.9725566506385803,0.9726294279098511,0.044624850153923035,0.04479151964187622,59.036773681640625,0,4313979,0,0,142614,0,0,0
hotdog,Hotdog,191,selected_coord18_conic21_opacity8_rgb10,21,full_pd_guard,-0.02576446533203125,-0.00011157989501953125,-5.839020013809204e-05,36.321632385253906,36.34739685058594,0.9725251793861389,0.9726367592811584,0.04488520324230194,0.04494359344244003,58.839778900146484,0,4298953,0,0,123408,0,0,0
hotdog,Hotdog,192,selected_coord18_conic21_opacity8_rgb10,21,full_pd_guard,-0.02346038818359375,-0.00011217594146728516,-9.444728493690491e-05,36.25556182861328,36.279022216796875,0.972859799861908,0.9729719758033752,0.04380064085125923,0.043895088136196136,58.915855407714844,0,4290288,0,0,179531,0,0,0
hotdog,Hotdog,193,selected_coord18_conic21_opacity8_rgb10,21,full_pd_guard,-0.015354156494140625,-8.696317672729492e-05,-1.9371509552001953e-07,36.220252990722656,36.2356071472168,0.9729579091072083,0.9730448722839355,0.044662073254585266,0.044662266969680786,58.69078826904297,0,4287962,0,0,138680,0,0,0
hotdog,Hotdog,194,selected_coord18_conic21_opacity8_rgb10,21,full_pd_guard,-0.0149383544921875,-8.362531661987305e-05,-6.692111492156982e-05,36.22486877441406,36.23980712890625,0.9730234742164612,0.973107099533081,0.04441826045513153,0.0444851815700531,58.80925750732422,0,4294997,0,0,107516,0,0,0
hotdog,Hotdog,195,selected_coord18_conic21_opacity8_rgb10,21,full_pd_guard,-0.0070037841796875,-8.893013000488281e-05,-0.0001246817409992218,36.24540710449219,36.252410888671875,0.9730084538459778,0.9730973839759827,0.04478280618786812,0.04490748792886734,58.57872772216797,0,4310822,0,0,95324,0,0,0
hotdog,Hotdog,196,selected_coord18_conic21_opacity8_rgb10,21,full_pd_guard,-0.0160369873046875,-8.916854858398438e-05,-0.00010415911674499512,36.23094940185547,36.246986389160156,0.9728480577468872,0.9729372262954712,0.04537954926490784,0.04548370838165283,58.805030822753906,0,4346689,0,0,118181,0,0,0
hotdog,Hotdog,197,selected_coord18_conic21_opacity8_rgb10,21,full_pd_guard,-0.025890350341796875,-0.00010216236114501953,8.255243301391602e-06,36.243316650390625,36.26920700073242,0.9729886054992676,0.9730907678604126,0.044912729412317276,0.044904474169015884,58.67449188232422,0,4387779,0,0,126191,0,0,0
hotdog,Hotdog,198,selected_coord18_conic21_opacity8_rgb10,21,full_pd_guard,-0.017253875732421875,-9.47117805480957e-05,7.600709795951843e-05,36.042415618896484,36.059669494628906,0.9723446369171143,0.9724393486976624,0.04590962827205658,0.04583362117409706,58.87919616699219,0,4426453,0,0,113362,0,0,0
hotdog,Hotdog,199,selected_coord18_conic21_opacity8_rgb10,21,full_pd_guard,-0.016307830810546875,-9.125471115112305e-05,7.023289799690247e-05,35.95637893676758,35.972686767578125,0.9720837473869324,0.9721750020980835,0.045984696596860886,0.04591446369886398,58.634605407714844,0,4466963,0,0,122412,0,0,0
lego,Lego,1,selected_coord18_conic21_opacity8_rgb10,21,full_pd_guard,-0.0029850006103515625,-0.00011092424392700195,4.16487455368042e-05,27.620479583740234,27.623464584350586,0.9578652381896973,0.9579761624336243,0.06529848277568817,0.06525683403015137,55.79671859741211,0,4288394,0,0,172614,0,0,0
lego,Lego,2,selected_coord18_conic21_opacity8_rgb10,21,full_pd_guard,-0.002414703369140625,-8.481740951538086e-05,-4.996359348297119e-05,25.362503051757812,25.364917755126953,0.9535002708435059,0.9535850882530212,0.06967151165008545,0.06972147524356842,56.24024963378906,0,4145282,0,0,180548,0,0,0
lego,Lego,3,selected_coord18_conic21_opacity8_rgb10,21,full_pd_guard,-0.0050411224365234375,-0.00010585784912109375,7.56680965423584e-05,24.87506103515625,24.880102157592773,0.9505826830863953,0.9506885409355164,0.06956203281879425,0.06948636472225189,56.13707733154297,0,3980434,0,0,184519,0,0,0
lego,Lego,4,selected_coord18_conic21_opacity8_rgb10,21,full_pd_guard,-0.000732421875,-5.53131103515625e-05,-1.2949109077453613e-05,25.293167114257812,25.293899536132812,0.9488277435302734,0.948883056640625,0.06852313876152039,0.06853608787059784,56.390899658203125,0,3847401,0,0,188757,0,0,0
lego,Lego,5,selected_coord18_conic21_opacity8_rgb10,21,full_pd_guard,-0.007947921752929688,-8.147954940795898e-05,3.250688314437866e-05,27.11756134033203,27.12550926208496,0.9497435092926025,0.9498249888420105,0.06662075221538544,0.06658824533224106,56.3819580078125,0,3757795,0,0,189703,0,0,0
lego,Lego,6,selected_coord18_conic21_opacity8_rgb10,21,full_pd_guard,-0.003509521484375,-6.127357482910156e-05,-5.24371862411499e-05,27.892669677734375,27.89617919921875,0.9493146538734436,0.9493759274482727,0.06637489795684814,0.0664273351430893,56.583587646484375,0,3679017,0,0,162562,0,0,0
lego,Lego,7,selected_coord18_conic21_opacity8_rgb10,21,full_pd_guard,-0.000213623046875,-3.30805778503418e-05,4.544854164123535e-06,27.77425193786621,27.774465560913086,0.9477769732475281,0.9478100538253784,0.067349374294281,0.06734482944011688,56.277862548828125,0,3612849,0,0,181815,0,0,0
lego,Lego,8,selected_coord18_conic21_opacity8_rgb10,21,full_pd_guard,-0.0020351409912109375,-0.00011014938354492188,-1.3470649719238281e-05,26.172887802124023,26.174922943115234,0.9474672079086304,0.9475773572921753,0.06720300018787384,0.06721647083759308,56.25567626953125,0,3565583,0,0,160790,0,0,0
lego,Lego,9,selected_coord18_conic21_opacity8_rgb10,21,full_pd_guard,-0.004241943359375,-0.00010645389556884766,4.713982343673706e-05,24.72272491455078,24.726966857910156,0.9482020139694214,0.9483084678649902,0.0700160339474678,0.06996889412403107,56.205963134765625,0,3520606,0,0,169748,0,0,0
lego,Lego,10,selected_coord18_conic21_opacity8_rgb10,21,full_pd_guard,-0.0027751922607421875,-5.805492401123047e-05,4.8197805881500244e-05,24.438817977905273,24.441593170166016,0.9496558904647827,0.949713945388794,0.07013559341430664,0.07008739560842514,55.973411560058594,0,3494587,0,0,163479,0,0,0
lego,Lego,11,selected_coord18_conic21_opacity8_rgb10,21,full_pd_guard,-0.0039234161376953125,-0.00011420249938964844,5.418062210083008e-05,24.833166122436523,24.83708953857422,0.9516778588294983,0.9517920613288879,0.06779579818248749,0.06774161756038666,55.88726043701172,0,3468061,0,0,151534,0,0,0
lego,Lego,12,selected_coord18_conic21_opacity8_rgb10,21,full_pd_guard,-0.00432586669921875,-0.00010561943054199219,-4.760921001434326e-06,25.7921199798584,25.796445846557617,0.9531731605529785,0.9532787799835205,0.06593844294548035,0.06594320386648178,55.986968994140625,0,3450376,0,0,169374,0,0,0
lego,Lego,13,selected_coord18_conic21_opacity8_rgb10,21,full_pd_guard,-0.009260177612304688,-0.00014084577560424805,9.087473154067993e-05,27.652786254882812,27.662046432495117,0.9558007121086121,0.9559415578842163,0.06281246989965439,0.06272159516811371,55.757591247558594,0,3445229,0,0,167265,0,0,0
lego,Lego,14,selected_coord18_conic21_opacity8_rgb10,21,full_pd_guard,-0.012632369995117188,-0.00010538101196289062,1.8224120140075684e-05,30.612531661987305,30.625164031982422,0.9590244293212891,0.959129810333252,0.06020500883460045,0.06018678471446037,55.77814865112305,0,3440349,0,0,200577,0,0,0
lego,Lego,15,selected_coord18_conic21_opacity8_rgb10,21,full_pd_guard,-0.01955413818359375,-0.00011056661605834961,-2.477318048477173e-06,33.081031799316406,33.1005859375,0.9612566232681274,0.9613671898841858,0.05922393873333931,0.05922641605138779,55.75018310546875,0,3445397,0,0,172318,0,0,0
lego,Lego,16,selected_coord18_conic21_opacity8_rgb10,21,full_pd_guard,-0.028736114501953125,-0.0001354813575744629,-8.099526166915894e-05,33.92202377319336,33.95075988769531,0.9628142714500427,0.9629497528076172,0.05813131481409073,0.05821231007575989,55.69611740112305,0,3460922,0,0,182735,0,0,0
lego,Lego,17,selected_coord18_conic21_opacity8_rgb10,21,full_pd_guard,-0.018711090087890625,-0.00012320280075073242,1.9196420907974243e-05,33.947471618652344,33.966182708740234,0.9633381366729736,0.9634613394737244,0.057858310639858246,0.05783911421895027,55.69878387451172,0,3482022,0,0,179771,0,0,0
lego,Lego,18,selected_coord18_conic21_opacity8_rgb10,21,full_pd_guard,-0.0207061767578125,-0.00011014938354492188,-3.05958092212677e-05,33.5911979675293,33.61190414428711,0.9628182649612427,0.9629284143447876,0.06015688553452492,0.060187481343746185,55.502830505371094,0,3510407,0,0,171441,0,0,0
lego,Lego,19,selected_coord18_conic21_opacity8_rgb10,21,full_pd_guard,-0.011547088623046875,-0.00010162591934204102,-4.126131534576416e-05,33.026363372802734,33.03791046142578,0.9615873694419861,0.9616889953613281,0.06100068986415863,0.061041951179504395,55.36493682861328,0,3548359,0,0,158966,0,0,0
lego,Lego,20,selected_coord18_conic21_opacity8_rgb10,21,full_pd_guard,-0.012401580810546875,-0.00010067224502563477,-3.497302532196045e-05,32.07292175292969,32.085323333740234,0.9605506658554077,0.9606513381004333,0.06085842847824097,0.06089340150356293,55.18125915527344,0,3606449,0,0,161924,0,0,0
lego,Lego,21,selected_coord18_conic21_opacity8_rgb10,21,full_pd_guard,-0.011615753173828125,-0.00012367963790893555,-8.430331945419312e-06,31.918563842773438,31.930179595947266,0.960360586643219,0.9604842662811279,0.06085367500782013,0.06086210533976555,55.11626434326172,0,3668920,0,0,190775,0,0,0
lego,Lego,22,selected_coord18_conic21_opacity8_rgb10,21,full_pd_guard,-0.01256561279296875,-0.0001049041748046875,-5.7853758335113525e-06,32.16449737548828,32.17706298828125,0.9611332416534424,0.9612381458282471,0.06177661567926407,0.06178240105509758,55.15428161621094,0,3754893,0,0,200349,0,0,0
lego,Lego,23,selected_coord18_conic21_opacity8_rgb10,21,full_pd_guard,-0.014354705810546875,-0.00012928247451782227,-7.625669240951538e-06,32.44927978515625,32.4636344909668,0.9618311524391174,0.9619604349136353,0.06115854158997536,0.06116616725921631,55.12302780151367,0,3815005,0,0,165798,0,0,0
lego,Lego,24,selected_coord18_conic21_opacity8_rgb10,21,full_pd_guard,-0.020503997802734375,-0.00012022256851196289,-2.7041882276535034e-05,32.496578216552734,32.51708221435547,0.961520791053772,0.9616410136222839,0.062028270214796066,0.0620553120970726,54.970947265625,0,3886123,0,0,180924,0,0,0
lego,Lego,25,selected_coord18_conic21_opacity8_rgb10,21,full_pd_guard,-0.013134002685546875,-9.363889694213867e-05,-1.399219036102295e-05,32.30828857421875,32.3214225769043,0.9605154991149902,0.9606091380119324,0.06351207941770554,0.06352607160806656,55.013458251953125,0,3922495,0,0,199836,0,0,0
lego,Lego,26,selected_coord18_conic21_opacity8_rgb10,21,full_pd_guard,-0.01264190673828125,-0.00010198354721069336,-2.3886561393737793e-05,32.50958251953125,32.52222442626953,0.9609905481338501,0.9610925316810608,0.06266763806343079,0.06269152462482452,54.96682357788086,0,3839390,0,0,182345,0,0,0
lego,Lego,27,selected_coord18_conic21_opacity8_rgb10,21,full_pd_guard,-0.021148681640625,-0.00014150142669677734,-1.4856457710266113e-05,32.57788848876953,32.599037170410156,0.961287260055542,0.9614287614822388,0.062360599637031555,0.06237545609474182,54.970733642578125,0,3750688,0,0,184961,0,0,0
lego,Lego,28,selected_coord18_conic21_opacity8_rgb10,21,full_pd_guard,-0.0277862548828125,-0.00018936395645141602,8.615478873252869e-05,32.427337646484375,32.45512390136719,0.9606144428253174,0.9608038067817688,0.062218207865953445,0.06213205307722092,54.952003479003906,0,3645190,0,0,157627,0,0,0
lego,Lego,29,selected_coord18_conic21_opacity8_rgb10,21,full_pd_guard,-0.01799774169921875,-9.799003601074219e-05,6.272271275520325e-05,32.073509216308594,32.09150695800781,0.9599666595458984,0.9600646495819092,0.05981903150677681,0.059756308794021606,54.87180709838867,0,3537476,0,0,167922,0,0,0
lego,Lego,30,selected_coord18_conic21_opacity8_rgb10,21,full_pd_guard,-0.014104843139648438,-0.00011551380157470703,5.8710575103759766e-06,31.70953369140625,31.7236385345459,0.9591637849807739,0.9592792987823486,0.05914702266454697,0.05914115160703659,54.83280944824219,0,3457205,0,0,181882,0,0,0
lego,Lego,31,selected_coord18_conic21_opacity8_rgb10,21,full_pd_guard,-0.009174346923828125,-0.00011032819747924805,3.032386302947998e-05,31.317745208740234,31.326919555664062,0.9575909376144409,0.9577012658119202,0.05944867432117462,0.05941835045814514,54.82073974609375,0,3394913,0,0,172970,0,0,0
lego,Lego,32,selected_coord18_conic21_opacity8_rgb10,21,full_pd_guard,-0.013135910034179688,-0.00011712312698364258,-7.887184619903564e-05,31.057296752929688,31.070432662963867,0.9565627574920654,0.9566798806190491,0.05912518501281738,0.05920405685901642,54.91085433959961,0,3338671,0,0,168595,0,0,0
lego,Lego,33,selected_coord18_conic21_opacity8_rgb10,21,full_pd_guard,-0.015268325805664062,-0.00013577938079833984,8.095800876617432e-05,31.149351119995117,31.16461944580078,0.9567177295684814,0.9568535089492798,0.059955060482025146,0.05987410247325897,55.01891326904297,0,3301376,0,0,183184,0,0,0
lego,Lego,34,selected_coord18_conic21_opacity8_rgb10,21,full_pd_guard,-0.019739151000976562,-0.00012058019638061523,2.173706889152527e-05,31.416250228881836,31.435989379882812,0.9570149779319763,0.9571355581283569,0.05857257917523384,0.058550842106342316,55.01781463623047,0,3274760,0,0,178452,0,0,0
lego,Lego,35,selected_coord18_conic21_opacity8_rgb10,21,full_pd_guard,-0.022577285766601562,-0.00015532970428466797,-4.158914089202881e-05,31.808605194091797,31.8311824798584,0.9572727680206299,0.9574280977249146,0.05995713546872139,0.05999872460961342,55.05712127685547,0,3251889,0,0,173842,0,0,0
lego,Lego,36,selected_coord18_conic21_opacity8_rgb10,21,full_pd_guard,-0.0159759521484375,-0.00013768672943115234,1.3004988431930542e-05,32.33348846435547,32.349464416503906,0.9586208462715149,0.958758533000946,0.06050736457109451,0.06049435958266258,55.187408447265625,0,3235286,0,0,157686,0,0,0
lego,Lego,37,selected_coord18_conic21_opacity8_rgb10,21,full_pd_guard,-0.014087677001953125,-0.00013130903244018555,0.00010154396295547485,32.7692985534668,32.78338623046875,0.9603275060653687,0.9604588150978088,0.060468174517154694,0.06036663055419922,55.133323669433594,0,3225744,0,0,145397,0,0,0
lego,Lego,38,selected_coord18_conic21_opacity8_rgb10,21,full_pd_guard,-0.0084381103515625,-0.00011104345321655273,-0.0001397356390953064,32.975502014160156,32.98394012451172,0.9613401293754578,0.9614511728286743,0.06136855483055115,0.061508290469646454,55.423118591308594,0,3224933,0,0,175052,0,0,0
lego,Lego,39,selected_coord18_conic21_opacity8_rgb10,21,full_pd_guard,-0.024860382080078125,-0.00015425682067871094,3.540515899658203e-05,33.26046371459961,33.28532409667969,0.9625203013420105,0.9626745581626892,0.06222359836101532,0.06218819320201874,55.39445114135742,0,3232178,0,0,191168,0,0,0
lego,Lego,40,selected_coord18_conic21_opacity8_rgb10,21,full_pd_guard,-0.0295562744140625,-0.00013637542724609375,5.849078297615051e-05,33.289180755615234,33.3187370300293,0.9623039960861206,0.9624403715133667,0.060966022312641144,0.06090753152966499,55.58507537841797,0,3236808,0,0,181966,0,0,0
lego,Lego,41,selected_coord18_conic21_opacity8_rgb10,21,full_pd_guard,-0.01090240478515625,-0.0001010894775390625,-7.338449358940125e-05,33.25889587402344,33.269798278808594,0.9615705609321594,0.9616716504096985,0.061598408967256546,0.06167179346084595,55.667144775390625,0,3260408,0,0,149919,0,0,0
lego,Lego,42,selected_coord18_conic21_opacity8_rgb10,21,full_pd_guard,-0.02042388916015625,-0.00010001659393310547,4.587695002555847e-05,33.027896881103516,33.04832077026367,0.9605488181114197,0.9606488347053528,0.06142645329236984,0.061380576342344284,55.8924560546875,0,3281038,0,0,167731,0,0,0
lego,Lego,43,selected_coord18_conic21_opacity8_rgb10,21,full_pd_guard,-0.01247406005859375,-9.006261825561523e-05,1.2218952178955078e-05,32.340606689453125,32.35308074951172,0.9594362378120422,0.9595263004302979,0.06091839820146561,0.06090617924928665,56.039119720458984,0,3307348,0,0,144803,0,0,0
lego,Lego,44,selected_coord18_conic21_opacity8_rgb10,21,full_pd_guard,-0.010492324829101562,-0.00011247396469116211,7.091090083122253e-05,30.71791648864746,30.728408813476562,0.9574283957481384,0.9575408697128296,0.06007719412446022,0.060006283223629,56.23469161987305,0,3345584,0,0,144525,0,0,0
lego,Lego,45,selected_coord18_conic21_opacity8_rgb10,21,full_pd_guard,-0.007472991943359375,-0.00010520219802856445,9.284168481826782e-05,29.8453369140625,29.85280990600586,0.9555639624595642,0.9556691646575928,0.06199606508016586,0.061903223395347595,56.32866668701172,0,3396781,0,0,146730,0,0,0
lego,Lego,46,selected_coord18_conic21_opacity8_rgb10,21,full_pd_guard,-0.0063457489013671875,-0.00010585784912109375,-1.8808990716934204e-05,28.932884216308594,28.93922996520996,0.9552449584007263,0.9553508162498474,0.06041755899786949,0.060436367988586426,56.61687469482422,0,3457839,0,0,137712,0,0,0
lego,Lego,47,selected_coord18_conic21_opacity8_rgb10,21,full_pd_guard,-0.00183868408203125,-8.356571197509766e-05,-2.4557113647460938e-05,29.30437469482422,29.30621337890625,0.9558998942375183,0.9559834599494934,0.06068840250372887,0.06071295961737633,56.86608123779297,0,3527215,0,0,153911,0,0,0
lego,Lego,48,selected_coord18_conic21_opacity8_rgb10,21,full_pd_guard,-0.004924774169921875,-0.00010508298873901367,-2.841651439666748e-05,30.311737060546875,30.316661834716797,0.9583398699760437,0.9584449529647827,0.06038986146450043,0.060418277978897095,57.1341552734375,0,3604680,0,0,135985,0,0,0
lego,Lego,49,selected_coord18_conic21_opacity8_rgb10,21,full_pd_guard,-0.015201568603515625,-0.00010395050048828125,3.584474325180054e-05,32.02790069580078,32.0431022644043,0.9605673551559448,0.9606713056564331,0.05809815227985382,0.05806230753660202,57.23272705078125,0,3650484,0,0,140631,0,0,0
lego,Lego,50,selected_coord18_conic21_opacity8_rgb10,21,full_pd_guard,-0.00899505615234375,-0.00010091066360473633,7.651746273040771e-06,33.852176666259766,33.86117172241211,0.9601951837539673,0.960296094417572,0.056320931762456894,0.05631328001618385,57.3985595703125,0,3674738,0,0,155255,0,0,0
lego,Lego,51,selected_coord18_conic21_opacity8_rgb10,21,full_pd_guard,-0.016368865966796875,-0.0001226663589477539,-4.4576823711395264e-05,33.88103485107422,33.897403717041016,0.9589629173278809,0.9590855836868286,0.057141512632369995,0.05718608945608139,57.49382781982422,0,3635919,0,0,145494,0,0,0
lego,Lego,52,selected_coord18_conic21_opacity8_rgb10,21,full_pd_guard,-0.009613037109375,-9.435415267944336e-05,9.452179074287415e-05,33.66654586791992,33.6761589050293,0.95723557472229,0.9573299288749695,0.05941016972064972,0.059315647929906845,57.79779052734375,0,3546004,0,0,146470,0,0,0
lego,Lego,53,selected_coord18_conic21_opacity8_rgb10,21,full_pd_guard,-0.01213836669921875,-9.906291961669922e-05,-4.4543296098709106e-05,33.96343231201172,33.97557067871094,0.9569660425186157,0.9570651054382324,0.05843988060951233,0.05848442390561104,57.59925842285156,0,3456086,0,0,143932,0,0,0
lego,Lego,54,selected_coord18_conic21_opacity8_rgb10,21,full_pd_guard,-0.01629638671875,-9.936094284057617e-05,-9.350478649139404e-05,34.12744140625,34.14373779296875,0.9567551016807556,0.9568544626235962,0.05905436724424362,0.059147872030735016,57.447120666503906,0,3377351,0,0,153570,0,0,0
lego,Lego,55,selected_coord18_conic21_opacity8_rgb10,21,full_pd_guard,-0.019195556640625,-9.697675704956055e-05,4.816800355911255e-05,34.031917572021484,34.05111312866211,0.9567530155181885,0.956849992275238,0.05991163104772568,0.059863463044166565,57.014007568359375,0,3308371,0,0,165772,0,0,0
lego,Lego,56,selected_coord18_conic21_opacity8_rgb10,21,full_pd_guard,-0.01342010498046875,-0.00011235475540161133,1.3675540685653687e-05,34.03289031982422,34.04631042480469,0.9575515985488892,0.9576639533042908,0.05927922949194908,0.05926555395126343,56.96202850341797,0,3251969,0,0,160115,0,0,0
lego,Lego,57,selected_coord18_conic21_opacity8_rgb10,21,full_pd_guard,-0.02191925048828125,-0.0001341104507446289,-6.02230429649353e-05,34.034141540527344,34.056060791015625,0.958301305770874,0.9584354162216187,0.058427490293979645,0.05848771333694458,56.85029220581055,0,3211369,0,0,149172,0,0,0
lego,Lego,58,selected_coord18_conic21_opacity8_rgb10,21,full_pd_guard,-0.016841888427734375,-0.00011307001113891602,-8.094310760498047e-05,34.00249481201172,34.01933670043945,0.9596737027168274,0.9597867727279663,0.058427006006240845,0.058507949113845825,56.511207580566406,0,3176140,0,0,137936,0,0,0
lego,Lego,59,selected_coord18_conic21_opacity8_rgb10,21,full_pd_guard,-0.01642608642578125,-0.0001322627067565918,1.043081283569336e-07,33.95466613769531,33.971092224121094,0.9607858657836914,0.960918128490448,0.05603035166859627,0.05603024736046791,56.41033172607422,0,3147817,0,0,163133,0,0,0
lego,Lego,60,selected_coord18_conic21_opacity8_rgb10,21,full_pd_guard,-0.01190948486328125,-0.00011974573135375977,-0.00010505691170692444,34.02165222167969,34.03356170654297,0.9627651572227478,0.9628849029541016,0.05375196784734726,0.053857024759054184,56.55025863647461,0,3128962,0,0,166303,0,0,0
lego,Lego,61,selected_coord18_conic21_opacity8_rgb10,21,full_pd_guard,-0.005878448486328125,-8.362531661987305e-05,-4.756078124046326e-05,33.97016143798828,33.97603988647461,0.9640382528305054,0.9641218781471252,0.05064161494374275,0.050689175724983215,56.226654052734375,0,3105997,0,0,171663,0,0,0
lego,Lego,62,selected_coord18_conic21_opacity8_rgb10,21,full_pd_guard,-0.008331298828125,-9.47713851928711e-05,-0.00012595206499099731,33.7512321472168,33.75956344604492,0.9648093581199646,0.9649041295051575,0.04777822643518448,0.047904178500175476,56.13353729248047,0,3091040,0,0,163610,0,0,0
lego,Lego,63,selected_coord18_conic21_opacity8_rgb10,21,full_pd_guard,-0.014301300048828125,-0.00011616945266723633,1.237913966178894e-05,33.619529724121094,33.63383102416992,0.9650604128837585,0.9651765823364258,0.047833316028118134,0.047820936888456345,55.99846649169922,0,3085310,0,0,150441,0,0,0
lego,Lego,64,selected_coord18_conic21_opacity8_rgb10,21,full_pd_guard,-0.009441375732421875,-8.618831634521484e-05,-5.672872066497803e-05,33.52561950683594,33.53506088256836,0.965555727481842,0.9656419157981873,0.04659446328878403,0.046651192009449005,55.928993225097656,0,3076224,0,0,155102,0,0,0
lego,Lego,65,selected_coord18_conic21_opacity8_rgb10,21,full_pd_guard,-0.01461029052734375,-9.1552734375e-05,-9.931996464729309e-05,33.43989562988281,33.454505920410156,0.9663768410682678,0.9664683938026428,0.04679982736706734,0.04689914733171463,55.95510482788086,0,3072053,0,0,161947,0,0,0
lego,Lego,66,selected_coord18_conic21_opacity8_rgb10,21,full_pd_guard,-0.010517120361328125,-8.58306884765625e-05,-7.94343650341034e-05,33.34560012817383,33.356117248535156,0.9667918086051941,0.9668776392936707,0.047381266951560974,0.04746070131659508,56.067466735839844,0,3069789,0,0,169151,0,0,0
lego,Lego,67,selected_coord18_conic21_opacity8_rgb10,21,full_pd_guard,-0.008213043212890625,-0.00010591745376586914,-9.373575448989868e-05,33.1263427734375,33.13455581665039,0.9665018916130066,0.9666078090667725,0.04872869700193405,0.04882243275642395,56.05062484741211,0,3070866,0,0,155068,0,0,0
lego,Lego,68,selected_coord18_conic21_opacity8_rgb10,21,full_pd_guard,-0.004222869873046875,-8.153915405273438e-05,-0.0001443810760974884,32.7866096496582,32.79083251953125,0.9667036533355713,0.966785192489624,0.05012282356619835,0.05026720464229584,55.85566329956055,0,3063583,0,0,182180,0,0,0
lego,Lego,69,selected_coord18_conic21_opacity8_rgb10,21,full_pd_guard,-0.00031280517578125,-6.824731826782227e-05,2.1327286958694458e-05,32.599632263183594,32.599945068359375,0.9669896960258484,0.9670579433441162,0.0517905056476593,0.05176917836070061,55.94964599609375,0,3072791,0,0,179112,0,0,0
lego,Lego,70,selected_coord18_conic21_opacity8_rgb10,21,full_pd_guard,-0.000736236572265625,-6.651878356933594e-05,-5.283579230308533e-05,32.31995391845703,32.3206901550293,0.9675033688545227,0.967569887638092,0.051087185740470886,0.05114002153277397,55.86658477783203,0,3082699,0,0,165106,0,0,0
lego,Lego,71,selected_coord18_conic21_opacity8_rgb10,21,full_pd_guard,-0.0015354156494140625,-7.778406143188477e-05,5.109608173370361e-05,31.54390525817871,31.545440673828125,0.9652348160743713,0.9653126001358032,0.05215819180011749,0.05210709571838379,55.59516143798828,0,3095625,0,0,175258,0,0,0
lego,Lego,72,selected_coord18_conic21_opacity8_rgb10,21,full_pd_guard,0.007045745849609375,-4.571676254272461e-05,-0.00015256553888320923,30.484249114990234,30.477203369140625,0.9619872570037842,0.9620329737663269,0.05201972275972366,0.05217228829860687,55.831565856933594,0,3106931,0,0,172932,0,0,0
lego,Lego,73,selected_coord18_conic21_opacity8_rgb10,21,full_pd_guard,-0.0010128021240234375,-6.181001663208008e-05,-8.565932512283325e-05,29.655532836914062,29.656545639038086,0.9584294557571411,0.9584912657737732,0.054510608315467834,0.05459626764059067,55.909786224365234,0,3145469,0,0,169759,0,0,0
lego,Lego,74,selected_coord18_conic21_opacity8_rgb10,21,full_pd_guard,0.0004215240478515625,-3.886222839355469e-05,-8.501484990119934e-05,29.453664779663086,29.453243255615234,0.9562293291091919,0.9562681913375854,0.055167194455862045,0.055252209305763245,55.96809005737305,0,3159317,0,0,164391,0,0,0
lego,Lego,75,selected_coord18_conic21_opacity8_rgb10,21,full_pd_guard,0.0074100494384765625,-4.76837158203125e-05,-0.0002861618995666504,29.2607421875,29.253332138061523,0.9536111950874329,0.9536588788032532,0.05896783247590065,0.0592539943754673,55.75718307495117,0,3172091,0,0,158769,0,0,0
lego,Lego,76,selected_coord18_conic21_opacity8_rgb10,21,full_pd_guard,-0.00330352783203125,-7.992982864379883e-05,-7.67335295677185e-05,29.210182189941406,29.213485717773438,0.9524821639060974,0.9525620937347412,0.05912990868091583,0.05920664221048355,55.874324798583984,0,3178390,0,0,179428,0,0,0
lego,Lego,77,selected_coord18_conic21_opacity8_rgb10,21,full_pd_guard,0.00273895263671875,-2.682209014892578e-05,-7.56196677684784e-05,29.28820037841797,29.28546142578125,0.9519117474555969,0.9519385695457458,0.060400284826755524,0.060475904494524,56.003414154052734,0,3150076,0,0,178708,0,0,0
lego,Lego,78,selected_coord18_conic21_opacity8_rgb10,21,full_pd_guard,-0.004375457763671875,-7.873773574829102e-05,-3.814697265625e-05,29.24224853515625,29.246623992919922,0.9511181712150574,0.9511969089508057,0.06125808507204056,0.06129623204469681,55.72138977050781,0,3124072,0,0,146528,0,0,0
lego,Lego,79,selected_coord18_conic21_opacity8_rgb10,21,full_pd_guard,-0.002399444580078125,-8.505582809448242e-05,-9.592995047569275e-05,29.23737335205078,29.23977279663086,0.9498255252838135,0.949910581111908,0.06208106502890587,0.06217699497938156,55.50181579589844,0,3113417,0,0,195053,0,0,0
lego,Lego,80,selected_coord18_conic21_opacity8_rgb10,21,full_pd_guard,-0.003692626953125,-6.109476089477539e-05,-6.924569606781006e-05,29.490325927734375,29.4940185546875,0.9493096470832825,0.9493707418441772,0.06294077634811401,0.06301002204418182,55.765625,0,3103973,0,0,171538,0,0,0
lego,Lego,81,selected_coord18_conic21_opacity8_rgb10,21,full_pd_guard,-0.0007724761962890625,-6.300210952758789e-05,-8.232146501541138e-05,29.459774017333984,29.460546493530273,0.9476373195648193,0.9477003216743469,0.06346560269594193,0.06354792416095734,55.71171188354492,0,3088097,0,0,199321,0,0,0
lego,Lego,82,selected_coord18_conic21_opacity8_rgb10,21,full_pd_guard,0.00299072265625,-2.193450927734375e-05,-3.809481859207153e-05,29.50594711303711,29.50295639038086,0.9464714527130127,0.94649338722229,0.06420393288135529,0.06424202769994736,55.782649993896484,0,3073069,0,0,193206,0,0,0
lego,Lego,83,selected_coord18_conic21_opacity8_rgb10,21,full_pd_guard,-0.00632476806640625,-8.493661880493164e-05,7.972121238708496e-06,29.656028747558594,29.662353515625,0.9462579488754272,0.9463428854942322,0.06561410427093506,0.06560613214969635,55.833168029785156,0,3071400,0,0,181181,0,0,0
lego,Lego,84,selected_coord18_conic21_opacity8_rgb10,21,full_pd_guard,-0.0096893310546875,-0.00010102987289428711,4.351139068603516e-06,29.643539428710938,29.653228759765625,0.945530891418457,0.9456319212913513,0.06676210463047028,0.06675775349140167,55.68597412109375,0,3068436,0,0,176290,0,0,0
lego,Lego,85,selected_coord18_conic21_opacity8_rgb10,21,full_pd_guard,-0.0011959075927734375,-6.383657455444336e-05,-6.987154483795166e-05,29.867162704467773,29.868358612060547,0.9461523294448853,0.9462161660194397,0.06692592799663544,0.06699579954147339,55.788291931152344,0,3073449,0,0,162296,0,0,0
lego,Lego,86,selected_coord18_conic21_opacity8_rgb10,21,full_pd_guard,-0.0017547607421875,-6.669759750366211e-05,-9.276717901229858e-05,30.088359832763672,30.09011459350586,0.9462908506393433,0.9463575482368469,0.06564833223819733,0.06574109941720963,55.852630615234375,0,3073540,0,0,158943,0,0,0
lego,Lego,87,selected_coord18_conic21_opacity8_rgb10,21,full_pd_guard,-0.0036296844482421875,-8.636713027954102e-05,1.459568738937378e-05,30.161474227905273,30.165103912353516,0.9456830620765686,0.9457694292068481,0.06507930159568787,0.06506470590829849,55.7661247253418,0,3075563,0,0,162725,0,0,0
lego,Lego,88,selected_coord18_conic21_opacity8_rgb10,21,full_pd_guard,-0.0047855377197265625,-3.510713577270508e-05,4.246830940246582e-05,30.129817962646484,30.13460350036621,0.9449308514595032,0.9449659585952759,0.06498205661773682,0.06493958830833435,56.06498336791992,0,3075221,0,0,178400,0,0,0
lego,Lego,89,selected_coord18_conic21_opacity8_rgb10,21,full_pd_guard,-0.004913330078125,-6.23464584350586e-05,1.8931925296783447e-05,29.984121322631836,29.98903465270996,0.9446884393692017,0.9447507858276367,0.06456411629915237,0.06454518437385559,55.96387481689453,0,3072813,0,0,182882,0,0,0
lego,Lego,90,selected_coord18_conic21_opacity8_rgb10,21,full_pd_guard,0.001369476318359375,-5.316734313964844e-05,1.7814338207244873e-05,29.858394622802734,29.857025146484375,0.9445956945419312,0.9446488618850708,0.06407120078802109,0.06405338644981384,56.28367233276367,0,3074461,0,0,181188,0,0,0
lego,Lego,91,selected_coord18_conic21_opacity8_rgb10,21,full_pd_guard,-0.0061321258544921875,-6.473064422607422e-05,6.75395131111145e-05,29.93780517578125,29.943937301635742,0.9459586143493652,0.9460233449935913,0.0623287633061409,0.062261223793029785,56.49633026123047,0,3069423,0,0,183523,0,0,0
lego,Lego,92,selected_coord18_conic21_opacity8_rgb10,21,full_pd_guard,-0.00324249267578125,-9.012222290039062e-05,-4.78401780128479e-05,30.09854507446289,30.101787567138672,0.9476358294487,0.9477259516716003,0.060468640178442,0.06051648035645485,56.40470886230469,0,3068809,0,0,168812,0,0,0
lego,Lego,93,selected_coord18_conic21_opacity8_rgb10,21,full_pd_guard,-0.008358001708984375,-9.530782699584961e-05,0.0001224018633365631,30.385570526123047,30.39392852783203,0.9500482082366943,0.9501435160636902,0.057623352855443954,0.05750095099210739,56.56943893432617,0,3057970,0,0,160708,0,0,0
lego,Lego,94,selected_coord18_conic21_opacity8_rgb10,21,full_pd_guard,-0.0046024322509765625,-5.555152893066406e-05,-7.197633385658264e-05,30.853633880615234,30.85823631286621,0.953977644443512,0.9540331959724426,0.053579553961753845,0.05365153029561043,56.8646240234375,0,3064026,0,0,134324,0,0,0
lego,Lego,95,selected_coord18_conic21_opacity8_rgb10,21,full_pd_guard,-0.006999969482421875,-8.940696716308594e-05,-2.302229404449463e-06,31.50722885131836,31.51422882080078,0.9582710266113281,0.9583604335784912,0.050072185695171356,0.050074487924575806,56.648338317871094,0,3070219,0,0,166810,0,0,0
lego,Lego,96,selected_coord18_conic21_opacity8_rgb10,21,full_pd_guard,-0.00145721435546875,-2.6464462280273438e-05,-0.00012359023094177246,32.41968536376953,32.421142578125,0.9636448621749878,0.9636713266372681,0.04612359404563904,0.04624718427658081,56.942169189453125,0,3076003,0,0,152696,0,0,0
lego,Lego,97,selected_coord18_conic21_opacity8_rgb10,21,full_pd_guard,0.0021209716796875,-4.863739013671875e-05,-3.1717121601104736e-05,32.94007873535156,32.937957763671875,0.966988205909729,0.9670368432998657,0.04453818500041962,0.04456990212202072,57.27876281738281,0,3087660,0,0,161424,0,0,0
lego,Lego,98,selected_coord18_conic21_opacity8_rgb10,21,full_pd_guard,0.009372711181640625,-5.310773849487305e-05,-0.00012071430683135986,32.97367858886719,32.96430587768555,0.968323826789856,0.9683769345283508,0.04306373745203018,0.04318445175886154,57.56057357788086,0,3103307,0,0,150770,0,0,0
lego,Lego,99,selected_coord18_conic21_opacity8_rgb10,21,full_pd_guard,0.01055145263671875,-3.898143768310547e-05,-7.21365213394165e-05,32.703819274902344,32.693267822265625,0.967272937297821,0.9673119187355042,0.04269807040691376,0.042770206928253174,57.9254264831543,0,3143217,0,0,143226,0,0,0
lego,Lego,100,selected_coord18_conic21_opacity8_rgb10,21,full_pd_guard,0.005584716796875,-3.510713577270508e-05,-7.791072130203247e-05,33.01646423339844,33.01087951660156,0.9681981801986694,0.9682332873344421,0.04200892895460129,0.04208683967590332,58.40565490722656,0,3140434,0,0,139032,0,0,0
lego,Lego,101,selected_coord18_conic21_opacity8_rgb10,21,full_pd_guard,0.014667510986328125,-4.8220157623291016e-05,-0.00014159828424453735,32.99074172973633,32.97607421875,0.9676315188407898,0.9676797389984131,0.04131380841135979,0.041455406695604324,58.207054138183594,0,3151245,0,0,152883,0,0,0
lego,Lego,102,selected_coord18_conic21_opacity8_rgb10,21,full_pd_guard,0.01175689697265625,-3.6835670471191406e-05,-7.740408182144165e-05,33.597843170166016,33.58608627319336,0.9684816598892212,0.9685184955596924,0.042445108294487,0.04252251237630844,57.97651290893555,0,3132590,0,0,149758,0,0,0
lego,Lego,103,selected_coord18_conic21_opacity8_rgb10,21,full_pd_guard,0.000270843505859375,-8.70823860168457e-05,-2.553313970565796e-05,33.61227035522461,33.61199951171875,0.9678659439086914,0.9679530262947083,0.04368071258068085,0.043706245720386505,57.9309196472168,0,3128990,0,0,156610,0,0,0
lego,Lego,104,selected_coord18_conic21_opacity8_rgb10,21,full_pd_guard,0.000171661376953125,-8.475780487060547e-05,-3.372505307197571e-05,32.64447021484375,32.6442985534668,0.9645125269889832,0.9645972847938538,0.04533505067229271,0.045368775725364685,57.289222717285156,0,3120849,0,0,167413,0,0,0
lego,Lego,105,selected_coord18_conic21_opacity8_rgb10,21,full_pd_guard,-0.009552001953125,-0.00012570619583129883,6.387010216712952e-05,32.10108947753906,32.11064147949219,0.9608194828033447,0.960945188999176,0.04780716076493263,0.0477432906627655,57.32169723510742,0,3120253,0,0,147938,0,0,0
lego,Lego,106,selected_coord18_conic21_opacity8_rgb10,21,full_pd_guard,0.00035858154296875,-7.432699203491211e-05,-4.159659147262573e-05,32.17591094970703,32.17555236816406,0.9588975310325623,0.9589718580245972,0.04980131983757019,0.049842916429042816,57.35183334350586,0,3118870,0,0,165570,0,0,0
lego,Lego,107,selected_coord18_conic21_opacity8_rgb10,21,full_pd_guard,-0.00345611572265625,-0.00011467933654785156,-0.00013933703303337097,32.45928192138672,32.462738037109375,0.9586474299430847,0.9587621092796326,0.05069909244775772,0.05083842948079109,56.94231414794922,0,3113146,0,0,169620,0,0,0
lego,Lego,108,selected_coord18_conic21_opacity8_rgb10,21,full_pd_guard,0.003131866455078125,-0.00011032819747924805,-6.235390901565552e-05,32.621917724609375,32.6187858581543,0.9584968686103821,0.9586071968078613,0.05245933681726456,0.05252169072628021,57.13300704956055,0,3124524,0,0,162475,0,0,0
lego,Lego,109,selected_coord18_conic21_opacity8_rgb10,21,full_pd_guard,-0.0033416748046875,-6.723403930664062e-05,-2.6617199182510376e-05,32.805870056152344,32.80921173095703,0.9591406583786011,0.9592078924179077,0.05307828262448311,0.05310489982366562,56.678955078125,0,3134980,0,0,190535,0,0,0
lego,Lego,110,selected_coord18_conic21_opacity8_rgb10,21,full_pd_guard,-0.009410858154296875,-0.00011450052261352539,-2.952665090560913e-05,33.02631759643555,33.035728454589844,0.9587135314941406,0.9588280320167542,0.05384312570095062,0.05387265235185623,56.84605026245117,0,3136829,0,0,231034,0,0,0
lego,Lego,111,selected_coord18_conic21_opacity8_rgb10,21,full_pd_guard,-0.014286041259765625,-0.00014644861221313477,-4.17269766330719e-05,33.16034698486328,33.17463302612305,0.9585844278335571,0.9587308764457703,0.055122531950473785,0.05516425892710686,56.57599639892578,0,3145349,0,0,195737,0,0,0
lego,Lego,112,selected_coord18_conic21_opacity8_rgb10,21,full_pd_guard,-0.008777618408203125,-0.00010651350021362305,-2.3912638425827026e-05,33.275325775146484,33.28410339355469,0.95914626121521,0.9592527747154236,0.05436300113797188,0.054386913776397705,56.66905975341797,0,3148636,0,0,195399,0,0,0
lego,Lego,113,selected_coord18_conic21_opacity8_rgb10,21,full_pd_guard,-0.00977325439453125,-0.00010710954666137695,-0.00010360777378082275,33.099029541015625,33.108802795410156,0.9591832756996155,0.9592903852462769,0.05602871626615524,0.056132324039936066,56.517940521240234,0,3151314,0,0,215586,0,0,0
lego,Lego,114,selected_coord18_conic21_opacity8_rgb10,21,full_pd_guard,0.001678466796875,-8.33272933959961e-05,9.826570749282837e-05,32.796546936035156,32.79486846923828,0.9583726525306702,0.9584559798240662,0.057635482400655746,0.05753721669316292,56.39164733886719,0,3145242,0,0,210502,0,0,0
lego,Lego,115,selected_coord18_conic21_opacity8_rgb10,21,full_pd_guard,0.00186920166015625,-8.308887481689453e-05,8.982419967651367e-05,32.45515823364258,32.45328903198242,0.9572693109512329,0.9573523998260498,0.060525067150592804,0.06043524295091629,56.60300827026367,0,3144131,0,0,187136,0,0,0
lego,Lego,116,selected_coord18_conic21_opacity8_rgb10,21,full_pd_guard,-0.0045166015625,-8.690357208251953e-05,2.9906630516052246e-05,32.17448043823242,32.17899703979492,0.9565278887748718,0.9566147923469543,0.05963476002216339,0.05960485339164734,56.280418395996094,0,3145103,0,0,205322,0,0,0
lego,Lego,117,selected_coord18_conic21_opacity8_rgb10,21,full_pd_guard,-0.0074920654296875,-8.404254913330078e-05,2.310052514076233e-05,31.910659790039062,31.91815185546875,0.956275463104248,0.9563595056533813,0.05981793254613876,0.059794832020998,56.36942672729492,0,3145580,0,0,192827,0,0,0
lego,Lego,118,selected_coord18_conic21_opacity8_rgb10,21,full_pd_guard,0.0019168853759765625,-0.00010120868682861328,3.855675458908081e-05,31.689809799194336,31.68789291381836,0.9574377536773682,0.9575389623641968,0.05916232615709305,0.05912376940250397,56.35035705566406,0,3135963,0,0,180034,0,0,0
lego,Lego,119,selected_coord18_conic21_opacity8_rgb10,21,full_pd_guard,0.0050106048583984375,-6.35385513305664e-05,3.520399332046509e-05,31.67792320251465,31.67291259765625,0.9585180282592773,0.9585815668106079,0.057746924459934235,0.05771172046661377,56.23344421386719,0,3141781,0,0,180056,0,0,0
lego,Lego,120,selected_coord18_conic21_opacity8_rgb10,21,full_pd_guard,-0.0027942657470703125,-0.00011211633682250977,-3.421679139137268e-05,31.840892791748047,31.843687057495117,0.959948718547821,0.9600608348846436,0.057600609958171844,0.05763482674956322,56.06643295288086,0,3152041,0,0,192704,0,0,0
lego,Lego,121,selected_coord18_conic21_opacity8_rgb10,21,full_pd_guard,-0.001220703125,-9.369850158691406e-05,1.6260892152786255e-05,31.58535385131836,31.58657455444336,0.9605463147163391,0.960640013217926,0.05794142186641693,0.057925160974264145,55.9707145690918,0,3155748,0,0,201899,0,0,0
lego,Lego,122,selected_coord18_conic21_opacity8_rgb10,21,full_pd_guard,0.0009365081787109375,-7.557868957519531e-05,-5.984306335449219e-05,31.639934539794922,31.63899803161621,0.9622228145599365,0.9622983932495117,0.05589980259537697,0.05595964565873146,55.9383659362793,0,3150712,0,0,164656,0,0,0
lego,Lego,123,selected_coord18_conic21_opacity8_rgb10,21,full_pd_guard,-0.001575469970703125,-7.790327072143555e-05,-2.1085143089294434e-05,31.71839141845703,31.719966888427734,0.9635953307151794,0.9636732339859009,0.054054610431194305,0.0540756955742836,56.00492858886719,0,3160195,0,0,181101,0,0,0
lego,Lego,124,selected_coord18_conic21_opacity8_rgb10,21,full_pd_guard,0.0029087066650390625,-7.015466690063477e-05,-0.00014387443661689758,31.749481201171875,31.746572494506836,0.9654439091682434,0.965514063835144,0.05323728173971176,0.05338115617632866,55.74930953979492,0,3179197,0,0,164840,0,0,0
lego,Lego,125,selected_coord18_conic21_opacity8_rgb10,21,full_pd_guard,0.0073566436767578125,-5.269050598144531e-05,-0.0001300424337387085,31.991636276245117,31.98427963256836,0.9678633213043213,0.9679160118103027,0.05168691277503967,0.05181695520877838,55.42369842529297,0,3175174,0,0,170927,0,0,0
lego,Lego,126,selected_coord18_conic21_opacity8_rgb10,21,full_pd_guard,0.0077762603759765625,-5.418062210083008e-05,-8.890405297279358e-05,31.798315048217773,31.790538787841797,0.9683591723442078,0.9684133529663086,0.050291772931814194,0.05038067698478699,55.737884521484375,0,3145736,0,0,171232,0,0,0
lego,Lego,127,selected_coord18_conic21_opacity8_rgb10,21,full_pd_guard,0.0009822845458984375,-8.016824722290039e-05,-6.60531222820282e-05,31.524707794189453,31.523725509643555,0.9678690433502197,0.9679492115974426,0.04859916493296623,0.04866521805524826,55.52668380737305,0,3119853,0,0,186071,0,0,0
lego,Lego,128,selected_coord18_conic21_opacity8_rgb10,21,full_pd_guard,0.0021343231201171875,-6.61611557006836e-05,-0.00010709092020988464,31.860950469970703,31.858816146850586,0.9684121012687683,0.968478262424469,0.04914488643407822,0.0492519773542881,55.57896041870117,0,3076486,0,0,185521,0,0,0
lego,Lego,129,selected_coord18_conic21_opacity8_rgb10,21,full_pd_guard,-0.0056915283203125,-0.00010067224502563477,-8.845329284667969e-05,32.256675720214844,32.262367248535156,0.9680209755897522,0.9681216478347778,0.04966277629137039,0.04975122958421707,55.297950744628906,0,3057936,0,0,150470,0,0,0
lego,Lego,130,selected_coord18_conic21_opacity8_rgb10,21,full_pd_guard,0.0028839111328125,-8.386373519897461e-05,-0.0001236051321029663,32.568763732910156,32.565879821777344,0.9676563739776611,0.9677402377128601,0.050148576498031616,0.05027218163013458,55.34467315673828,0,3038967,0,0,146142,0,0,0
lego,Lego,131,selected_coord18_conic21_opacity8_rgb10,21,full_pd_guard,0.000946044921875,-0.0001055598258972168,3.517046570777893e-05,32.6722412109375,32.671295166015625,0.9672644138336182,0.9673699736595154,0.050614308565855026,0.05057913810014725,55.36323547363281,0,3021517,0,0,151988,0,0,0
lego,Lego,132,selected_coord18_conic21_opacity8_rgb10,21,full_pd_guard,-0.011119842529296875,-0.00011283159255981445,-5.054473876953125e-05,32.777462005615234,32.78858184814453,0.9675865769386292,0.967699408531189,0.049544163048267365,0.049594707787036896,55.464839935302734,0,3007529,0,0,167633,0,0,0
lego,Lego,133,selected_coord18_conic21_opacity8_rgb10,21,full_pd_guard,-0.0110321044921875,-0.00012940168380737305,2.0820647478103638e-05,32.973228454589844,32.98426055908203,0.9675726890563965,0.9677020907402039,0.05046706274151802,0.05044624209403992,55.584983825683594,0,3004487,0,0,166828,0,0,0
lego,Lego,134,selected_coord18_conic21_opacity8_rgb10,21,full_pd_guard,-0.01546478271484375,-0.00011032819747924805,-7.82310962677002e-07,32.92030334472656,32.935768127441406,0.9670721292495728,0.967182457447052,0.05059894174337387,0.05059972405433655,55.412193298339844,0,2999351,0,0,155027,0,0,0
lego,Lego,135,selected_coord18_conic21_opacity8_rgb10,21,full_pd_guard,-0.0213165283203125,-0.00013202428817749023,9.7714364528656e-06,32.715667724609375,32.73698425292969,0.9652978777885437,0.9654299020767212,0.05281731113791466,0.05280753970146179,55.62097930908203,0,2998830,0,0,147571,0,0,0
lego,Lego,136,selected_coord18_conic21_opacity8_rgb10,21,full_pd_guard,-0.014835357666015625,-0.00012320280075073242,-7.047131657600403e-05,32.25939178466797,32.274227142333984,0.9627678394317627,0.9628910422325134,0.05539615824818611,0.055466629564762115,55.636810302734375,0,3000487,0,0,161286,0,0,0
lego,Lego,137,selected_coord18_conic21_opacity8_rgb10,21,full_pd_guard,-0.017301559448242188,-0.00012022256851196289,-5.413219332695007e-05,31.919782638549805,31.937084197998047,0.960425615310669,0.9605458378791809,0.05713503062725067,0.05718916282057762,55.62982177734375,0,3006966,0,0,156497,0,0,0
lego,Lego,138,selected_coord18_conic21_opacity8_rgb10,21,full_pd_guard,-0.008554458618164062,-0.00012254714965820312,-4.0609389543533325e-05,31.814725875854492,31.823280334472656,0.9586804509162903,0.9588029980659485,0.059563588351011276,0.05960419774055481,55.426666259765625,0,3011643,0,0,149236,0,0,0
lego,Lego,139,selected_coord18_conic21_opacity8_rgb10,21,full_pd_guard,-0.011138916015625,-9.840726852416992e-05,2.4631619453430176e-05,31.794729232788086,31.80586814880371,0.9574517607688904,0.9575501680374146,0.0607953742146492,0.06077074259519577,55.45793914794922,0,3026379,0,0,168642,0,0,0
lego,Lego,140,selected_coord18_conic21_opacity8_rgb10,21,full_pd_guard,-0.017145156860351562,-0.00013303756713867188,-1.2353062629699707e-05,31.756521224975586,31.773666381835938,0.9564557671546936,0.9565888047218323,0.06292928755283356,0.06294164061546326,55.667015075683594,0,3047579,0,0,162751,0,0,0
lego,Lego,141,selected_coord18_conic21_opacity8_rgb10,21,full_pd_guard,-0.009786605834960938,-0.0001112818717956543,-8.33272933959961e-05,31.88348388671875,31.89327049255371,0.9566701054573059,0.9567813873291016,0.06304298341274261,0.06312631070613861,55.93645477294922,0,3067049,0,0,161850,0,0,0
lego,Lego,142,selected_coord18_conic21_opacity8_rgb10,21,full_pd_guard,-0.008831024169921875,-7.95125961303711e-05,2.3312866687774658e-05,32.16581344604492,32.174644470214844,0.9577286839485168,0.9578081965446472,0.062243763357400894,0.06222045049071312,55.748043060302734,0,3098286,0,0,150875,0,0,0
lego,Lego,143,selected_coord18_conic21_opacity8_rgb10,21,full_pd_guard,-0.017642974853515625,-0.00011831521987915039,2.5372952222824097e-05,32.11050033569336,32.128143310546875,0.9581205248832703,0.9582388401031494,0.06040951982140541,0.06038414686918259,56.05485153198242,0,3139212,0,0,157058,0,0,0
lego,Lego,144,selected_coord18_conic21_opacity8_rgb10,21,full_pd_guard,-0.008792877197265625,-9.953975677490234e-05,2.5909394025802612e-05,32.04479217529297,32.053585052490234,0.9581862688064575,0.9582858085632324,0.060440775007009506,0.060414865612983704,56.36279296875,0,3178233,0,0,146793,0,0,0
lego,Lego,145,selected_coord18_conic21_opacity8_rgb10,21,full_pd_guard,-0.006221771240234375,-7.545948028564453e-05,0.00010048970580101013,31.243240356445312,31.249462127685547,0.9576910138130188,0.9577664732933044,0.0607609823346138,0.06066049262881279,56.521751403808594,0,3240529,0,0,176534,0,0,0
lego,Lego,146,selected_coord18_conic21_opacity8_rgb10,21,full_pd_guard,-0.00214385986328125,-7.87973403930664e-05,-3.4246593713760376e-05,30.67251968383789,30.674663543701172,0.9580210447311401,0.9580998420715332,0.05932449921965599,0.05935874581336975,56.85175704956055,0,3315125,0,0,132016,0,0,0
lego,Lego,147,selected_coord18_conic21_opacity8_rgb10,21,full_pd_guard,-0.0023555755615234375,-6.03795051574707e-05,-4.476308822631836e-05,30.78521728515625,30.787572860717773,0.959534764289856,0.9595951437950134,0.0590357705950737,0.05908053368330002,57.116676330566406,0,3405736,0,0,146911,0,0,0
lego,Lego,148,selected_coord18_conic21_opacity8_rgb10,21,full_pd_guard,-0.00939178466796875,-0.00011205673217773438,1.6763806343078613e-07,31.012046813964844,31.021438598632812,0.961649477481842,0.9617615342140198,0.05734042078256607,0.05734025314450264,57.22663497924805,0,3505037,0,0,139254,0,0,0
lego,Lego,149,selected_coord18_conic21_opacity8_rgb10,21,full_pd_guard,-0.0061492919921875,-0.00011461973190307617,0.0001150965690612793,32.29955291748047,32.305702209472656,0.9626405835151672,0.9627552032470703,0.05635809153318405,0.05624299496412277,57.431678771972656,0,3572429,0,0,156922,0,0,0
lego,Lego,150,selected_coord18_conic21_opacity8_rgb10,21,full_pd_guard,-0.016529083251953125,-0.00011223554611206055,2.7082860469818115e-05,33.810890197753906,33.82741928100586,0.9605275988578796,0.9606398344039917,0.05733398720622063,0.05730690434575081,57.281944274902344,0,3628350,0,0,148337,0,0,0
lego,Lego,151,selected_coord18_conic21_opacity8_rgb10,21,full_pd_guard,-0.0185699462890625,-0.00012445449829101562,-4.190206527709961e-05,33.881038665771484,33.89960861206055,0.9589728713035583,0.9590973258018494,0.05721835792064667,0.05726025998592377,57.50318145751953,0,3635889,0,0,146499,0,0,0
lego,Lego,152,selected_coord18_conic21_opacity8_rgb10,21,full_pd_guard,-0.02947235107421875,-0.00016123056411743164,0.00015386193990707397,33.6007080078125,33.63018035888672,0.956685483455658,0.9568467140197754,0.06052073836326599,0.06036687642335892,57.5839958190918,0,3583654,0,0,158020,0,0,0
lego,Lego,153,selected_coord18_conic21_opacity8_rgb10,21,full_pd_guard,-0.004558563232421875,-7.617473602294922e-05,-5.912408232688904e-05,34.01375198364258,34.018310546875,0.9554250240325928,0.9555011987686157,0.05893506109714508,0.05899418517947197,57.616188049316406,0,3515985,0,0,141736,0,0,0
lego,Lego,154,selected_coord18_conic21_opacity8_rgb10,21,full_pd_guard,-0.01920318603515625,-0.0001652240753173828,5.46090304851532e-05,34.02437973022461,34.043582916259766,0.9537427425384521,0.9539079666137695,0.060331616550683975,0.06027700752019882,57.4063720703125,0,3457534,0,0,165917,0,0,0
lego,Lego,155,selected_coord18_conic21_opacity8_rgb10,21,full_pd_guard,-0.0103759765625,-0.00010776519775390625,7.319077849388123e-05,33.827674865722656,33.838050842285156,0.952002763748169,0.9521105289459229,0.0623670369386673,0.062293846160173416,57.20722961425781,0,3406036,0,0,159703,0,0,0
lego,Lego,156,selected_coord18_conic21_opacity8_rgb10,21,full_pd_guard,-0.015186309814453125,-0.00010401010513305664,-1.5791505575180054e-05,33.81578826904297,33.83097457885742,0.952085018157959,0.952189028263092,0.060433972626924515,0.060449764132499695,56.944122314453125,0,3363562,0,0,189133,0,0,0
lego,Lego,157,selected_coord18_conic21_opacity8_rgb10,21,full_pd_guard,-0.01421356201171875,-0.00014352798461914062,-0.00010214000940322876,33.86111068725586,33.87532424926758,0.9531474709510803,0.9532909989356995,0.05966833233833313,0.05977047234773636,56.79582977294922,0,3332283,0,0,163370,0,0,0
lego,Lego,158,selected_coord18_conic21_opacity8_rgb10,21,full_pd_guard,-0.010799407958984375,-0.00011444091796875,2.5939196348190308e-05,33.81380844116211,33.824607849121094,0.9551670551300049,0.9552814960479736,0.05851694568991661,0.05849100649356842,56.640647888183594,0,3309060,0,0,144957,0,0,0
lego,Lego,159,selected_coord18_conic21_opacity8_rgb10,21,full_pd_guard,-0.009552001953125,-0.00011980533599853516,2.1453946828842163e-05,34.11143112182617,34.1209831237793,0.9578356742858887,0.9579554796218872,0.05673955753445625,0.05671810358762741,56.496917724609375,0,3289702,0,0,170802,0,0,0
lego,Lego,160,selected_coord18_conic21_opacity8_rgb10,21,full_pd_guard,-0.011631011962890625,-0.0001246929168701172,-5.64083456993103e-05,34.23372268676758,34.24535369873047,0.9602316617965698,0.9603563547134399,0.055444009602069855,0.055500417947769165,56.11943817138672,0,3269791,0,0,162971,0,0,0
lego,Lego,161,selected_coord18_conic21_opacity8_rgb10,21,full_pd_guard,-0.0135345458984375,-0.0001354217529296875,-7.810071110725403e-05,34.293792724609375,34.30732727050781,0.9616460800170898,0.9617815017700195,0.05335672199726105,0.0534348227083683,56.049591064453125,0,3260821,0,0,182431,0,0,0
lego,Lego,162,selected_coord18_conic21_opacity8_rgb10,21,full_pd_guard,-0.02399444580078125,-0.00015997886657714844,-1.5035271644592285e-05,34.20970916748047,34.23370361328125,0.9626016616821289,0.962761640548706,0.05287432670593262,0.05288936197757721,55.86899948120117,0,3252635,0,0,178981,0,0,0
lego,Lego,163,selected_coord18_conic21_opacity8_rgb10,21,full_pd_guard,-0.018955230712890625,-0.00013190507888793945,-3.933534026145935e-05,34.20339584350586,34.22235107421875,0.963508129119873,0.963640034198761,0.05167466774582863,0.05171400308609009,55.9250602722168,0,3253004,0,0,164101,0,0,0
lego,Lego,164,selected_coord18_conic21_opacity8_rgb10,21,full_pd_guard,-0.012882232666015625,-0.00011676549911499023,-6.465986371040344e-05,34.126625061035156,34.13950729370117,0.9640019536018372,0.9641187191009521,0.05044379457831383,0.05050845444202423,55.783233642578125,0,3262298,0,0,196715,0,0,0
lego,Lego,165,selected_coord18_conic21_opacity8_rgb10,21,full_pd_guard,-0.01056671142578125,-0.00011712312698364258,-9.511783719062805e-05,33.85504150390625,33.86560821533203,0.9635396599769592,0.9636567831039429,0.050437480211257935,0.05053259804844856,55.76805877685547,0,3272251,0,0,183888,0,0,0
lego,Lego,166,selected_coord18_conic21_opacity8_rgb10,21,full_pd_guard,-0.02230072021484375,-0.00014477968215942383,-4.456937313079834e-05,33.653045654296875,33.67534637451172,0.9633147716522217,0.9634595513343811,0.051035426557064056,0.051079995930194855,55.5708122253418,0,3286729,0,0,172363,0,0,0
lego,Lego,167,selected_coord18_conic21_opacity8_rgb10,21,full_pd_guard,-0.01889801025390625,-0.00014209747314453125,-5.508214235305786e-05,33.352386474609375,33.37128448486328,0.9625075459480286,0.9626496434211731,0.05178335681557655,0.05183843895792961,55.53582000732422,0,3314561,0,0,192777,0,0,0
lego,Lego,168,selected_coord18_conic21_opacity8_rgb10,21,full_pd_guard,-0.017742156982421875,-0.00013810396194458008,-5.640089511871338e-06,33.09880065917969,33.11654281616211,0.9613305926322937,0.9614686965942383,0.05379347503185272,0.053799115121364594,55.51824188232422,0,3350861,0,0,190774,0,0,0
lego,Lego,169,selected_coord18_conic21_opacity8_rgb10,21,full_pd_guard,-0.0189361572265625,-0.0001265406608581543,-5.070120096206665e-06,32.81467056274414,32.8336067199707,0.9603707194328308,0.960497260093689,0.05651058256626129,0.0565156526863575,55.237144470214844,0,3396515,0,0,167131,0,0,0
lego,Lego,170,selected_coord18_conic21_opacity8_rgb10,21,full_pd_guard,-0.02144622802734375,-0.00015217065811157227,2.7004629373550415e-05,32.33918762207031,32.360633850097656,0.9586900472640991,0.9588422179222107,0.05768250674009323,0.05765550211071968,55.18551254272461,0,3455611,0,0,196010,0,0,0
lego,Lego,171,selected_coord18_conic21_opacity8_rgb10,21,full_pd_guard,-0.010868072509765625,-0.00010985136032104492,-4.570186138153076e-05,32.05961227416992,32.07048034667969,0.9569701552391052,0.9570800065994263,0.05733527988195419,0.057380981743335724,55.20301818847656,0,3533345,0,0,193062,0,0,0
lego,Lego,172,selected_coord18_conic21_opacity8_rgb10,21,full_pd_guard,-0.018758773803710938,-0.00013828277587890625,0.0001033879816532135,31.80544090270996,31.824199676513672,0.9547334909439087,0.9548717737197876,0.05963286757469177,0.05952947959303856,55.21673583984375,0,3634320,0,0,178557,0,0,0
lego,Lego,173,selected_coord18_conic21_opacity8_rgb10,21,full_pd_guard,-0.019193649291992188,-0.0001431107521057129,5.5983662605285645e-05,31.6329402923584,31.65213394165039,0.954057514667511,0.9542006254196167,0.06126559153199196,0.06120960786938667,54.991058349609375,0,3734047,0,0,180654,0,0,0
lego,Lego,174,selected_coord18_conic21_opacity8_rgb10,21,full_pd_guard,-0.010345458984375,-0.00011348724365234375,-1.1000782251358032e-05,31.612356185913086,31.62270164489746,0.954596996307373,0.9547104835510254,0.061426546424627304,0.06143754720687866,55.025474548339844,0,3816037,0,0,173894,0,0,0
lego,Lego,175,selected_coord18_conic21_opacity8_rgb10,21,full_pd_guard,-0.014095306396484375,-0.00010162591934204102,-0.00023974105715751648,31.66307830810547,31.677173614501953,0.9554978013038635,0.9555994272232056,0.06086796149611473,0.06110770255327225,55.0088005065918,0,3890838,0,0,162432,0,0,0
lego,Lego,176,selected_coord18_conic21_opacity8_rgb10,21,full_pd_guard,-0.006656646728515625,-9.566545486450195e-05,-0.00012341514229774475,31.747222900390625,31.75387954711914,0.9565465450286865,0.956642210483551,0.061154451221227646,0.06127786636352539,55.03947448730469,0,3856639,0,0,177741,0,0,0
lego,Lego,177,selected_coord18_conic21_opacity8_rgb10,21,full_pd_guard,-0.016260147094726562,-0.00013262033462524414,-2.1841377019882202e-05,31.783361434936523,31.79962158203125,0.9574002623558044,0.9575328826904297,0.06012076884508133,0.06014261022210121,54.973793029785156,0,3776495,0,0,180808,0,0,0
lego,Lego,178,selected_coord18_conic21_opacity8_rgb10,21,full_pd_guard,-0.010499954223632812,-9.965896606445312e-05,-7.685273885726929e-06,31.841732025146484,31.852231979370117,0.9580382704734802,0.9581379294395447,0.05871409550309181,0.05872178077697754,54.785980224609375,0,3710465,0,0,170168,0,0,0
lego,Lego,179,selected_coord18_conic21_opacity8_rgb10,21,full_pd_guard,-0.01720428466796875,-0.0001150965690612793,6.074830889701843e-05,31.910785675048828,31.927989959716797,0.9584552049636841,0.9585703015327454,0.059217724949121475,0.05915697664022446,54.91643524169922,0,3624396,0,0,206508,0,0,0
lego,Lego,180,selected_coord18_conic21_opacity8_rgb10,21,full_pd_guard,-0.008693695068359375,-0.00010323524475097656,-2.1006911993026733e-05,31.94046401977539,31.94915771484375,0.958383321762085,0.9584865570068359,0.059402842074632645,0.05942384898662567,55.082542419433594,0,3551910,0,0,174708,0,0,0
lego,Lego,181,selected_coord18_conic21_opacity8_rgb10,21,full_pd_guard,-0.0157470703125,-0.00012028217315673828,1.2449920177459717e-05,32.13152313232422,32.14727020263672,0.9581531286239624,0.9582734107971191,0.058800242841243744,0.058787792921066284,55.07332992553711,0,3497134,0,0,162139,0,0,0
lego,Lego,182,selected_coord18_conic21_opacity8_rgb10,21,full_pd_guard,-0.011585235595703125,-0.00012409687042236328,4.466250538825989e-05,32.25872802734375,32.27031326293945,0.9584333300590515,0.9585574269294739,0.05948406830430031,0.05943940579891205,55.0341911315918,0,3452010,0,0,167862,0,0,0
lego,Lego,183,selected_coord18_conic21_opacity8_rgb10,21,full_pd_guard,-0.012386322021484375,-0.0001100301742553711,-5.081295967102051e-05,32.333030700683594,32.34541702270508,0.9586545825004578,0.9587646126747131,0.05974007397890091,0.05979088693857193,54.940391540527344,0,3416834,0,0,162868,0,0,0
lego,Lego,184,selected_coord18_conic21_opacity8_rgb10,21,full_pd_guard,-0.0118560791015625,-9.691715240478516e-05,-2.156198024749756e-05,32.36255645751953,32.374412536621094,0.9581656455993652,0.95826256275177,0.05969984829425812,0.059721410274505615,55.09294128417969,0,3390885,0,0,162108,0,0,0
lego,Lego,185,selected_coord18_conic21_opacity8_rgb10,21,full_pd_guard,-0.0184478759765625,-0.00015985965728759766,4.4148415327072144e-05,32.30833435058594,32.3267822265625,0.9574581980705261,0.9576180577278137,0.05956871807575226,0.059524569660425186,54.99833297729492,0,3378760,0,0,172028,0,0,0
lego,Lego,186,selected_coord18_conic21_opacity8_rgb10,21,full_pd_guard,-0.0219268798828125,-0.00016760826110839844,8.078664541244507e-05,32.267269134521484,32.2891960144043,0.9565984010696411,0.9567660093307495,0.0583186149597168,0.05823782831430435,55.269378662109375,0,3371467,0,0,180002,0,0,0
lego,Lego,187,selected_coord18_conic21_opacity8_rgb10,21,full_pd_guard,-0.020664215087890625,-0.00015866756439208984,3.1109899282455444e-05,32.24163055419922,32.26229476928711,0.9563598036766052,0.9565184712409973,0.05843326076865196,0.05840215086936951,55.228302001953125,0,3371561,0,0,156520,0,0,0
lego,Lego,188,selected_coord18_conic21_opacity8_rgb10,21,full_pd_guard,-0.010082244873046875,-9.524822235107422e-05,-6.281211972236633e-05,32.142784118652344,32.15286636352539,0.9559347629547119,0.956030011177063,0.05812615156173706,0.05818896368145943,55.123165130615234,0,3377235,0,0,163029,0,0,0
lego,Lego,189,selected_coord18_conic21_opacity8_rgb10,21,full_pd_guard,-0.0144805908203125,-0.00012612342834472656,-2.8848648071289062e-05,32.17597961425781,32.190460205078125,0.956085741519928,0.9562118649482727,0.05838846415281296,0.05841731280088425,55.20124053955078,0,3390408,0,0,159022,0,0,0
lego,Lego,190,selected_coord18_conic21_opacity8_rgb10,21,full_pd_guard,-0.016845703125,-0.00013953447341918945,2.8464943170547485e-05,32.28513717651367,32.30198287963867,0.956226646900177,0.9563661813735962,0.05788670480251312,0.057858239859342575,55.263633728027344,0,3419672,0,0,178347,0,0,0
lego,Lego,191,selected_coord18_conic21_opacity8_rgb10,21,full_pd_guard,-0.0242767333984375,-0.00014466047286987305,5.942583084106445e-05,32.47777557373047,32.502052307128906,0.9573938846588135,0.9575385451316833,0.057188838720321655,0.05712941288948059,55.50263595581055,0,3449104,0,0,157977,0,0,0
lego,Lego,192,selected_coord18_conic21_opacity8_rgb10,21,full_pd_guard,-0.027679443359375,-0.0001595020294189453,0.00012164190411567688,32.74882507324219,32.77650451660156,0.9585747718811035,0.9587342739105225,0.0567537285387516,0.056632086634635925,55.54453659057617,0,3495673,0,0,152655,0,0,0
lego,Lego,193,selected_coord18_conic21_opacity8_rgb10,21,full_pd_guard,-0.0208282470703125,-9.322166442871094e-05,4.114210605621338e-05,33.1319580078125,33.15278625488281,0.9603355526924133,0.960428774356842,0.05731229484081268,0.05727115273475647,55.74360275268555,0,3548783,0,0,159703,0,0,0
lego,Lego,194,selected_coord18_conic21_opacity8_rgb10,21,full_pd_guard,-0.02582550048828125,-0.00012135505676269531,5.45009970664978e-05,33.47156524658203,33.49739074707031,0.9622342586517334,0.9623556137084961,0.056533388793468475,0.05647888779640198,55.83086395263672,0,3618933,0,0,159710,0,0,0
lego,Lego,195,selected_coord18_conic21_opacity8_rgb10,21,full_pd_guard,-0.02921295166015625,-0.0001125335693359375,4.902482032775879e-05,33.84074401855469,33.869956970214844,0.9638687372207642,0.9639812707901001,0.05529922991991043,0.05525020509958267,56.00658416748047,0,3703786,0,0,157326,0,0,0
lego,Lego,196,selected_coord18_conic21_opacity8_rgb10,21,full_pd_guard,-0.02349090576171875,-0.0001023411750793457,-3.940984606742859e-05,33.993526458740234,34.01701736450195,0.965122640132904,0.9652249813079834,0.055357370525598526,0.055396780371665955,56.12030029296875,0,3802957,0,0,176445,0,0,0
lego,Lego,197,selected_coord18_conic21_opacity8_rgb10,21,full_pd_guard,-0.001834869384765625,-7.861852645874023e-05,-1.2706965208053589e-05,34.15454864501953,34.1563835144043,0.965915322303772,0.9659939408302307,0.05694117024540901,0.056953877210617065,55.79930114746094,0,3947235,0,0,155465,0,0,0
lego,Lego,198,selected_coord18_conic21_opacity8_rgb10,21,full_pd_guard,-0.0074005126953125,-8.26120376586914e-05,2.5156885385513306e-05,33.92145919799805,33.92885971069336,0.9655370116233826,0.9656196236610413,0.06088870391249657,0.06086354702711105,56.00244140625,0,4121116,0,0,173150,0,0,0
lego,Lego,199,selected_coord18_conic21_opacity8_rgb10,21,full_pd_guard,-0.0089111328125,-8.744001388549805e-05,4.6797096729278564e-05,33.73564910888672,33.74456024169922,0.965172529220581,0.9652599692344666,0.06025313958525658,0.0602063424885273,55.81708908081055,0,4280935,0,0,179887,0,0,0
playroom,Playroom,1,selected_coord18_conic21_opacity8_rgb10,21,full_pd_guard,0.007701873779296875,2.4378299713134766e-05,-0.0007672309875488281,32.35559844970703,32.347896575927734,0.8977992534637451,0.897774875164032,0.289598286151886,0.2903655171394348,57.97289276123047,0,18525682,0,0,431051,603,23,0
playroom,Playroom,2,selected_coord18_conic21_opacity8_rgb10,21,full_pd_guard,-0.06354904174804688,-0.0003260970115661621,-0.000510483980178833,28.694622039794922,28.75817108154297,0.8723013997077942,0.8726274967193604,0.22491776943206787,0.2254282534122467,52.57151794433594,0,22404095,0,0,690913,369,17,0
playroom,Playroom,3,selected_coord18_conic21_opacity8_rgb10,21,full_pd_guard,0.0733489990234375,-0.00023239850997924805,-0.002281472086906433,33.4656982421875,33.39234924316406,0.9647358655929565,0.9649682641029358,0.2319979965686798,0.23427946865558624,57.63134765625,0,22880764,0,0,183915,479,16,0
playroom,Playroom,4,selected_coord18_conic21_opacity8_rgb10,21,full_pd_guard,0.020450592041015625,-8.207559585571289e-05,-0.0012593269348144531,32.346282958984375,32.32583236694336,0.9355736374855042,0.9356557130813599,0.2715141177177429,0.2727734446525574,57.96734619140625,0,24276074,0,0,375427,415,7,0
playroom,Playroom,5,selected_coord18_conic21_opacity8_rgb10,21,full_pd_guard,-0.0586090087890625,-0.00013047456741333008,-0.0013828575611114502,35.62995147705078,35.688560485839844,0.9517021775245667,0.95183265209198,0.23590466380119324,0.2372875213623047,57.80414962768555,0,21023487,0,0,207222,482,8,0
playroom,Playroom,6,selected_coord18_conic21_opacity8_rgb10,21,full_pd_guard,0.1927337646484375,0.000664830207824707,-0.001851797103881836,25.477188110351562,25.284454345703125,0.8913806080818176,0.8907157778739929,0.27609097957611084,0.2779427766799927,44.43665313720703,0,25354998,0,0,350759,679,8,0
playroom,Playroom,7,selected_coord18_conic21_opacity8_rgb10,21,full_pd_guard,-0.0002307891845703125,-0.0003261566162109375,-0.0010104775428771973,31.30087661743164,31.30110740661621,0.8824435472488403,0.8827697038650513,0.35458260774612427,0.35559308528900146,58.2601432800293,0,17493893,0,0,712934,691,28,0
playroom,Playroom,8,selected_coord18_conic21_opacity8_rgb10,21,full_pd_guard,-0.0028629302978515625,-0.0003324747085571289,-0.0007293820381164551,26.130794525146484,26.133657455444336,0.8419181108474731,0.8422505855560303,0.29243892431259155,0.293168306350708,57.134429931640625,0,18871818,0,0,432734,580,15,0
playroom,Playroom,9,selected_coord18_conic21_opacity8_rgb10,21,full_pd_guard,-0.035308837890625,-0.0005462169647216797,-0.000991523265838623,23.598690032958984,23.63399887084961,0.832129955291748,0.8326761722564697,0.3326275944709778,0.3336191177368164,44.998680114746094,0,31434847,0,0,417334,440,9,0
playroom,Playroom,10,selected_coord18_conic21_opacity8_rgb10,21,full_pd_guard,-0.021709442138671875,-0.00019240379333496094,-0.0017721951007843018,33.658409118652344,33.680118560791016,0.9426940083503723,0.9428864121437073,0.3023206293582916,0.3040928244590759,58.93822479248047,0,20084184,0,0,272223,764,26,0
playroom,Playroom,11,selected_coord18_conic21_opacity8_rgb10,21,full_pd_guard,0.01787567138671875,-0.00024765729904174805,-0.001312345266342163,31.54388427734375,31.52600860595703,0.9320791363716125,0.9323267936706543,0.20049157738685608,0.20180392265319824,56.25556945800781,0,21915463,0,0,293114,729,23,0
playroom,Playroom,12,selected_coord18_conic21_opacity8_rgb10,21,full_pd_guard,-0.00542449951171875,-0.0004786849021911621,-0.000787883996963501,32.011749267578125,32.017173767089844,0.9045313000679016,0.9050099849700928,0.27036720514297485,0.27115508913993835,57.55868148803711,0,17440484,0,0,440762,730,16,0
playroom,Playroom,13,selected_coord18_conic21_opacity8_rgb10,21,full_pd_guard,-0.06530380249023438,-0.0003464221954345703,-0.0014111846685409546,28.150222778320312,28.215526580810547,0.9519938230514526,0.9523402452468872,0.21469342708587646,0.21610461175441742,55.78607940673828,0,24389720,0,0,364173,561,15,0
playroom,Playroom,14,selected_coord18_conic21_opacity8_rgb10,21,full_pd_guard,0.001644134521484375,-0.0004963874816894531,-0.0008261799812316895,27.89011001586914,27.888465881347656,0.8757476806640625,0.876244068145752,0.29333633184432983,0.2941625118255615,55.17180633544922,0,15690744,0,0,236289,777,17,0
playroom,Playroom,15,selected_coord18_conic21_opacity8_rgb10,21,full_pd_guard,-0.06180572509765625,-0.00022524595260620117,-0.0016322433948516846,30.05414390563965,30.115949630737305,0.9158098697662354,0.9160351157188416,0.31784406304359436,0.31947630643844604,53.67440414428711,0,22005951,0,0,145168,656,22,0
playroom,Playroom,16,selected_coord18_conic21_opacity8_rgb10,21,full_pd_guard,-0.03201484680175781,-0.0004954338073730469,-0.0011147558689117432,27.797039031982422,27.82905387878418,0.8641600012779236,0.8646554350852966,0.2976245582103729,0.29873931407928467,53.61393737792969,0,27611976,0,0,479418,633,12,0
playroom,Playroom,17,selected_coord18_conic21_opacity8_rgb10,21,full_pd_guard,0.010906219482421875,-0.000382840633392334,-0.0013269484043121338,32.7699089050293,32.759002685546875,0.9256401658058167,0.926023006439209,0.2649347484111786,0.2662616968154907,57.44020080566406,0,24461863,0,0,364510,659,13,0
playroom,Playroom,18,selected_coord18_conic21_opacity8_rgb10,21,full_pd_guard,-0.03202629089355469,-0.00035697221755981445,-0.00152646005153656,30.608932495117188,30.640958786010742,0.9406970739364624,0.9410540461540222,0.24445536732673645,0.245981827378273,57.81146240234375,0,19380086,0,0,216627,651,16,0
playroom,Playroom,19,selected_coord18_conic21_opacity8_rgb10,21,full_pd_guard,-0.05968284606933594,-0.0027959346771240234,0.00010183453559875488,26.098180770874023,26.15786361694336,0.8292360901832581,0.8320320248603821,0.3646150827407837,0.36451324820518494,49.48493957519531,0,21153331,0,0,383439,551,6,0
playroom,Playroom,20,selected_coord18_conic21_opacity8_rgb10,21,full_pd_guard,0.03821372985839844,-0.00013768672943115234,-0.0014814436435699463,31.524343490600586,31.486129760742188,0.9184554219245911,0.9185931086540222,0.29005053639411926,0.2915319800376892,56.21685791015625,0,20871250,0,0,279509,614,17,0
playroom,Playroom,21,selected_coord18_conic21_opacity8_rgb10,21,full_pd_guard,-0.03205108642578125,-0.0007047653198242188,-0.0014052093029022217,34.809654235839844,34.841705322265625,0.9170762300491333,0.9177809953689575,0.3190698027610779,0.3204750120639801,57.62153625488281,0,21462300,0,0,262383,566,7,0
playroom,Playroom,22,selected_coord18_conic21_opacity8_rgb10,21,full_pd_guard,0.01609039306640625,-0.0004038214683532715,-0.0010548532009124756,29.746139526367188,29.73004913330078,0.9208201169967651,0.9212239384651184,0.28056037425994873,0.2816152274608612,57.493019104003906,0,18748437,0,0,196121,728,26,0
playroom,Playroom,23,selected_coord18_conic21_opacity8_rgb10,21,full_pd_guard,-0.0008029937744140625,-0.0007284283638000488,-0.0004551112651824951,29.69141960144043,29.692222595214844,0.8879255652427673,0.8886539936065674,0.22870755195617676,0.22916266322135925,56.57225036621094,0,20535836,0,0,653718,305,8,0
playroom,Playroom,24,selected_coord18_conic21_opacity8_rgb10,21,full_pd_guard,-0.01633453369140625,-0.0004868507385253906,-0.0005902349948883057,25.836318969726562,25.85265350341797,0.8888379335403442,0.8893247842788696,0.2420056164264679,0.2425958514213562,54.450035095214844,0,21576542,0,0,713620,291,13,0
playroom,Playroom,25,selected_coord18_conic21_opacity8_rgb10,21,full_pd_guard,-0.00787353515625,-0.0003541707992553711,-0.0008981525897979736,32.92896270751953,32.93683624267578,0.9140174388885498,0.9143716096878052,0.2627105712890625,0.2636087238788605,57.743064880371094,0,17802323,0,0,549447,619,14,0
playroom,Playroom,26,selected_coord18_conic21_opacity8_rgb10,21,full_pd_guard,-0.0236663818359375,-0.00045877695083618164,-0.001148521900177002,32.171356201171875,32.19502258300781,0.9363815784454346,0.9368403553962708,0.26452624797821045,0.26567476987838745,56.33723068237305,0,21834276,0,0,328948,565,18,0
playroom,Playroom,27,selected_coord18_conic21_opacity8_rgb10,21,full_pd_guard,0.010959625244140625,-0.0002897977828979492,-0.001121222972869873,31.654815673828125,31.643856048583984,0.9332302212715149,0.9335200190544128,0.20359355211257935,0.20471477508544922,55.93959045410156,0,24114603,0,0,379847,559,8,0
playroom,Playroom,28,selected_coord18_conic21_opacity8_rgb10,21,full_pd_guard,0.07914352416992188,-6.29425048828125e-05,-0.0012054443359375,32.3358268737793,32.256683349609375,0.9071900844573975,0.9072530269622803,0.29086291790008545,0.29206836223602295,56.3193473815918,0,17054217,0,0,236598,711,23,0
truck,Truck,1,selected_coord18_conic21_opacity8_rgb10,21,full_pd_guard,-0.09404563903808594,-0.0015394091606140137,0.00018364191055297852,26.066246032714844,26.16029167175293,0.8911991715431213,0.8927385807037354,0.15891724824905396,0.15873360633850098,37.851810455322266,0,18344992,0,0,647037,163,2,0
truck,Truck,2,selected_coord18_conic21_opacity8_rgb10,21,full_pd_guard,-0.09091758728027344,-0.0006657242774963379,-0.00023947656154632568,24.90570831298828,24.996625900268555,0.8575579524040222,0.8582236766815186,0.16270989179611206,0.1629493683576584,46.28131866455078,0,18998654,0,0,712874,131,1,0
truck,Truck,3,selected_coord18_conic21_opacity8_rgb10,21,full_pd_guard,-0.055583953857421875,-0.000785529613494873,-0.0004246234893798828,25.205554962158203,25.261138916015625,0.8540950417518616,0.8548805713653564,0.19753336906433105,0.19795799255371094,45.40009689331055,0,16492379,0,0,558793,191,0,0
truck,Truck,4,selected_coord18_conic21_opacity8_rgb10,21,full_pd_guard,-0.0404510498046875,4.64320182800293e-05,-0.0006744861602783203,25.547988891601562,25.58843994140625,0.8653412461280823,0.8652948141098022,0.17932215332984924,0.17999663949012756,42.394378662109375,0,21438538,0,0,610755,162,3,0
truck,Truck,5,selected_coord18_conic21_opacity8_rgb10,21,full_pd_guard,-0.0059967041015625,-0.00037288665771484375,-0.0003772526979446411,26.06342315673828,26.069419860839844,0.8663463592529297,0.8667192459106445,0.17133060097694397,0.1717078536748886,48.559471130371094,0,18346350,0,0,683568,142,0,0
truck,Truck,6,selected_coord18_conic21_opacity8_rgb10,21,full_pd_guard,-0.04157257080078125,-0.00038927793502807617,-0.0004098862409591675,25.532726287841797,25.574298858642578,0.8830154538154602,0.8834047317504883,0.17330463230609894,0.1737145185470581,49.272804260253906,0,18161006,0,0,640768,159,0,0
truck,Truck,7,selected_coord18_conic21_opacity8_rgb10,21,full_pd_guard,-0.024929046630859375,-0.000588536262512207,-0.0003333538770675659,24.26254653930664,24.2874755859375,0.8414718508720398,0.842060387134552,0.18080982565879822,0.18114317953586578,49.557064056396484,0,21815332,0,0,609130,129,2,0
truck,Truck,8,selected_coord18_conic21_opacity8_rgb10,21,full_pd_guard,-0.0688018798828125,-0.00038617849349975586,-0.00040884315967559814,24.013530731201172,24.082332611083984,0.8613730072975159,0.8617591857910156,0.1966637670993805,0.1970726102590561,44.142112731933594,0,20333427,0,0,547834,183,0,0
truck,Truck,9,selected_coord18_conic21_opacity8_rgb10,21,full_pd_guard,0.024297714233398438,-0.000349581241607666,-0.0005364716053009033,26.696918487548828,26.67262077331543,0.9049698114395142,0.9053193926811218,0.19997861981391907,0.20051509141921997,48.91097640991211,0,20352902,0,0,538748,146,3,0
truck,Truck,10,selected_coord18_conic21_opacity8_rgb10,21,full_pd_guard,-0.0067386627197265625,-0.000209808349609375,-0.0005036294460296631,25.648008346557617,25.654747009277344,0.8651605844497681,0.8653703927993774,0.22125175595283508,0.22175538539886475,49.013999938964844,0,16541286,0,0,553850,143,1,0
truck,Truck,11,selected_coord18_conic21_opacity8_rgb10,21,full_pd_guard,-0.16428565979003906,-0.002146303653717041,-0.00010024011135101318,24.903234481811523,25.067520141601562,0.8758724927902222,0.8780187964439392,0.16840249300003052,0.16850273311138153,39.02976989746094,0,19482166,0,0,521256,151,3,0
truck,Truck,12,selected_coord18_conic21_opacity8_rgb10,21,full_pd_guard,-0.027956008911132812,-0.00046521425247192383,-0.0003801882266998291,24.918928146362305,24.946884155273438,0.8806945085525513,0.8811597228050232,0.15883460640907288,0.1592147946357727,48.04705810546875,0,19158728,0,0,629116,147,0,0
truck,Truck,13,selected_coord18_conic21_opacity8_rgb10,21,full_pd_guard,-0.027482986450195312,-0.0007247328758239746,-0.00023795664310455322,25.845806121826172,25.873289108276367,0.8900706171989441,0.8907953500747681,0.16629411280155182,0.16653206944465637,44.37727355957031,0,17588655,0,0,661418,200,2,0
truck,Truck,14,selected_coord18_conic21_opacity8_rgb10,21,full_pd_guard,-0.015987396240234375,-0.0005445480346679688,-0.00031512975692749023,24.229778289794922,24.245765686035156,0.8583295345306396,0.8588740825653076,0.18470695614814758,0.18502208590507507,47.7573356628418,0,16066218,0,0,603556,186,1,0
truck,Truck,15,selected_coord18_conic21_opacity8_rgb10,21,full_pd_guard,-0.08893203735351562,-0.0009166598320007324,-0.0003154575824737549,23.392807006835938,23.481739044189453,0.8385418057441711,0.8394584655761719,0.20658832788467407,0.20690378546714783,44.89422607421875,0,16857538,0,0,573528,165,2,0
truck,Truck,16,selected_coord18_conic21_opacity8_rgb10,21,full_pd_guard,-0.037067413330078125,-0.0004994869232177734,-0.0003275573253631592,25.40975570678711,25.446823120117188,0.8537969589233398,0.8542964458465576,0.20009157061576843,0.2004191279411316,49.74282455444336,0,16497685,0,0,639628,80,0,0
truck,Truck,17,selected_coord18_conic21_opacity8_rgb10,21,full_pd_guard,-0.04878425598144531,-0.00013625621795654297,-0.0006557554006576538,24.795963287353516,24.84474754333496,0.8555658459663391,0.8557021021842957,0.17595124244689941,0.17660699784755707,45.059139251708984,0,17464363,0,0,613849,170,1,0
truck,Truck,18,selected_coord18_conic21_opacity8_rgb10,21,full_pd_guard,-0.04841041564941406,-0.0006812810897827148,-0.00014226138591766357,25.52901268005371,25.577423095703125,0.830698549747467,0.8313798308372498,0.1929333359003067,0.19307559728622437,48.25016403198242,0,17389331,0,0,577045,218,3,0
truck,Truck,19,selected_coord18_conic21_opacity8_rgb10,21,full_pd_guard,-0.017786026000976562,-0.0004184246063232422,-0.0006073713302612305,23.546306610107422,23.5640926361084,0.8587791919708252,0.8591976165771484,0.22056756913661957,0.2211749404668808,50.83576583862305,0,23364108,0,0,417846,148,1,0
truck,Truck,20,selected_coord18_conic21_opacity8_rgb10,21,full_pd_guard,-0.09334945678710938,-0.0003019571304321289,-0.0005061626434326172,26.056381225585938,26.149730682373047,0.880497932434082,0.8807998895645142,0.23903310298919678,0.2395392656326294,43.95355224609375,0,20794052,0,0,424685,150,3,0
truck,Truck,21,selected_coord18_conic21_opacity8_rgb10,21,full_pd_guard,-0.03853797912597656,-0.0005034804344177246,-0.0003762096166610718,24.951322555541992,24.98986053466797,0.864328920841217,0.8648324012756348,0.1866028904914856,0.18697910010814667,50.763301849365234,0,20881587,0,0,638069,187,3,0
truck,Truck,22,selected_coord18_conic21_opacity8_rgb10,21,full_pd_guard,-0.021524429321289062,0.0003586411476135254,-0.0006390810012817383,26.51105308532715,26.532577514648438,0.8749889135360718,0.8746302723884583,0.1932860016822815,0.19392508268356323,46.53852462768555,0,19116718,0,0,591632,206,3,0
truck,Truck,23,selected_coord18_conic21_opacity8_rgb10,21,full_pd_guard,-0.0035800933837890625,-0.0003038644790649414,-0.0004115849733352661,26.862728118896484,26.866308212280273,0.8850581049919128,0.8853619694709778,0.21594126522541046,0.21635285019874573,49.302459716796875,0,18048455,0,0,479233,221,3,0
truck,Truck,24,selected_coord18_conic21_opacity8_rgb10,21,full_pd_guard,-0.028387069702148438,-0.00039702653884887695,-0.0005706101655960083,27.326522827148438,27.354909896850586,0.8888383507728577,0.8892353773117065,0.230469211935997,0.23103982210159302,49.664268493652344,0,19197837,0,0,470245,194,3,0
truck,Truck,25,selected_coord18_conic21_opacity8_rgb10,21,full_pd_guard,-0.12653732299804688,-0.0007266402244567871,-0.000637739896774292,25.893768310546875,26.020305633544922,0.8859590888023376,0.8866857290267944,0.17901191115379333,0.17964965105056763,47.940181732177734,0,18246194,0,0,697065,133,1,0
truck,Truck,26,selected_coord18_conic21_opacity8_rgb10,21,full_pd_guard,-0.024389266967773438,-0.000398099422454834,-0.0003328472375869751,24.79535484313965,24.819744110107422,0.8729974031448364,0.8733955025672913,0.16405712068080902,0.164389967918396,49.21049118041992,0,19490586,0,0,702683,113,0,0
truck,Truck,27,selected_coord18_conic21_opacity8_rgb10,21,full_pd_guard,-0.029296875,-0.00032252073287963867,-0.00028161704540252686,21.75111961364746,21.78041648864746,0.8106974363327026,0.8110199570655823,0.22674903273582458,0.2270306497812271,50.194664001464844,0,20570049,0,0,557812,170,0,0
truck,Truck,28,selected_coord18_conic21_opacity8_rgb10,21,full_pd_guard,-0.020845413208007812,-0.0004305243492126465,-0.00016026198863983154,24.421001434326172,24.44184684753418,0.8637740612030029,0.8642045855522156,0.18137115240097046,0.1815314143896103,50.027557373046875,0,22362075,0,0,647691,157,1,0
truck,Truck,29,selected_coord18_conic21_opacity8_rgb10,21,full_pd_guard,0.044368743896484375,-0.000624537467956543,-0.0006347894668579102,23.952251434326172,23.907882690429688,0.8509687781333923,0.8515933156013489,0.20076097548007965,0.20139576494693756,42.21722412109375,0,21750790,0,0,477020,138,0,0
truck,Truck,30,selected_coord18_conic21_opacity8_rgb10,21,full_pd_guard,-0.033039093017578125,-0.000657200813293457,-0.0003225952386856079,25.149036407470703,25.18207550048828,0.8827745318412781,0.8834317326545715,0.18301407992839813,0.18333667516708374,46.222503662109375,0,21465965,0,0,595055,148,1,0
truck,Truck,31,selected_coord18_conic21_opacity8_rgb10,21,full_pd_guard,-0.04213714599609375,-0.0003733038902282715,-0.00045487284660339355,25.104103088378906,25.146240234375,0.8763585686683655,0.8767318725585938,0.20912262797355652,0.2095775008201599,47.858604431152344,0,17477224,0,0,615986,108,0,0
tt107k,Train,1,selected_coord18_conic21_opacity8_rgb10,21,full_pd_guard,-0.33028411865234375,-0.000568687915802002,-0.001055791974067688,23.452091217041016,23.78237533569336,0.8501550555229187,0.8507237434387207,0.21285858750343323,0.21391437947750092,42.6955680847168,0,16655296,0,0,473797,82,1,0
tt107k,Train,2,selected_coord18_conic21_opacity8_rgb10,21,full_pd_guard,-0.0060901641845703125,-0.0006042718887329102,-0.0007312297821044922,26.22553825378418,26.23162841796875,0.8947666883468628,0.8953709602355957,0.19631800055503845,0.19704923033714294,51.590911865234375,0,18759815,0,0,447116,82,2,0
tt107k,Train,3,selected_coord18_conic21_opacity8_rgb10,21,full_pd_guard,0.06397247314453125,0.0005183219909667969,-0.000757753849029541,22.039264678955078,21.975292205810547,0.7523670196533203,0.7518486976623535,0.358844131231308,0.3596018850803375,47.14793395996094,0,11784418,0,0,396223,121,0,0
tt107k,Train,4,selected_coord18_conic21_opacity8_rgb10,21,full_pd_guard,-0.0199432373046875,-0.0004988312721252441,-0.000852435827255249,23.921337127685547,23.941280364990234,0.824659526348114,0.8251583576202393,0.26545101404190063,0.2663034498691559,50.947776794433594,0,14115835,0,0,335126,116,1,0
tt107k,Train,5,selected_coord18_conic21_opacity8_rgb10,21,full_pd_guard,-0.04480171203613281,-0.00038993358612060547,-0.000869452953338623,22.769901275634766,22.8147029876709,0.8221684694290161,0.8225584030151367,0.2677796185016632,0.26864907145500183,49.82120895385742,0,15995242,0,0,649498,108,1,0
tt107k,Train,6,selected_coord18_conic21_opacity8_rgb10,21,full_pd_guard,-0.12131500244140625,-0.00016707181930541992,-0.0003479123115539551,22.179662704467773,22.30097770690918,0.8235169649124146,0.82368403673172,0.2438257932662964,0.24417370557785034,46.51762008666992,0,15750160,0,0,492671,88,1,0
tt107k,Train,7,selected_coord18_conic21_opacity8_rgb10,21,full_pd_guard,0.06739616394042969,-0.00015485286712646484,-0.0006558001041412354,22.599903106689453,22.532506942749023,0.7990105152130127,0.7991653680801392,0.28475436568260193,0.28541016578674316,48.324729919433594,0,16407160,0,0,522708,80,3,0
tt107k,Train,8,selected_coord18_conic21_opacity8_rgb10,21,full_pd_guard,-0.027357101440429688,-0.0003654360771179199,-0.0010605454444885254,24.154006958007812,24.181364059448242,0.8145524859428406,0.8149179220199585,0.27889928221702576,0.2799598276615143,50.01591110229492,0,18338398,0,0,475964,98,2,0
tt107k,Train,9,selected_coord18_conic21_opacity8_rgb10,21,full_pd_guard,-0.26802825927734375,-0.001254260540008545,-0.0007469058036804199,22.18946075439453,22.457489013671875,0.8487462401390076,0.8500005006790161,0.20191597938537598,0.2026628851890564,45.791236877441406,0,20620815,0,0,867701,85,0,0
tt107k,Train,10,selected_coord18_conic21_opacity8_rgb10,21,full_pd_guard,0.40297698974609375,0.017558813095092773,-0.00045618414878845215,22.867664337158203,22.46468734741211,0.818135142326355,0.8005763292312622,0.2648993730545044,0.26535555720329285,26.18782615661621,0,18332668,0,0,325937,104,1,0
tt107k,Train,11,selected_coord18_conic21_opacity8_rgb10,21,full_pd_guard,-0.027566909790039062,-0.00011712312698364258,-0.0002683103084564209,19.473651885986328,19.501218795776367,0.6769358515739441,0.6770529747009277,0.3238762617111206,0.324144572019577,49.90603256225586,0,18180280,0,0,434806,98,1,0
tt107k,Train,12,selected_coord18_conic21_opacity8_rgb10,21,full_pd_guard,0.16521835327148438,0.00045418739318847656,-0.002666294574737549,22.450748443603516,22.28553009033203,0.8648125529289246,0.8643583655357361,0.2595785856246948,0.2622448801994324,37.04792022705078,0,16483987,0,0,268837,91,1,0
tt107k,Train,13,selected_coord18_conic21_opacity8_rgb10,21,full_pd_guard,-0.05840873718261719,-0.0014461278915405273,-0.002644091844558716,22.62788200378418,22.686290740966797,0.8473635315895081,0.8488096594810486,0.25864747166633606,0.2612915635108948,37.94496154785156,0,19331723,0,0,627772,106,0,0
tt107k,Train,14,selected_coord18_conic21_opacity8_rgb10,21,full_pd_guard,-0.037578582763671875,-0.000852048397064209,-6.562471389770508e-05,17.46440315246582,17.501981735229492,0.6537237763404846,0.6545758247375488,0.35189563035964966,0.35196125507354736,49.01667785644531,0,16471813,0,0,497623,69,0,0
tt107k,Train,15,selected_coord18_conic21_opacity8_rgb10,21,full_pd_guard,-0.048313140869140625,-0.0002783536911010742,-0.000555187463760376,21.15797996520996,21.2062931060791,0.7184462547302246,0.7187246084213257,0.2788616716861725,0.27941685914993286,47.427490234375,0,17097266,0,0,366980,87,1,0
tt107k,Train,16,selected_coord18_conic21_opacity8_rgb10,21,full_pd_guard,0.008134841918945312,-0.00032705068588256836,-0.00010991096496582031,16.74134635925293,16.733211517333984,0.6259625554084778,0.6262896060943604,0.38528120517730713,0.38539111614227295,49.23528289794922,0,12750139,0,0,295850,168,4,0
tt107k,Train,17,selected_coord18_conic21_opacity8_rgb10,21,full_pd_guard,-0.060039520263671875,-0.0015274882316589355,-0.00040978193283081055,21.706443786621094,21.766483306884766,0.7115745544433594,0.7131020426750183,0.3317343294620514,0.3321441113948822,40.551483154296875,0,15762642,0,0,342316,107,0,0
tt107k,Train,18,selected_coord18_conic21_opacity8_rgb10,21,full_pd_guard,-0.010984420776367188,-0.00040584802627563477,-7.867813110351562e-06,19.935970306396484,19.94695472717285,0.6698343753814697,0.6702402234077454,0.3521110415458679,0.35211890935897827,49.295135498046875,0,14890474,0,0,393495,93,3,0
tt107k,Train,19,selected_coord18_conic21_opacity8_rgb10,21,full_pd_guard,-0.008380889892578125,-0.0008288025856018066,-0.00039252638816833496,22.11530303955078,22.12368392944336,0.7352107763290405,0.7360395789146423,0.31740060448646545,0.3177931308746338,45.36668014526367,0,15854049,0,0,388139,113,3,0
tt107k,Train,20,selected_coord18_conic21_opacity8_rgb10,21,full_pd_guard,0.023906707763671875,-0.0002351999282836914,-0.0011584162712097168,19.40715789794922,19.383251190185547,0.7090426683425903,0.709277868270874,0.34561944007873535,0.34677785634994507,49.18882751464844,0,13219719,0,0,383071,100,1,0
tt107k,Train,21,selected_coord18_conic21_opacity8_rgb10,21,full_pd_guard,-0.10230827331542969,4.112720489501953e-05,-0.0007922649383544922,22.3626766204834,22.464984893798828,0.7975317239761353,0.7974905967712402,0.2779284715652466,0.2787207365036011,43.24384307861328,0,16966131,0,0,516756,64,1,0
tt107k,Train,22,selected_coord18_conic21_opacity8_rgb10,21,full_pd_guard,0.06154632568359375,-0.0001647472381591797,-0.0012503564357757568,21.99002456665039,21.928478240966797,0.875957727432251,0.8761224746704102,0.21432381868362427,0.21557417511940002,50.44586181640625,0,18620885,0,0,265598,96,2,0
tt107k,Train,23,selected_coord18_conic21_opacity8_rgb10,21,full_pd_guard,-0.14776229858398438,-0.0007769465446472168,-0.0006726384162902832,19.56507110595703,19.712833404541016,0.7892100811004639,0.7899870276451111,0.27611756324768066,0.27679020166397095,47.50700378417969,0,17043271,0,0,314468,133,1,0
tt107k,Train,24,selected_coord18_conic21_opacity8_rgb10,21,full_pd_guard,-0.029035568237304688,-0.0008130669593811035,-0.00046879053115844727,18.496597290039062,18.525632858276367,0.7442269921302795,0.7450400590896606,0.30552399158477783,0.3059927821159363,49.69709014892578,0,18577361,0,0,318084,96,0,0
tt107k,Train,25,selected_coord18_conic21_opacity8_rgb10,21,full_pd_guard,0.05181884765625,-0.00012958049774169922,-0.0010152757167816162,22.513683319091797,22.461864471435547,0.7897253632545471,0.7898549437522888,0.24808061122894287,0.2490958869457245,48.63837814331055,0,20273049,0,0,508324,83,1,0
tt107k,Train,26,selected_coord18_conic21_opacity8_rgb10,21,full_pd_guard,0.8463802337646484,0.02212226390838623,-0.0016485154628753662,22.40314292907715,21.5567626953125,0.776594340801239,0.7544720768928528,0.28648924827575684,0.2881377637386322,31.325164794921875,0,18608983,0,0,410702,77,2,0
tt107k,Train,27,selected_coord18_conic21_opacity8_rgb10,21,full_pd_guard,-0.03194618225097656,-0.00023800134658813477,-0.0005799531936645508,21.07488441467285,21.106830596923828,0.7655622959136963,0.7658002972602844,0.29347556829452515,0.2940555214881897,50.09562683105469,0,20230969,0,0,391902,70,0,0
tt107k,Train,28,selected_coord18_conic21_opacity8_rgb10,21,full_pd_guard,-0.007844924926757812,-8.45789909362793e-05,-0.0004118382930755615,18.720600128173828,18.728445053100586,0.6792958378791809,0.6793804168701172,0.32027214765548706,0.3206839859485626,45.47758483886719,0,19931669,0,0,471813,80,1,0
tt107k,Train,29,selected_coord18_conic21_opacity8_rgb10,21,full_pd_guard,-0.027769088745117188,-0.0010341405868530273,-0.0005213022232055664,24.579017639160156,24.606786727905273,0.8101544380187988,0.8111885786056519,0.28579217195510864,0.2863134741783142,51.095489501953125,0,18839869,0,0,251276,90,1,0
tt107k,Train,30,selected_coord18_conic21_opacity8_rgb10,21,full_pd_guard,-0.03832817077636719,-0.00040286779403686523,-0.0002796053886413574,23.1046142578125,23.142942428588867,0.7430849075317383,0.7434877753257751,0.3334965109825134,0.3337761163711548,49.98824691772461,0,15404535,0,0,263202,139,1,0
tt107k,Train,31,selected_coord18_conic21_opacity8_rgb10,21,full_pd_guard,0.21759796142578125,-0.00026351213455200195,-9.822845458984375e-05,26.536479949951172,26.31888198852539,0.8518120646476746,0.8520755767822266,0.24935342371463776,0.2494516521692276,37.95738220214844,0,16723278,0,0,223000,129,0,0
tt107k,Train,32,selected_coord18_conic21_opacity8_rgb10,21,full_pd_guard,-0.10674667358398438,-0.000858008861541748,-0.00022071599960327148,23.28887939453125,23.395626068115234,0.7979275584220886,0.7987855672836304,0.29809242486953735,0.2983131408691406,44.89818572998047,0,17708091,0,0,320959,100,1,0
tt107k,Train,33,selected_coord18_conic21_opacity8_rgb10,21,full_pd_guard,-0.8864984512329102,-0.00904935598373413,-0.0004519820213317871,14.188178062438965,15.074676513671875,0.5014339089393616,0.5104832649230957,0.47586745023727417,0.47631943225860596,27.03811264038086,0,17954646,0,0,462374,121,1,0
tt107k,Train,34,selected_coord18_conic21_opacity8_rgb10,21,full_pd_guard,0.04116630554199219,0.00021916627883911133,-0.0008894503116607666,19.192913055419922,19.15174674987793,0.7650261521339417,0.7648069858551025,0.32261279225349426,0.32350224256515503,47.9762077331543,0,17718371,0,0,481602,83,0,0
tt107k,Train,35,selected_coord18_conic21_opacity8_rgb10,21,full_pd_guard,0.016658782958984375,-0.0006441473960876465,-0.0013762116432189941,16.652446746826172,16.635787963867188,0.7502113580703735,0.7508555054664612,0.32975780963897705,0.33113402128219604,50.184104919433594,0,17407621,0,0,284869,80,1,0
tt107k,Train,36,selected_coord18_conic21_opacity8_rgb10,21,full_pd_guard,0.0428009033203125,-0.0006893277168273926,-0.00044420361518859863,22.745162963867188,22.702362060546875,0.7744675874710083,0.7751569151878357,0.2682785391807556,0.2687227427959442,45.145606994628906,0,17011256,0,0,971315,76,2,0
tt107k,Train,37,selected_coord18_conic21_opacity8_rgb10,21,full_pd_guard,0.00730133056640625,-0.00023114681243896484,-0.0009176135063171387,21.477096557617188,21.46979522705078,0.7826828360557556,0.7829139828681946,0.27605193853378296,0.2769695520401001,49.47608947753906,0,17154150,0,0,532997,82,0,0
