scene,scene_display,camera,profile,profile_bits,guard_mode,delta_psnr_vs_standard,delta_ssim_vs_standard,delta_lpips_vs_standard,psnr_gt,standard_psnr_gt,ssim_gt,standard_ssim_gt,lpips_gt,standard_lpips_gt,psnr_standard_ref,final_non_pd,saturations,unexplained_saturations,dangerous_negative_saturations,underflows,guard_eigen_floor_triggered,guard_diagonal_floor_triggered,guard_b_clamp_triggered
bicycle,Bicycle,1,selected_coord18_conic21_opacity8_rgb10,21,full_pd_guard,0.05101203918457031,-0.00044089555740356445,0.00038617849349975586,18.87660789489746,18.82559585571289,0.5195421576499939,0.5199830532073975,0.36459362506866455,0.3642074465751648,45.4400749206543,0,37499059,0,0,1790900,800,18,0
bicycle,Bicycle,2,selected_coord18_conic21_opacity8_rgb10,21,full_pd_guard,0.06536483764648438,0.0003516077995300293,-0.00021278858184814453,19.646472930908203,19.58110809326172,0.5462424755096436,0.5458908677101135,0.4008624255657196,0.40107521414756775,47.900535583496094,0,35764762,0,0,1704802,1206,35,0
bicycle,Bicycle,3,selected_coord18_conic21_opacity8_rgb10,21,full_pd_guard,-0.001789093017578125,-0.0002816915512084961,-0.00035250186920166016,20.828075408935547,20.829864501953125,0.6356781721115112,0.6359598636627197,0.3425101637840271,0.34286266565322876,49.71226501464844,0,36482957,0,0,1779021,956,23,0
bicycle,Bicycle,4,selected_coord18_conic21_opacity8_rgb10,21,full_pd_guard,-0.004245758056640625,-0.0003688335418701172,-0.00031882524490356445,21.668285369873047,21.672531127929688,0.6567327380180359,0.657101571559906,0.35081762075424194,0.3511364459991455,50.440040588378906,0,32584641,0,0,1337310,1009,35,0
bicycle,Bicycle,5,selected_coord18_conic21_opacity8_rgb10,21,full_pd_guard,-0.002353668212890625,-0.00019806623458862305,-9.697675704956055e-05,22.461788177490234,22.464141845703125,0.6751114130020142,0.6753094792366028,0.34487029910087585,0.3449672758579254,50.84116744995117,0,31029007,0,0,1500389,884,12,0
bicycle,Bicycle,6,selected_coord18_conic21_opacity8_rgb10,21,full_pd_guard,-0.02256011962890625,-0.0007374286651611328,-3.209710121154785e-05,24.68294334411621,24.705503463745117,0.7329124212265015,0.7336498498916626,0.2872064411640167,0.28723853826522827,49.80865478515625,0,34913317,0,0,1830580,964,28,0
bicycle,Bicycle,7,selected_coord18_conic21_opacity8_rgb10,21,full_pd_guard,-0.00754547119140625,-0.00030034780502319336,-7.131695747375488e-05,25.04681968688965,25.054365158081055,0.7282558679580688,0.728556215763092,0.2904027998447418,0.2904741168022156,48.33038330078125,0,32345835,0,0,1461046,874,47,0
bicycle,Bicycle,8,selected_coord18_conic21_opacity8_rgb10,21,full_pd_guard,-0.021465301513671875,-0.0005046725273132324,-6.73532485961914e-05,24.531856536865234,24.553321838378906,0.6713072061538696,0.6718118786811829,0.3616163730621338,0.36168372631073,49.00548553466797,0,32643237,0,0,1345422,998,23,0
bicycle,Bicycle,9,selected_coord18_conic21_opacity8_rgb10,21,full_pd_guard,-0.021015167236328125,-0.0004762411117553711,-0.00022879242897033691,25.40963363647461,25.430648803710938,0.7307175993919373,0.7311938405036926,0.31434765458106995,0.3145764470100403,50.467586517333984,0,31356521,0,0,1279662,1039,23,0
bicycle,Bicycle,10,selected_coord18_conic21_opacity8_rgb10,21,full_pd_guard,-0.020170211791992188,-0.0004273056983947754,-0.00031119585037231445,24.578039169311523,24.598209381103516,0.7173617482185364,0.7177890539169312,0.3176117539405823,0.3179229497909546,50.62649154663086,0,32774856,0,0,1345108,1160,36,0
bicycle,Bicycle,11,selected_coord18_conic21_opacity8_rgb10,21,full_pd_guard,-0.011508941650390625,-0.0007270574569702148,-0.00028395652770996094,23.76253890991211,23.7740478515625,0.6888352036476135,0.6895622611045837,0.3508753776550293,0.35115933418273926,49.2537841796875,0,30996394,0,0,1231512,865,15,0
bicycle,Bicycle,12,selected_coord18_conic21_opacity8_rgb10,21,full_pd_guard,-0.02507781982421875,-0.0003644227981567383,-0.00027611851692199707,26.059768676757812,26.08484649658203,0.7492867112159729,0.7496511340141296,0.2968865931034088,0.2971627116203308,49.8447265625,0,31172231,0,0,1234393,794,16,0
bicycle,Bicycle,13,selected_coord18_conic21_opacity8_rgb10,21,full_pd_guard,-0.0017910003662109375,-0.0003814101219177246,5.397200584411621e-05,26.662429809570312,26.664220809936523,0.7750046253204346,0.7753860354423523,0.28396984934806824,0.2839158773422241,49.99163818359375,0,30254060,0,0,1423104,995,21,0
bicycle,Bicycle,14,selected_coord18_conic21_opacity8_rgb10,21,full_pd_guard,-0.006011962890625,-0.0004950165748596191,1.0102987289428711e-05,26.416728973388672,26.422740936279297,0.7436202764511108,0.7441152930259705,0.3451559245586395,0.3451458215713501,51.46815490722656,0,31059539,0,0,1140924,909,23,0
bicycle,Bicycle,15,selected_coord18_conic21_opacity8_rgb10,21,full_pd_guard,-0.0056705474853515625,-0.0005350708961486816,-0.00015485286712646484,26.21059799194336,26.21626853942871,0.751776397228241,0.7523114681243896,0.2990192174911499,0.29917407035827637,51.03596115112305,0,32068299,0,0,1500061,1239,40,0
bicycle,Bicycle,16,selected_coord18_conic21_opacity8_rgb10,21,full_pd_guard,-0.023191452026367188,-0.0007871389389038086,-3.644824028015137e-05,25.60057830810547,25.623769760131836,0.7395850419998169,0.7403721809387207,0.35115259885787964,0.3511890470981598,51.2867546081543,0,28390321,0,0,1297400,902,18,0
bicycle,Bicycle,17,selected_coord18_conic21_opacity8_rgb10,21,full_pd_guard,-0.027250289916992188,-0.0004950165748596191,-0.00015500187873840332,25.239967346191406,25.2672176361084,0.7450351119041443,0.7455301284790039,0.29151517152786255,0.29167017340660095,50.052642822265625,0,32773983,0,0,1342531,1105,31,0
bicycle,Bicycle,18,selected_coord18_conic21_opacity8_rgb10,21,full_pd_guard,-0.03272056579589844,-0.0006559491157531738,1.0788440704345703e-05,26.992530822753906,27.025251388549805,0.7874085307121277,0.7880644798278809,0.3128717541694641,0.31286096572875977,50.62748718261719,0,28841050,0,0,1370901,1079,34,0
bicycle,Bicycle,19,selected_coord18_conic21_opacity8_rgb10,21,full_pd_guard,-0.00693511962890625,-0.000559389591217041,-1.6033649444580078e-05,27.10952377319336,27.116458892822266,0.7853617072105408,0.7859210968017578,0.34614312648773193,0.3461591601371765,51.484718322753906,0,28593787,0,0,1084873,835,24,0
bicycle,Bicycle,20,selected_coord18_conic21_opacity8_rgb10,21,full_pd_guard,-0.014705657958984375,-0.0006365180015563965,-8.851289749145508e-06,26.112506866455078,26.127212524414062,0.7566549777984619,0.7572914958000183,0.3150838017463684,0.31509265303611755,51.09076690673828,0,29138471,0,0,1314658,1421,40,0
bicycle,Bicycle,21,selected_coord18_conic21_opacity8_rgb10,21,full_pd_guard,-0.039485931396484375,-0.0006304383277893066,5.3316354751586914e-05,26.95254135131836,26.992027282714844,0.7508299350738525,0.7514603734016418,0.35901346802711487,0.3589601516723633,50.52737045288086,0,25924699,0,0,1046053,1176,29,0
bicycle,Bicycle,22,selected_coord18_conic21_opacity8_rgb10,21,full_pd_guard,-0.029933929443359375,-0.000604093074798584,0.00011712312698364258,27.182907104492188,27.212841033935547,0.7847114205360413,0.7853155136108398,0.3213092088699341,0.32119208574295044,50.72993087768555,0,28737549,0,0,1222485,1141,24,0
bicycle,Bicycle,23,selected_coord18_conic21_opacity8_rgb10,21,full_pd_guard,-0.023908615112304688,-0.0007529854774475098,-0.00018388032913208008,24.160558700561523,24.184467315673828,0.6618385314941406,0.6625915169715881,0.35199230909347534,0.3521761894226074,51.35375213623047,0,28734830,0,0,1158346,1142,23,0
bicycle,Bicycle,24,selected_coord18_conic21_opacity8_rgb10,21,full_pd_guard,-0.0229644775390625,-0.0003917217254638672,1.862645149230957e-05,25.431318283081055,25.454282760620117,0.7389666438102722,0.7393583655357361,0.3328041136264801,0.3327854871749878,51.10813522338867,0,29506290,0,0,1083159,1210,24,0
drjohnson,DrJohnson,1,selected_coord18_conic21_opacity8_rgb10,21,full_pd_guard,-0.030731201171875,0.0003975033760070801,-0.0009803473949432373,29.835233688354492,29.865964889526367,0.7932952642440796,0.7928977608680725,0.3549211323261261,0.35590147972106934,52.03596115112305,0,13169357,0,0,552684,470,7,0
drjohnson,DrJohnson,2,selected_coord18_conic21_opacity8_rgb10,21,full_pd_guard,-0.0064144134521484375,-0.0004222989082336426,-0.0006459057331085205,24.910842895507812,24.91725730895996,0.9039874076843262,0.9044097065925598,0.2802547216415405,0.28090062737464905,55.77508544921875,0,48577399,0,0,819056,120,3,0
drjohnson,DrJohnson,3,selected_coord18_conic21_opacity8_rgb10,21,full_pd_guard,-0.16035079956054688,-0.0001628398895263672,-0.0006776750087738037,28.49660873413086,28.656959533691406,0.9344935417175293,0.9346563816070557,0.25177788734436035,0.25245556235313416,51.30211639404297,0,21798841,0,0,318354,316,4,0
drjohnson,DrJohnson,4,selected_coord18_conic21_opacity8_rgb10,21,full_pd_guard,-0.0001983642578125,-0.0002090930938720703,-0.000629127025604248,29.81209945678711,29.812297821044922,0.919634222984314,0.919843316078186,0.2632032334804535,0.26383236050605774,56.556907653808594,0,23048314,0,0,288362,307,2,0
drjohnson,DrJohnson,5,selected_coord18_conic21_opacity8_rgb10,21,full_pd_guard,-0.0077114105224609375,-0.0006352066993713379,-0.0008138567209243774,23.687589645385742,23.695301055908203,0.9071242809295654,0.9077594876289368,0.23649990558624268,0.23731376230716705,56.648887634277344,0,22367810,0,0,565149,298,10,0
drjohnson,DrJohnson,6,selected_coord18_conic21_opacity8_rgb10,21,full_pd_guard,0.021512985229492188,-0.00026923418045043945,-0.0009118765592575073,28.161794662475586,28.140281677246094,0.9011114239692688,0.9013806581497192,0.24935020506381989,0.2502620816230774,54.314353942871094,0,40690977,0,0,916695,198,6,0
drjohnson,DrJohnson,7,selected_coord18_conic21_opacity8_rgb10,21,full_pd_guard,-0.014474868774414062,-0.00032973289489746094,-0.0009356290102005005,29.79415512084961,29.808629989624023,0.9238073229789734,0.9241370558738708,0.22873513400554657,0.22967076301574707,56.380706787109375,0,29229785,0,0,537178,522,7,0
drjohnson,DrJohnson,8,selected_coord18_conic21_opacity8_rgb10,21,full_pd_guard,-0.06058502197265625,-0.00033718347549438477,-0.0014642030000686646,31.230024337768555,31.29060935974121,0.9490991830825806,0.949436366558075,0.24348682165145874,0.2449510246515274,53.31610107421875,0,30911643,0,0,235380,291,7,0
drjohnson,DrJohnson,9,selected_coord18_conic21_opacity8_rgb10,21,full_pd_guard,-0.030261993408203125,-0.0006554722785949707,-0.00026801228523254395,28.15831756591797,28.188579559326172,0.8052215576171875,0.8058770298957825,0.3255970776081085,0.32586508989334106,55.38051986694336,0,16613011,0,0,677463,437,7,0
drjohnson,DrJohnson,10,selected_coord18_conic21_opacity8_rgb10,21,full_pd_guard,0.0010166168212890625,8.881092071533203e-05,-0.0003846585750579834,30.24788475036621,30.246868133544922,0.8717182874679565,0.8716294765472412,0.2790340781211853,0.2794187366962433,56.931861877441406,0,26137126,0,0,577241,229,6,0
drjohnson,DrJohnson,11,selected_coord18_conic21_opacity8_rgb10,21,full_pd_guard,-0.001102447509765625,-0.0002575516700744629,-0.0003127753734588623,25.794963836669922,25.796066284179688,0.9133879542350769,0.9136455059051514,0.307563841342926,0.3078766167163849,56.743568420410156,0,21610800,0,0,232268,193,5,0
drjohnson,DrJohnson,12,selected_coord18_conic21_opacity8_rgb10,21,full_pd_guard,-0.01842498779296875,-0.00018703937530517578,-0.0006263256072998047,29.3566951751709,29.375120162963867,0.8934101462364197,0.8935971856117249,0.27723968029022217,0.277866005897522,57.2269401550293,0,30956090,0,0,548328,341,3,0
drjohnson,DrJohnson,13,selected_coord18_conic21_opacity8_rgb10,21,full_pd_guard,-0.015207290649414062,-0.00023555755615234375,-0.0010381340980529785,30.842679977416992,30.857887268066406,0.9354197382926941,0.9356552958488464,0.27654632925987244,0.2775844633579254,57.507293701171875,0,21815726,0,0,239708,192,4,0
drjohnson,DrJohnson,14,selected_coord18_conic21_opacity8_rgb10,21,full_pd_guard,-0.057689666748046875,-0.0004444122314453125,-0.0006269216537475586,28.616031646728516,28.673721313476562,0.9286412000656128,0.9290856122970581,0.22451215982437134,0.2251390814781189,52.1922607421875,0,36507539,0,0,595603,262,4,0
drjohnson,DrJohnson,15,selected_coord18_conic21_opacity8_rgb10,21,full_pd_guard,-0.01731109619140625,-0.0002753138542175293,-0.0009441077709197998,33.19853973388672,33.215850830078125,0.9370348453521729,0.9373101592063904,0.23487991094589233,0.23582401871681213,58.00802230834961,0,18401807,0,0,353950,291,5,0
drjohnson,DrJohnson,16,selected_coord18_conic21_opacity8_rgb10,21,full_pd_guard,-0.012929916381835938,-0.00019240379333496094,-0.0011064112186431885,31.078323364257812,31.09125328063965,0.9291512966156006,0.9293437004089355,0.2739533483982086,0.2750597596168518,57.5316162109375,0,17022144,0,0,198778,399,2,0
drjohnson,DrJohnson,17,selected_coord18_conic21_opacity8_rgb10,21,full_pd_guard,0.01158905029296875,0.0012449026107788086,-0.0004906952381134033,30.651287078857422,30.639698028564453,0.9017578363418579,0.9005129337310791,0.2727936804294586,0.273284375667572,52.770286560058594,0,21482854,0,0,542736,348,7,0
drjohnson,DrJohnson,18,selected_coord18_conic21_opacity8_rgb10,21,full_pd_guard,-0.08991432189941406,-0.0003179311752319336,-0.0009954571723937988,30.484716415405273,30.574630737304688,0.9253105521202087,0.9256284832954407,0.27737975120544434,0.27837520837783813,51.49413299560547,0,23327165,0,0,276891,116,2,0
drjohnson,DrJohnson,19,selected_coord18_conic21_opacity8_rgb10,21,full_pd_guard,0.0191497802734375,-0.00023549795150756836,-0.0006671249866485596,31.891361236572266,31.872211456298828,0.937246561050415,0.9374820590019226,0.2075783610343933,0.20824548602104187,56.813777923583984,0,35349394,0,0,703627,160,0,0
drjohnson,DrJohnson,20,selected_coord18_conic21_opacity8_rgb10,21,full_pd_guard,-0.009607315063476562,-0.0001800060272216797,-0.0009775757789611816,30.727453231811523,30.737060546875,0.8956249952316284,0.8958050012588501,0.2905896306037903,0.29156720638275146,57.239341735839844,0,28829184,0,0,358287,272,5,0
drjohnson,DrJohnson,21,selected_coord18_conic21_opacity8_rgb10,21,full_pd_guard,-0.0045166015625,-0.0002085566520690918,-0.0004398226737976074,28.280155181884766,28.284671783447266,0.8838462829589844,0.8840548396110535,0.2822760343551636,0.2827158570289612,54.698787689208984,0,19377856,0,0,513419,321,5,0
drjohnson,DrJohnson,22,selected_coord18_conic21_opacity8_rgb10,21,full_pd_guard,0.0080108642578125,-0.0002503395080566406,-0.0007686018943786621,23.02419662475586,23.016185760498047,0.8413577675819397,0.8416081070899963,0.311684787273407,0.31245338916778564,55.71440124511719,0,15985337,0,0,294952,171,5,0
drjohnson,DrJohnson,23,selected_coord18_conic21_opacity8_rgb10,21,full_pd_guard,-0.0049724578857421875,-0.00017118453979492188,-0.0010401606559753418,30.44783592224121,30.452808380126953,0.919000506401062,0.9191716909408569,0.250569224357605,0.2516093850135803,54.93603515625,0,18771800,0,0,340771,174,3,0
drjohnson,DrJohnson,24,selected_coord18_conic21_opacity8_rgb10,21,full_pd_guard,0.058197021484375,0.001374363899230957,-0.0014687776565551758,34.367340087890625,34.30914306640625,0.926369845867157,0.924995481967926,0.2582690715789795,0.25973784923553467,55.477535247802734,0,22258683,0,0,271831,265,4,0
drjohnson,DrJohnson,25,selected_coord18_conic21_opacity8_rgb10,21,full_pd_guard,-0.03231239318847656,-0.0013799667358398438,-0.00020959973335266113,25.887340545654297,25.919652938842773,0.8957628607749939,0.8971428275108337,0.2973301112651825,0.29753971099853516,51.15800094604492,0,19453859,0,0,358236,192,9,0
drjohnson,DrJohnson,26,selected_coord18_conic21_opacity8_rgb10,21,full_pd_guard,-0.08908653259277344,0.0001825094223022461,-0.0006499886512756348,31.902053833007812,31.991140365600586,0.9065693616867065,0.9063868522644043,0.29410240054130554,0.2947523891925812,54.34461212158203,0,17187948,0,0,312150,216,5,0
drjohnson,DrJohnson,27,selected_coord18_conic21_opacity8_rgb10,21,full_pd_guard,0.15119361877441406,0.0005633831024169922,-0.0021350085735321045,31.078153610229492,30.926959991455078,0.9113020896911621,0.9107387065887451,0.30453264713287354,0.30666765570640564,49.274654388427734,0,20039284,0,0,236841,303,9,0
drjohnson,DrJohnson,28,selected_coord18_conic21_opacity8_rgb10,21,full_pd_guard,-0.015863418579101562,-0.0004235506057739258,-0.00026729702949523926,31.055706024169922,31.071569442749023,0.8900436758995056,0.8904672265052795,0.30824515223503113,0.30851244926452637,54.808860778808594,0,28450109,0,0,948418,172,5,0
drjohnson,DrJohnson,29,selected_coord18_conic21_opacity8_rgb10,21,full_pd_guard,0.03517913818359375,-0.0003560185432434082,-0.0010021030902862549,26.196372985839844,26.16119384765625,0.8870527744293213,0.8874087929725647,0.22997108101844788,0.23097318410873413,53.94794845581055,0,32926958,0,0,741951,107,2,0
drjohnson,DrJohnson,30,selected_coord18_conic21_opacity8_rgb10,21,full_pd_guard,-0.01596832275390625,-0.0005393624305725098,-0.0004725456237792969,25.516605377197266,25.532573699951172,0.8926287293434143,0.8931680917739868,0.27376794815063477,0.27424049377441406,56.1804313659668,0,28296049,0,0,578324,121,0,0
drjohnson,DrJohnson,31,selected_coord18_conic21_opacity8_rgb10,21,full_pd_guard,-0.005275726318359375,-0.00030481815338134766,-0.00011749565601348877,28.693740844726562,28.699016571044922,0.8604303002357483,0.8607351183891296,0.22120776772499084,0.22132526338100433,56.14292526245117,0,17411329,0,0,682748,401,12,0
drjohnson,DrJohnson,32,selected_coord18_conic21_opacity8_rgb10,21,full_pd_guard,-0.01800537109375,0.0002561807632446289,-0.00034436583518981934,23.504451751708984,23.522457122802734,0.8225887417793274,0.8223325610160828,0.29786577820777893,0.29821014404296875,48.801963806152344,0,22427334,0,0,847272,429,10,0
garden,Garden,1,selected_coord18_conic21_opacity8_rgb10,21,full_pd_guard,-0.010143280029296875,-0.0005547404289245605,-4.048645496368408e-05,22.718029022216797,22.728172302246094,0.7218314409255981,0.7223861813545227,0.24899370968341827,0.24903419613838196,49.77482604980469,0,37467117,0,0,1707800,434,9,0
garden,Garden,2,selected_coord18_conic21_opacity8_rgb10,21,full_pd_guard,-0.028303146362304688,-0.000582277774810791,-0.00014865398406982422,26.846723556518555,26.87502670288086,0.7962157130241394,0.7967979907989502,0.22182443737983704,0.22197309136390686,49.678306579589844,0,36519935,0,0,1750205,445,6,0
garden,Garden,3,selected_coord18_conic21_opacity8_rgb10,21,full_pd_guard,-0.0299072265625,-0.0003781318664550781,2.5525689125061035e-05,23.803741455078125,23.833648681640625,0.7354049682617188,0.7357831001281738,0.24569226801395416,0.2456667423248291,48.59571075439453,0,36363515,0,0,1452684,434,12,0
garden,Garden,4,selected_coord18_conic21_opacity8_rgb10,21,full_pd_guard,-0.011720657348632812,-0.0007109642028808594,-2.238154411315918e-05,19.681852340698242,19.693572998046875,0.7299098968505859,0.7306208610534668,0.2630453407764435,0.26306772232055664,49.17424774169922,0,32219911,0,0,1805147,368,10,0
garden,Garden,5,selected_coord18_conic21_opacity8_rgb10,21,full_pd_guard,-0.023662567138671875,-0.0007022619247436523,0.00015120208263397217,25.704715728759766,25.728378295898438,0.8077202439308167,0.8084225058555603,0.21821469068527222,0.21806348860263824,50.8852653503418,0,37144958,0,0,1599435,404,17,0
garden,Garden,6,selected_coord18_conic21_opacity8_rgb10,21,full_pd_guard,-0.03764915466308594,-0.0006849765777587891,0.00013765692710876465,28.07819175720215,28.115840911865234,0.8517496585845947,0.8524346351623535,0.21012648940086365,0.20998883247375488,50.900264739990234,0,36232520,0,0,1364269,559,13,0
garden,Garden,7,selected_coord18_conic21_opacity8_rgb10,21,full_pd_guard,-0.041728973388671875,-0.000802159309387207,1.3262033462524414e-05,27.430068969726562,27.471797943115234,0.8492071032524109,0.8500092625617981,0.21882376074790955,0.21881049871444702,50.43668746948242,0,34503507,0,0,1424284,546,17,0
garden,Garden,8,selected_coord18_conic21_opacity8_rgb10,21,full_pd_guard,-0.0260772705078125,-0.0005818605422973633,-0.00015757977962493896,25.750713348388672,25.776790618896484,0.8076426982879639,0.8082245588302612,0.22477936744689941,0.22493694722652435,49.856224060058594,0,36095393,0,0,1459804,588,14,0
garden,Garden,9,selected_coord18_conic21_opacity8_rgb10,21,full_pd_guard,0.039154052734375,-0.0004566311836242676,-0.0005360245704650879,26.28844451904297,26.249290466308594,0.8130466938018799,0.8135033249855042,0.2108328938484192,0.21136891841888428,46.501739501953125,0,34312109,0,0,1579045,421,9,0
garden,Garden,10,selected_coord18_conic21_opacity8_rgb10,21,full_pd_guard,-0.014810562133789062,-0.0006515979766845703,-0.00013847649097442627,26.220205307006836,26.235015869140625,0.8323089480400085,0.8329605460166931,0.21973229944705963,0.21987077593803406,50.84386444091797,0,34411417,0,0,1392080,420,7,0
garden,Garden,11,selected_coord18_conic21_opacity8_rgb10,21,full_pd_guard,-0.019443511962890625,-0.0005317926406860352,-9.354948997497559e-05,27.310466766357422,27.329910278320312,0.8312885165214539,0.8318203091621399,0.2306595742702484,0.2307531237602234,50.41961669921875,0,34353393,0,0,1560966,552,13,0
garden,Garden,12,selected_coord18_conic21_opacity8_rgb10,21,full_pd_guard,-0.018178939819335938,-0.0006039142608642578,-0.00010381639003753662,26.197057723999023,26.21523666381836,0.7994208335876465,0.8000247478485107,0.235791876912117,0.23589569330215454,50.3866081237793,0,34952738,0,0,1362961,393,6,0
garden,Garden,13,selected_coord18_conic21_opacity8_rgb10,21,full_pd_guard,-0.027130126953125,-0.0007698535919189453,0.00020101666450500488,28.38556480407715,28.412694931030273,0.8379768133163452,0.8387466669082642,0.2073993980884552,0.2071983814239502,51.00111389160156,0,33963094,0,0,1601622,498,13,0
garden,Garden,14,selected_coord18_conic21_opacity8_rgb10,21,full_pd_guard,-0.0151824951171875,-0.000666499137878418,-4.693865776062012e-05,28.790756225585938,28.805938720703125,0.8448123931884766,0.845478892326355,0.21579095721244812,0.21583789587020874,50.489601135253906,0,32813664,0,0,1431531,635,11,0
garden,Garden,15,selected_coord18_conic21_opacity8_rgb10,21,full_pd_guard,-0.020053863525390625,-0.0005483627319335938,-0.00017304718494415283,24.805370330810547,24.825424194335938,0.7629565000534058,0.7635048627853394,0.23909196257591248,0.23926500976085663,49.82468795776367,0,33753915,0,0,1447011,536,12,0
garden,Garden,16,selected_coord18_conic21_opacity8_rgb10,21,full_pd_guard,-0.024499893188476562,-0.0006545186042785645,1.9341707229614258e-05,26.77730941772461,26.801809310913086,0.7921596765518188,0.7928141951560974,0.23632632195949554,0.23630698025226593,50.54346466064453,0,32194590,0,0,1560214,402,12,0
garden,Garden,17,selected_coord18_conic21_opacity8_rgb10,21,full_pd_guard,-0.027223587036132812,-0.0006994009017944336,-8.986890316009521e-05,29.07938003540039,29.106603622436523,0.8524316549301147,0.8531310558319092,0.21567830443382263,0.21576817333698273,50.4757080078125,0,33291166,0,0,1308998,495,10,0
garden,Garden,18,selected_coord18_conic21_opacity8_rgb10,21,full_pd_guard,0.2618083953857422,-0.0002785325050354004,-0.0003270357847213745,26.461339950561523,26.19953155517578,0.8295979499816895,0.8298764824867249,0.2465873509645462,0.24691438674926758,47.041961669921875,0,33877754,0,0,1229557,480,11,0
garden,Garden,19,selected_coord18_conic21_opacity8_rgb10,21,full_pd_guard,0.017335891723632812,-0.0006446242332458496,-0.00028783082962036133,27.30580711364746,27.288471221923828,0.8393435478210449,0.8399881720542908,0.2523070275783539,0.25259485840797424,48.57442855834961,0,35573177,0,0,1292156,661,14,0
garden,Garden,20,selected_coord18_conic21_opacity8_rgb10,21,full_pd_guard,0.09592819213867188,-0.0007483959197998047,0.0002821236848831177,28.136611938476562,28.04068374633789,0.8407333493232727,0.8414817452430725,0.2121599316596985,0.21187780797481537,47.62718200683594,0,31316753,0,0,1615020,445,16,0
garden,Garden,21,selected_coord18_conic21_opacity8_rgb10,21,full_pd_guard,-0.019586563110351562,-0.0006844997406005859,-2.6911497116088867e-05,25.253210067749023,25.272796630859375,0.7756736874580383,0.7763581871986389,0.23930485546588898,0.23933176696300507,50.75652313232422,0,30642816,0,0,1523704,419,8,0
garden,Garden,22,selected_coord18_conic21_opacity8_rgb10,21,full_pd_guard,0.07333755493164062,-0.0005703568458557129,-0.0003515779972076416,26.50616455078125,26.43282699584961,0.80743408203125,0.8080044388771057,0.23634403944015503,0.23669561743736267,44.298797607421875,0,31505265,0,0,1409330,504,11,0
garden,Garden,23,selected_coord18_conic21_opacity8_rgb10,21,full_pd_guard,-0.0615692138671875,-0.0012409090995788574,0.00016731023788452148,28.044368743896484,28.105937957763672,0.854011058807373,0.8552519679069519,0.20806477963924408,0.20789746940135956,49.28237533569336,0,30005840,0,0,1775277,369,11,0
hotdog,Hotdog,1,selected_coord18_conic21_opacity8_rgb10,21,full_pd_guard,-0.021396636962890625,-0.0001348257064819336,3.931671380996704e-05,35.75514221191406,35.77653884887695,0.9717987775802612,0.9719336032867432,0.04638681560754776,0.04634749889373779,58.70751190185547,0,4427143,0,0,142418,0,0,0
hotdog,Hotdog,2,selected_coord18_conic21_opacity8_rgb10,21,full_pd_guard,-0.02059173583984375,-0.00012916326522827148,3.4186989068984985e-05,35.69347381591797,35.71406555175781,0.9719545841217041,0.9720837473869324,0.046662505716085434,0.04662831872701645,58.755577087402344,0,4393999,0,0,132029,0,0,0
hotdog,Hotdog,3,selected_coord18_conic21_opacity8_rgb10,21,full_pd_guard,-0.00640869140625,-9.506940841674805e-05,9.03010368347168e-06,35.78498077392578,35.79138946533203,0.9723787903785706,0.9724738597869873,0.045578934252262115,0.045569904148578644,58.62467956542969,0,4362084,0,0,126178,0,0,0
hotdog,Hotdog,4,selected_coord18_conic21_opacity8_rgb10,21,full_pd_guard,-0.015529632568359375,-9.059906005859375e-05,-0.000133611261844635,35.7264289855957,35.74195861816406,0.9725835919380188,0.9726741909980774,0.04554630070924759,0.045679911971092224,58.64835739135742,0,4332988,0,0,139844,0,0,0
hotdog,Hotdog,5,selected_coord18_conic21_opacity8_rgb10,21,full_pd_guard,-0.010799407958984375,-8.088350296020508e-05,-1.96211040019989e-05,35.7877311706543,35.79853057861328,0.9730420708656311,0.9731229543685913,0.04503939300775528,0.04505901411175728,58.5590934753418,0,4310320,0,0,141308,0,0,0
hotdog,Hotdog,6,selected_coord18_conic21_opacity8_rgb10,21,full_pd_guard,-0.0275421142578125,-0.00012481212615966797,-1.8864870071411133e-05,35.940635681152344,35.968177795410156,0.9739909172058105,0.9741157293319702,0.04482101649045944,0.04483988136053085,58.416500091552734,0,4293035,0,0,139236,0,0,0
hotdog,Hotdog,7,selected_coord18_conic21_opacity8_rgb10,21,full_pd_guard,-0.0151214599609375,-8.493661880493164e-05,1.4960765838623047e-05,36.12687301635742,36.14199447631836,0.9745903611183167,0.9746752977371216,0.04523874819278717,0.04522378742694855,58.826595306396484,0,4286312,0,0,154175,0,0,0
hotdog,Hotdog,8,selected_coord18_conic21_opacity8_rgb10,21,full_pd_guard,-0.012226104736328125,-9.85860824584961e-05,5.20460307598114e-05,36.24378204345703,36.25600814819336,0.9748019576072693,0.9749005436897278,0.04704553261399269,0.04699348658323288,58.60887145996094,0,4279958,0,0,158328,0,0,0
hotdog,Hotdog,9,selected_coord18_conic21_opacity8_rgb10,21,full_pd_guard,-0.012813568115234375,-0.00010347366333007812,-9.052455425262451e-07,36.23103332519531,36.24384689331055,0.9747660160064697,0.9748694896697998,0.04761826992034912,0.04761917516589165,58.501678466796875,0,4278404,0,0,142395,0,0,0
hotdog,Hotdog,10,selected_coord18_conic21_opacity8_rgb10,21,full_pd_guard,-0.01787567138671875,-0.00011229515075683594,4.3507665395736694e-05,36.01271438598633,36.03059005737305,0.9741696715354919,0.9742819666862488,0.04878806322813034,0.048744555562734604,58.58415985107422,0,4283286,0,0,185720,0,0,0
hotdog,Hotdog,11,selected_coord18_conic21_opacity8_rgb10,21,full_pd_guard,-0.02321624755859375,-0.00013583898544311523,7.469207048416138e-05,35.983245849609375,36.00646209716797,0.973897397518158,0.9740332365036011,0.05011304095387459,0.05003834888339043,58.532203674316406,0,4285847,0,0,171900,0,0,0
hotdog,Hotdog,12,selected_coord18_conic21_opacity8_rgb10,21,full_pd_guard,-0.0229644775390625,-0.00011134147644042969,0.000134151428937912,35.83891677856445,35.861881256103516,0.9735679626464844,0.9736793041229248,0.051367685198783875,0.05123353376984596,58.27775573730469,0,4294319,0,0,227185,0,0,0
hotdog,Hotdog,13,selected_coord18_conic21_opacity8_rgb10,21,full_pd_guard,-0.0288238525390625,-0.00012534856796264648,-1.3530254364013672e-05,35.59950256347656,35.628326416015625,0.9729134440422058,0.9730387926101685,0.05133422091603279,0.051347751170396805,58.619659423828125,0,4307541,0,0,172033,0,0,0
hotdog,Hotdog,14,selected_coord18_conic21_opacity8_rgb10,21,full_pd_guard,-0.0178680419921875,-8.487701416015625e-05,-9.4585120677948e-05,35.374000549316406,35.391868591308594,0.9724501371383667,0.9725350141525269,0.05135886371135712,0.051453448832035065,58.695003509521484,0,4326193,0,0,177208,0,0,0
hotdog,Hotdog,15,selected_coord18_conic21_opacity8_rgb10,21,full_pd_guard,-0.01898956298828125,-9.995698928833008e-05,4.5340508222579956e-05,35.347023010253906,35.36601257324219,0.9722548723220825,0.9723548293113708,0.05332915112376213,0.05328381061553955,58.77705383300781,0,4349887,0,0,167960,0,0,0
hotdog,Hotdog,16,selected_coord18_conic21_opacity8_rgb10,21,full_pd_guard,-0.02118682861328125,-9.85860824584961e-05,8.13901424407959e-05,35.19258117675781,35.213768005371094,0.971840500831604,0.9719390869140625,0.05450723320245743,0.05442584306001663,58.83808898925781,0,4380995,0,0,125027,0,0,0
hotdog,Hotdog,17,selected_coord18_conic21_opacity8_rgb10,21,full_pd_guard,-0.004436492919921875,-6.330013275146484e-05,-0.00010779500007629395,35.2268180847168,35.23125457763672,0.971872091293335,0.9719353914260864,0.05562017485499382,0.055727969855070114,58.525108337402344,0,4417729,0,0,135066,0,0,0
hotdog,Hotdog,18,selected_coord18_conic21_opacity8_rgb10,21,full_pd_guard,-0.00579833984375,-8.106231689453125e-05,-8.437782526016235e-06,35.14658737182617,35.15238571166992,0.9719813466072083,0.9720624089241028,0.05611811578273773,0.05612655356526375,58.725215911865234,0,4465847,0,0,172313,0,0,0
hotdog,Hotdog,19,selected_coord18_conic21_opacity8_rgb10,21,full_pd_guard,-0.0080108642578125,-8.475780487060547e-05,-2.9496848583221436e-05,35.246612548828125,35.25462341308594,0.9726411700248718,0.9727259278297424,0.05647517740726471,0.05650467425584793,58.75681686401367,0,4516659,0,0,166443,0,0,0
hotdog,Hotdog,20,selected_coord18_conic21_opacity8_rgb10,21,full_pd_guard,-0.0203704833984375,-9.310245513916016e-05,-3.460049629211426e-05,35.40559387207031,35.42596435546875,0.9731523394584656,0.9732454419136047,0.05583459883928299,0.055869199335575104,58.840850830078125,0,4565668,0,0,170419,0,0,0
hotdog,Hotdog,21,selected_coord18_conic21_opacity8_rgb10,21,full_pd_guard,-0.023105621337890625,-9.745359420776367e-05,-7.664784789085388e-05,35.73715591430664,35.76026153564453,0.9742788672447205,0.9743763208389282,0.055601511150598526,0.05567815899848938,58.734291076660156,0,4620524,0,0,119343,0,0,0
hotdog,Hotdog,22,selected_coord18_conic21_opacity8_rgb10,21,full_pd_guard,-0.0189208984375,-0.00010454654693603516,-6.917864084243774e-06,36.05500030517578,36.07392120361328,0.9750896096229553,0.9751941561698914,0.05413499474525452,0.05414191260933876,58.89929962158203,0,4674626,0,0,181379,0,0,0
hotdog,Hotdog,23,selected_coord18_conic21_opacity8_rgb10,21,full_pd_guard,-0.021862030029296875,-8.553266525268555e-05,-0.00010025873780250549,36.35623550415039,36.37809753417969,0.9761536717414856,0.9762392044067383,0.052297305315732956,0.05239756405353546,59.083919525146484,0,4729255,0,0,160338,0,0,0
hotdog,Hotdog,24,selected_coord18_conic21_opacity8_rgb10,21,full_pd_guard,-0.02079010009765625,-9.375810623168945e-05,-4.244595766067505e-05,36.731773376464844,36.7525634765625,0.9767345786094666,0.9768283367156982,0.05142349749803543,0.051465943455696106,59.00267791748047,0,4773391,0,0,179727,0,0,0
hotdog,Hotdog,25,selected_coord18_conic21_opacity8_rgb10,21,full_pd_guard,-0.009281158447265625,-9.620189666748047e-05,-8.873641490936279e-05,37.169918060302734,37.17919921875,0.9773434996604919,0.9774397015571594,0.051724985241889954,0.051813721656799316,59.00735092163086,0,4807788,0,0,155728,0,0,0
hotdog,Hotdog,26,selected_coord18_conic21_opacity8_rgb10,21,full_pd_guard,-0.0122833251953125,-7.635354995727539e-05,-9.779632091522217e-05,37.30957794189453,37.321861267089844,0.9777387976646423,0.9778151512145996,0.05043311044573784,0.05053090676665306,59.27825927734375,0,4815370,0,0,120523,0,0,0
hotdog,Hotdog,27,selected_coord18_conic21_opacity8_rgb10,21,full_pd_guard,-0.0226593017578125,-0.00010454654693603516,-7.848069071769714e-05,37.54204559326172,37.56470489501953,0.9782663583755493,0.9783709049224854,0.04989231377840042,0.04997079446911812,59.3188591003418,0,4814409,0,0,155132,0,0,0
hotdog,Hotdog,28,selected_coord18_conic21_opacity8_rgb10,21,full_pd_guard,-0.023006439208984375,-0.0001055598258972168,-5.7291239500045776e-05,37.63668441772461,37.659690856933594,0.978147566318512,0.9782531261444092,0.04964612424373627,0.04970341548323631,59.444969177246094,0,4800331,0,0,128979,0,0,0
hotdog,Hotdog,29,selected_coord18_conic21_opacity8_rgb10,21,full_pd_guard,-0.01985931396484375,-8.094310760498047e-05,-1.3742595911026001e-05,37.72802734375,37.747886657714844,0.9782446026802063,0.9783255457878113,0.050406161695718765,0.05041990429162979,59.411067962646484,0,4785932,0,0,134442,0,0,0
hotdog,Hotdog,30,selected_coord18_conic21_opacity8_rgb10,21,full_pd_guard,-0.01639556884765625,-8.982419967651367e-05,2.1655112504959106e-05,37.93271255493164,37.9491081237793,0.9785944819450378,0.9786843061447144,0.05013608932495117,0.05011443421244621,59.27500534057617,0,4769137,0,0,152252,0,0,0
hotdog,Hotdog,31,selected_coord18_conic21_opacity8_rgb10,21,full_pd_guard,-0.020751953125,-8.0108642578125e-05,-9.761005640029907e-05,37.98649597167969,38.00724792480469,0.9787763953208923,0.9788565039634705,0.049114543944597244,0.04921215400099754,59.424476623535156,0,4742124,0,0,149681,0,0,0
hotdog,Hotdog,32,selected_coord18_conic21_opacity8_rgb10,21,full_pd_guard,-0.026363372802734375,-8.994340896606445e-05,-7.34962522983551e-05,38.0433349609375,38.069698333740234,0.9787228107452393,0.9788127541542053,0.04794027656316757,0.04801377281546593,59.46711730957031,0,4713201,0,0,144158,0,0,0
hotdog,Hotdog,33,selected_coord18_conic21_opacity8_rgb10,21,full_pd_guard,-0.02957916259765625,-8.302927017211914e-05,-0.00012190267443656921,37.98392105102539,38.01350021362305,0.97866290807724,0.9787459373474121,0.046714894473552704,0.04683679714798927,59.5717887878418,0,4677610,0,0,133405,0,0,0
hotdog,Hotdog,34,selected_coord18_conic21_opacity8_rgb10,21,full_pd_guard,-0.02001953125,-7.855892181396484e-05,-7.348880171775818e-05,37.833396911621094,37.853416442871094,0.9782925844192505,0.9783711433410645,0.04680471494793892,0.04687820374965668,59.67020797729492,0,4637071,0,0,135805,0,0,0
hotdog,Hotdog,35,selected_coord18_conic21_opacity8_rgb10,21,full_pd_guard,-0.033809661865234375,-9.709596633911133e-05,-0.00015023723244667053,37.63331604003906,37.6671257019043,0.9781411290168762,0.9782382249832153,0.04550066962838173,0.0456509068608284,59.6563720703125,0,4599485,0,0,117778,0,0,0
hotdog,Hotdog,36,selected_coord18_conic21_opacity8_rgb10,21,full_pd_guard,-0.016544342041015625,-9.953975677490234e-05,-8.631497621536255e-05,37.45608139038086,37.472625732421875,0.9777316451072693,0.9778311848640442,0.04504838585853577,0.04513470083475113,59.7242431640625,0,4559009,0,0,127103,0,0,0
hotdog,Hotdog,37,selected_coord18_conic21_opacity8_rgb10,21,full_pd_guard,-0.013668060302734375,-8.171796798706055e-05,-2.2854655981063843e-05,37.37648391723633,37.39015197753906,0.9774795770645142,0.9775612950325012,0.044988296926021576,0.04501115158200264,59.69887924194336,0,4520472,0,0,136611,0,0,0
hotdog,Hotdog,38,selected_coord18_conic21_opacity8_rgb10,21,full_pd_guard,-0.01068878173828125,-6.568431854248047e-05,-7.802620530128479e-05,37.34016418457031,37.350852966308594,0.9774335622787476,0.97749924659729,0.04495909437537193,0.04503712058067322,59.52415466308594,0,4482203,0,0,183798,0,0,0
hotdog,Hotdog,39,selected_coord18_conic21_opacity8_rgb10,21,full_pd_guard,-0.014575958251953125,-8.368492126464844e-05,-0.00017956644296646118,37.321876525878906,37.33645248413086,0.9773169159889221,0.9774006009101868,0.04355382174253464,0.0437333881855011,59.63705062866211,0,4444176,0,0,125957,0,0,0
hotdog,Hotdog,40,selected_coord18_conic21_opacity8_rgb10,21,full_pd_guard,-0.020664215087890625,-0.00010192394256591797,-0.00019565224647521973,37.20759201049805,37.22825622558594,0.9770419001579285,0.9771438241004944,0.0437437929213047,0.04393944516777992,59.622398376464844,0,4415635,0,0,149145,0,0,0
hotdog,Hotdog,41,selected_coord18_conic21_opacity8_rgb10,21,full_pd_guard,-0.006195068359375,-7.355213165283203e-05,-0.00025501474738121033,37.06695556640625,37.073150634765625,0.9768027663230896,0.9768763184547424,0.04369695857167244,0.04395197331905365,59.49808883666992,0,4383705,0,0,161518,0,0,0
hotdog,Hotdog,42,selected_coord18_conic21_opacity8_rgb10,21,full_pd_guard,-0.0206146240234375,-7.212162017822266e-05,-0.0002454407513141632,37.030460357666016,37.05107498168945,0.9768388271331787,0.9769109487533569,0.04271432384848595,0.04295976459980011,59.413326263427734,0,4355046,0,0,103831,0,0,0
hotdog,Hotdog,43,selected_coord18_conic21_opacity8_rgb10,21,full_pd_guard,-0.016452789306640625,-8.320808410644531e-05,-0.0001722276210784912,36.970054626464844,36.986507415771484,0.9766596555709839,0.9767428636550903,0.042106665670871735,0.042278893291950226,59.78968811035156,0,4326252,0,0,130647,0,0,0
hotdog,Hotdog,44,selected_coord18_conic21_opacity8_rgb10,21,full_pd_guard,-0.0133819580078125,-6.902217864990234e-05,-0.00016036257147789001,36.96966552734375,36.98304748535156,0.9767040610313416,0.9767730832099915,0.041845452040433884,0.042005814611911774,59.60752487182617,0,4299627,0,0,119100,0,0,0
hotdog,Hotdog,45,selected_coord18_conic21_opacity8_rgb10,21,full_pd_guard,-0.0263214111328125,-8.594989776611328e-05,-0.00017556548118591309,36.906044006347656,36.93236541748047,0.9764543175697327,0.9765402674674988,0.04144245758652687,0.041618023067712784,59.494537353515625,0,4278889,0,0,122649,0,0,0
hotdog,Hotdog,46,selected_coord18_conic21_opacity8_rgb10,21,full_pd_guard,-0.008586883544921875,-6.651878356933594e-05,-0.00016812607645988464,36.69353103637695,36.702117919921875,0.9761162996292114,0.9761828184127808,0.04069574177265167,0.04086386784911156,59.2971305847168,0,4261665,0,0,99740,0,0,0
hotdog,Hotdog,47,selected_coord18_conic21_opacity8_rgb10,21,full_pd_guard,-0.01865386962890625,-5.906820297241211e-05,-0.00026638805866241455,36.637428283691406,36.65608215332031,0.9760196805000305,0.9760787487030029,0.039859555661678314,0.04012594372034073,59.70542526245117,0,4247634,0,0,109612,0,0,0
hotdog,Hotdog,48,selected_coord18_conic21_opacity8_rgb10,21,full_pd_guard,-0.026508331298828125,-8.618831634521484e-05,-0.00016242638230323792,36.5429801940918,36.569488525390625,0.9759384393692017,0.9760246276855469,0.03913914039731026,0.039301566779613495,59.52335739135742,0,4239086,0,0,170206,0,0,0
hotdog,Hotdog,49,selected_coord18_conic21_opacity8_rgb10,21,full_pd_guard,-0.022495269775390625,-7.510185241699219e-05,-0.00010442361235618591,36.40937423706055,36.43186950683594,0.9757757186889648,0.9758508205413818,0.039525438100099564,0.03962986171245575,59.30524826049805,0,4228759,0,0,105749,0,0,0
hotdog,Hotdog,50,selected_coord18_conic21_opacity8_rgb10,21,full_pd_guard,-0.015533447265625,-7.963180541992188e-05,-8.058547973632812e-05,36.30840301513672,36.323936462402344,0.9756910800933838,0.9757707118988037,0.03891619294881821,0.038996778428554535,59.50373458862305,0,4214598,0,0,102017,0,0,0
hotdog,Hotdog,51,selected_coord18_conic21_opacity8_rgb10,21,full_pd_guard,-0.02198028564453125,-0.00010192394256591797,-0.00010641664266586304,36.480201721191406,36.50218200683594,0.9761406183242798,0.9762425422668457,0.03776445984840393,0.037870876491069794,59.651756286621094,0,4171365,0,0,114925,0,0,0
hotdog,Hotdog,52,selected_coord18_conic21_opacity8_rgb10,21,full_pd_guard,-0.014377593994140625,-7.539987564086914e-05,-0.00014755874872207642,36.69320297241211,36.70758056640625,0.9770204424858093,0.9770958423614502,0.03730642795562744,0.03745398670434952,59.6493034362793,0,4130082,0,0,117451,0,0,0
hotdog,Hotdog,53,selected_coord18_conic21_opacity8_rgb10,21,full_pd_guard,-0.030029296875,-8.189678192138672e-05,-0.00014549493789672852,37.139251708984375,37.169281005859375,0.9784436225891113,0.9785255193710327,0.03601846098899841,0.03616395592689514,59.42744445800781,0,4085925,0,0,126934,0,0,0
hotdog,Hotdog,54,selected_coord18_conic21_opacity8_rgb10,21,full_pd_guard,-0.0123138427734375,-4.583597183227539e-05,-0.0002429969608783722,37.376441955566406,37.388755798339844,0.9793708324432373,0.9794166684150696,0.035391196608543396,0.03563419356942177,59.6777458190918,0,4037796,0,0,148220,0,0,0
hotdog,Hotdog,55,selected_coord18_conic21_opacity8_rgb10,21,full_pd_guard,-0.02892303466796875,-7.987022399902344e-05,-9.101629257202148e-05,37.306068420410156,37.334991455078125,0.9792492389678955,0.9793291091918945,0.03623412549495697,0.03632514178752899,59.490875244140625,0,3992087,0,0,143618,0,0,0
hotdog,Hotdog,56,selected_coord18_conic21_opacity8_rgb10,21,full_pd_guard,-0.035335540771484375,-9.566545486450195e-05,-0.000160902738571167,37.36489486694336,37.400230407714844,0.9795536994934082,0.9796493649482727,0.03640299290418625,0.036563895642757416,59.58245849609375,0,3964096,0,0,105538,0,0,0
hotdog,Hotdog,57,selected_coord18_conic21_opacity8_rgb10,21,full_pd_guard,-0.0173797607421875,-6.324052810668945e-05,-0.00015940889716148376,37.63981628417969,37.657196044921875,0.9802646636962891,0.9803279042243958,0.03656308352947235,0.036722492426633835,59.769805908203125,0,3927657,0,0,107148,0,0,0
hotdog,Hotdog,58,selected_coord18_conic21_opacity8_rgb10,21,full_pd_guard,-0.010349273681640625,-5.40614128112793e-05,-0.0001122690737247467,38.055294036865234,38.065643310546875,0.9809238910675049,0.9809779524803162,0.035877373069524765,0.03598964214324951,59.546043395996094,0,3902587,0,0,120062,0,0,0
hotdog,Hotdog,59,selected_coord18_conic21_opacity8_rgb10,21,full_pd_guard,-0.010929107666015625,-5.4717063903808594e-05,-0.00010609999299049377,38.1511344909668,38.16206359863281,0.9806110858917236,0.9806658029556274,0.03622022643685341,0.0363263264298439,59.453025817871094,0,3884346,0,0,137965,0,0,0
hotdog,Hotdog,60,selected_coord18_conic21_opacity8_rgb10,21,full_pd_guard,-0.00304412841796875,-3.9517879486083984e-05,-0.0001101270318031311,38.01567840576172,38.01872253417969,0.9798553586006165,0.9798948764801025,0.03735660761594772,0.037466734647750854,59.61367416381836,0,3869282,0,0,106842,0,0,0
hotdog,Hotdog,61,selected_coord18_conic21_opacity8_rgb10,21,full_pd_guard,-0.022022247314453125,-5.346536636352539e-05,-8.986890316009521e-05,37.86826705932617,37.890289306640625,0.978706419467926,0.9787598848342896,0.03907661885023117,0.039166487753391266,59.912567138671875,0,3856002,0,0,105568,0,0,0
hotdog,Hotdog,62,selected_coord18_conic21_opacity8_rgb10,21,full_pd_guard,-0.0121002197265625,-6.240606307983398e-05,-0.0001312047243118286,37.808433532714844,37.820533752441406,0.9779089093208313,0.9779713153839111,0.04102511703968048,0.04115632176399231,59.565513610839844,0,3849088,0,0,111272,0,0,0
hotdog,Hotdog,63,selected_coord18_conic21_opacity8_rgb10,21,full_pd_guard,-0.000698089599609375,-2.8073787689208984e-05,-0.00011499971151351929,37.81587219238281,37.81657028198242,0.9775681495666504,0.9775962233543396,0.04171491414308548,0.041829913854599,59.72703170776367,0,3846039,0,0,153019,0,0,0
hotdog,Hotdog,64,selected_coord18_conic21_opacity8_rgb10,21,full_pd_guard,-0.006099700927734375,-4.369020462036133e-05,-0.00011511147022247314,37.79515075683594,37.80125045776367,0.9767197370529175,0.9767634272575378,0.04194463789463043,0.042059749364852905,59.83424377441406,0,3837241,0,0,133682,0,0,0
hotdog,Hotdog,65,selected_coord18_conic21_opacity8_rgb10,21,full_pd_guard,0.000530242919921875,-3.74913215637207e-05,-0.00015573576092720032,37.74837112426758,37.747840881347656,0.975783109664917,0.9758206009864807,0.04258865863084793,0.04274439439177513,59.743927001953125,0,3833652,0,0,110295,0,0,0
hotdog,Hotdog,66,selected_coord18_conic21_opacity8_rgb10,21,full_pd_guard,-0.019008636474609375,-5.710124969482422e-05,-0.00010149553418159485,37.61129379272461,37.63030242919922,0.9749014377593994,0.9749585390090942,0.04351048916578293,0.04361198469996452,60.19879150390625,0,3826182,0,0,146792,0,0,0
hotdog,Hotdog,67,selected_coord18_conic21_opacity8_rgb10,21,full_pd_guard,-0.0313262939453125,-6.663799285888672e-05,-7.704272866249084e-05,37.35758972167969,37.388916015625,0.973771870136261,0.9738385081291199,0.04457646980881691,0.0446535125374794,60.1400146484375,0,3819770,0,0,104753,0,0,0
hotdog,Hotdog,68,selected_coord18_conic21_opacity8_rgb10,21,full_pd_guard,-0.024250030517578125,-6.979703903198242e-05,-8.741766214370728e-05,37.258628845214844,37.28287887573242,0.9732049703598022,0.9732747673988342,0.04537123814225197,0.045458655804395676,60.10134506225586,0,3812900,0,0,103952,0,0,0
hotdog,Hotdog,69,selected_coord18_conic21_opacity8_rgb10,21,full_pd_guard,-0.034778594970703125,-6.127357482910156e-05,-8.796155452728271e-05,37.104652404785156,37.13943099975586,0.9725832939147949,0.972644567489624,0.045120470225811005,0.04520843178033829,60.224117279052734,0,3807454,0,0,108661,0,0,0
hotdog,Hotdog,70,selected_coord18_conic21_opacity8_rgb10,21,full_pd_guard,-0.0401763916015625,-4.589557647705078e-05,-9.644031524658203e-05,36.98780059814453,37.027976989746094,0.9721450805664062,0.9721909761428833,0.04583819955587387,0.04593463987112045,60.445518493652344,0,3791704,0,0,116945,0,0,0
hotdog,Hotdog,71,selected_coord18_conic21_opacity8_rgb10,21,full_pd_guard,-0.04328155517578125,-4.5299530029296875e-05,-0.0001455172896385193,36.91577911376953,36.95906066894531,0.9717043042182922,0.9717496037483215,0.046214133501052856,0.046359650790691376,59.95478820800781,0,3785248,0,0,114950,0,0,0
hotdog,Hotdog,72,selected_coord18_conic21_opacity8_rgb10,21,full_pd_guard,-0.00490570068359375,-3.0219554901123047e-05,-0.00013604015111923218,37.024261474609375,37.02916717529297,0.9717169404029846,0.9717471599578857,0.046239834278821945,0.04637587442994118,60.395347595214844,0,3771630,0,0,111863,0,0,0
hotdog,Hotdog,73,selected_coord18_conic21_opacity8_rgb10,21,full_pd_guard,-0.0230255126953125,-5.2094459533691406e-05,-6.553530693054199e-05,37.03736114501953,37.060386657714844,0.9713724851608276,0.9714245796203613,0.047359492629766464,0.047425027936697006,60.5305290222168,0,3748478,0,0,80535,0,0,0
hotdog,Hotdog,74,selected_coord18_conic21_opacity8_rgb10,21,full_pd_guard,-0.0447235107421875,-6.73532485961914e-05,-5.5909156799316406e-05,37.084503173828125,37.12922668457031,0.9717207551002502,0.9717881083488464,0.04566171020269394,0.045717619359493256,60.25895309448242,0,3714431,0,0,107082,0,0,0
hotdog,Hotdog,75,selected_coord18_conic21_opacity8_rgb10,21,full_pd_guard,-0.04903411865234375,-5.120038986206055e-05,-5.3223222494125366e-05,37.193511962890625,37.24254608154297,0.9721074104309082,0.9721586108207703,0.04454810172319412,0.04460132494568825,60.54081344604492,0,3685548,0,0,107354,0,0,0
hotdog,Hotdog,76,selected_coord18_conic21_opacity8_rgb10,21,full_pd_guard,-0.0263214111328125,-5.263090133666992e-05,-0.00012090429663658142,37.117549896240234,37.14387130737305,0.9719602465629578,0.9720128774642944,0.04409361258149147,0.04421451687812805,60.735836029052734,0,3646924,0,0,114384,0,0,0
hotdog,Hotdog,77,selected_coord18_conic21_opacity8_rgb10,21,full_pd_guard,-0.0305633544921875,-4.225969314575195e-05,-0.00012572109699249268,37.11188507080078,37.14244842529297,0.9720240235328674,0.9720662832260132,0.04554767906665802,0.04567340016365051,60.66734313964844,0,3595245,0,0,113401,0,0,0
hotdog,Hotdog,78,selected_coord18_conic21_opacity8_rgb10,21,full_pd_guard,-0.0426788330078125,-8.386373519897461e-05,-0.00012753158807754517,37.144203186035156,37.18688201904297,0.9722965359687805,0.9723803997039795,0.044836461544036865,0.04496399313211441,60.82170867919922,0,3536341,0,0,123591,0,0,0
hotdog,Hotdog,79,selected_coord18_conic21_opacity8_rgb10,21,full_pd_guard,-0.039642333984375,-6.532669067382812e-05,-0.00011597573757171631,37.257293701171875,37.29693603515625,0.9727650284767151,0.9728303551673889,0.043525487184524536,0.04364146292209625,60.93132781982422,0,3474625,0,0,94796,0,0,0
hotdog,Hotdog,80,selected_coord18_conic21_opacity8_rgb10,21,full_pd_guard,-0.0262298583984375,-1.9371509552001953e-05,-0.0001250728964805603,37.4920654296875,37.51829528808594,0.9734646081924438,0.9734839797019958,0.042658984661102295,0.042784057557582855,61.04939270019531,0,3411500,0,0,92817,0,0,0
hotdog,Hotdog,81,selected_coord18_conic21_opacity8_rgb10,21,full_pd_guard,-0.004467010498046875,-2.09808349609375e-05,-0.00013402849435806274,37.36763000488281,37.37209701538086,0.9735346436500549,0.9735556244850159,0.0412895604968071,0.04142358899116516,61.0948486328125,0,3342487,0,0,103857,0,0,0
hotdog,Hotdog,82,selected_coord18_conic21_opacity8_rgb10,21,full_pd_guard,-0.0149383544921875,-2.0503997802734375e-05,-0.00013783574104309082,36.97505187988281,36.989990234375,0.9733467698097229,0.9733672738075256,0.04158046841621399,0.04171830415725708,61.004493713378906,0,3266004,0,0,93815,0,0,0
hotdog,Hotdog,83,selected_coord18_conic21_opacity8_rgb10,21,full_pd_guard,-0.008632659912109375,1.4424324035644531e-05,-0.0001408196985721588,36.635345458984375,36.643978118896484,0.973305344581604,0.9732909202575684,0.04186999052762985,0.04201081022620201,61.40288543701172,0,3187307,0,0,90879,0,0,0
hotdog,Hotdog,84,selected_coord18_conic21_opacity8_rgb10,21,full_pd_guard,-0.002227783203125,3.516674041748047e-05,-7.05718994140625e-05,36.384498596191406,36.38672637939453,0.9730077981948853,0.9729726314544678,0.041067831218242645,0.04113840311765671,61.47130584716797,0,3109786,0,0,88391,0,0,0
hotdog,Hotdog,85,selected_coord18_conic21_opacity8_rgb10,21,full_pd_guard,0.01422119140625,4.380941390991211e-05,-5.397200584411621e-05,36.4467887878418,36.43256759643555,0.9734028577804565,0.9733590483665466,0.040561702102422714,0.04061567410826683,61.69518280029297,0,3031361,0,0,95215,0,0,0
hotdog,Hotdog,86,selected_coord18_conic21_opacity8_rgb10,21,full_pd_guard,0.002429962158203125,8.83340835571289e-05,-0.00010780990123748779,36.569427490234375,36.56699752807617,0.9738089442253113,0.9737206101417542,0.04076369106769562,0.040871500968933105,61.55876159667969,0,2951160,0,0,98798,0,0,0
hotdog,Hotdog,87,selected_coord18_conic21_opacity8_rgb10,21,full_pd_guard,0.00296783447265625,6.860494613647461e-05,-0.00017593055963516235,36.62825393676758,36.62528610229492,0.9739751219749451,0.9739065170288086,0.04041910916566849,0.04059503972530365,61.846031188964844,0,2868762,0,0,84312,0,0,0
hotdog,Hotdog,88,selected_coord18_conic21_opacity8_rgb10,21,full_pd_guard,0.00818634033203125,7.086992263793945e-05,-0.00017778947949409485,36.3209342956543,36.312747955322266,0.9732863903045654,0.9732155203819275,0.04030338302254677,0.04048117250204086,61.96087646484375,0,2785184,0,0,88646,0,0,0
hotdog,Hotdog,89,selected_coord18_conic21_opacity8_rgb10,21,full_pd_guard,0.00255584716796875,7.665157318115234e-05,-0.00010560080409049988,35.77251434326172,35.76995849609375,0.9731051921844482,0.9730285406112671,0.04024879261851311,0.04035439342260361,62.24803924560547,0,2699017,0,0,71781,0,0,0
hotdog,Hotdog,90,selected_coord18_conic21_opacity8_rgb10,21,full_pd_guard,0.013153076171875,6.759166717529297e-05,-0.00023153424263000488,35.582881927490234,35.56972885131836,0.9729587435722351,0.9728911519050598,0.03990261256694794,0.04013414680957794,61.936981201171875,0,2620175,0,0,103683,0,0,0
hotdog,Hotdog,91,selected_coord18_conic21_opacity8_rgb10,21,full_pd_guard,-0.002597808837890625,8.058547973632812e-05,-0.00016904622316360474,34.90522384643555,34.90782165527344,0.972859799861908,0.9727792143821716,0.0389346182346344,0.039103664457798004,62.130977630615234,0,2539194,0,0,94721,0,0,0
hotdog,Hotdog,92,selected_coord18_conic21_opacity8_rgb10,21,full_pd_guard,-0.004314422607421875,5.322694778442383e-05,-0.0001498013734817505,34.425437927246094,34.429752349853516,0.9733266830444336,0.9732734560966492,0.03818488121032715,0.0383346825838089,62.25815963745117,0,2463260,0,0,71722,0,0,0
hotdog,Hotdog,93,selected_coord18_conic21_opacity8_rgb10,21,full_pd_guard,-0.000843048095703125,7.56382942199707e-05,-0.00020287185907363892,34.55565643310547,34.55649948120117,0.9736398458480835,0.9735642075538635,0.03789278864860535,0.038095660507678986,62.37896728515625,0,2393429,0,0,101425,0,0,0
hotdog,Hotdog,94,selected_coord18_conic21_opacity8_rgb10,21,full_pd_guard,0.0155029296875,0.00011450052261352539,-0.0002120882272720337,34.84090042114258,34.82539749145508,0.975108802318573,0.9749943017959595,0.03569965809583664,0.03591174632310867,62.4712028503418,0,2322210,0,0,98212,0,0,0
hotdog,Hotdog,95,selected_coord18_conic21_opacity8_rgb10,21,full_pd_guard,0.00384521484375,8.088350296020508e-05,-0.0002078413963317871,35.312286376953125,35.308441162109375,0.9765329360961914,0.9764520525932312,0.03374741971492767,0.03395526111125946,62.417598724365234,0,2261357,0,0,123488,0,0,0
hotdog,Hotdog,96,selected_coord18_conic21_opacity8_rgb10,21,full_pd_guard,0.02291107177734375,0.00011992454528808594,-0.00016505643725395203,36.23682403564453,36.21391296386719,0.9790194630622864,0.9788995385169983,0.03151470795273781,0.03167976438999176,62.52204513549805,0,2206669,0,0,83919,0,0,0
hotdog,Hotdog,97,selected_coord18_conic21_opacity8_rgb10,21,full_pd_guard,0.024089813232421875,0.00013202428817749023,-0.00012176483869552612,35.96044158935547,35.93635177612305,0.9805894494056702,0.9804574251174927,0.03145536035299301,0.03157712519168854,62.522865295410156,0,2160569,0,0,104785,0,0,0
hotdog,Hotdog,98,selected_coord18_conic21_opacity8_rgb10,21,full_pd_guard,0.001125335693359375,8.07046890258789e-05,-8.267350494861603e-05,35.011199951171875,35.010074615478516,0.9818193316459656,0.9817386269569397,0.030038686469197273,0.03012135997414589,62.80818176269531,0,2131709,0,0,115268,0,0,0
hotdog,Hotdog,99,selected_coord18_conic21_opacity8_rgb10,21,full_pd_guard,0.004261016845703125,8.499622344970703e-05,-5.162134766578674e-05,32.91883087158203,32.91456985473633,0.9797244668006897,0.97963947057724,0.031354859471321106,0.03140648081898689,62.90757369995117,0,2124266,0,0,83214,0,0,0
hotdog,Hotdog,100,selected_coord18_conic21_opacity8_rgb10,21,full_pd_guard,-0.00112152099609375,6.335973739624023e-05,-0.00013710558414459229,32.54636764526367,32.547489166259766,0.9788970351219177,0.9788336753845215,0.03206805884838104,0.032205164432525635,62.90130615234375,0,2124836,0,0,77408,0,0,0
hotdog,Hotdog,101,selected_coord18_conic21_opacity8_rgb10,21,full_pd_guard,0.000453948974609375,8.428096771240234e-05,-0.00010734796524047852,33.58151626586914,33.58106231689453,0.9791931509971619,0.9791088700294495,0.03221968933939934,0.032327037304639816,62.84789276123047,0,2144309,0,0,111153,0,0,0
hotdog,Hotdog,102,selected_coord18_conic21_opacity8_rgb10,21,full_pd_guard,-0.009380340576171875,6.324052810668945e-05,-0.0001277923583984375,34.36021041870117,34.369590759277344,0.9799652695655823,0.9799020290374756,0.03174600750207901,0.03187379986047745,63.105201721191406,0,2176268,0,0,98334,0,0,0
hotdog,Hotdog,103,selected_coord18_conic21_opacity8_rgb10,21,full_pd_guard,-0.0066070556640625,7.355213165283203e-05,-0.0001275390386581421,35.243072509765625,35.24967956542969,0.9809504151344299,0.9808768630027771,0.032094404101371765,0.03222194314002991,62.93901062011719,0,2216362,0,0,102565,0,0,0
hotdog,Hotdog,104,selected_coord18_conic21_opacity8_rgb10,21,full_pd_guard,-0.000164031982421875,8.71419906616211e-05,-0.00018097087740898132,36.08402633666992,36.084190368652344,0.9826358556747437,0.982548713684082,0.032494109123945236,0.03267508000135422,62.701629638671875,0,2259148,0,0,99907,0,0,0
hotdog,Hotdog,105,selected_coord18_conic21_opacity8_rgb10,21,full_pd_guard,-0.014049530029296875,6.604194641113281e-05,-0.0001207105815410614,35.688133239746094,35.70218276977539,0.9815910458564758,0.9815250039100647,0.034567806869745255,0.034688517451286316,62.75121307373047,0,2309657,0,0,105638,0,0,0
hotdog,Hotdog,106,selected_coord18_conic21_opacity8_rgb10,21,full_pd_guard,-0.00325775146484375,8.26716423034668e-05,-0.00014308467507362366,34.67158889770508,34.67484664916992,0.9783692955970764,0.978286623954773,0.03773615509271622,0.03787923976778984,62.53603744506836,0,2361703,0,0,101000,0,0,0
hotdog,Hotdog,107,selected_coord18_conic21_opacity8_rgb10,21,full_pd_guard,0.0092620849609375,0.0001251697540283203,-0.00012095645070075989,33.76277160644531,33.753509521484375,0.9755058288574219,0.9753806591033936,0.03985995054244995,0.03998090699315071,62.654937744140625,0,2407492,0,0,98056,0,0,0
hotdog,Hotdog,108,selected_coord18_conic21_opacity8_rgb10,21,full_pd_guard,-0.011425018310546875,4.1425228118896484e-05,-0.00017859041690826416,33.16572570800781,33.17715072631836,0.9730390906333923,0.9729976654052734,0.04240069165825844,0.0425792820751667,62.6235466003418,0,2461475,0,0,102705,0,0,0
hotdog,Hotdog,109,selected_coord18_conic21_opacity8_rgb10,21,full_pd_guard,-0.0023040771484375,7.903575897216797e-05,-0.00023074448108673096,32.942771911621094,32.94507598876953,0.9715519547462463,0.9714729189872742,0.04402286931872368,0.04425361379981041,62.615211486816406,0,2512277,0,0,109822,0,0,0
hotdog,Hotdog,110,selected_coord18_conic21_opacity8_rgb10,21,full_pd_guard,-0.0061798095703125,3.2901763916015625e-05,-0.0001566857099533081,32.97462463378906,32.980804443359375,0.9712814092636108,0.9712485074996948,0.04607084393501282,0.046227529644966125,62.53190231323242,0,2566250,0,0,80312,0,0,0
hotdog,Hotdog,111,selected_coord18_conic21_opacity8_rgb10,21,full_pd_guard,-0.0081024169921875,1.4901161193847656e-06,-0.0001530870795249939,33.4731330871582,33.48123550415039,0.9720089435577393,0.9720074534416199,0.046639420092105865,0.04679250717163086,62.567256927490234,0,2616709,0,0,85896,0,0,0
hotdog,Hotdog,112,selected_coord18_conic21_opacity8_rgb10,21,full_pd_guard,0.00226593017578125,2.3424625396728516e-05,-0.00019312649965286255,34.434165954589844,34.43190002441406,0.9744299650192261,0.9744065403938293,0.046303652226924896,0.04649677872657776,62.055931091308594,0,2666932,0,0,86881,0,0,0
hotdog,Hotdog,113,selected_coord18_conic21_opacity8_rgb10,21,full_pd_guard,0.008819580078125,5.501508712768555e-05,-9.506568312644958e-05,34.97984313964844,34.97102355957031,0.976151168346405,0.9760961532592773,0.046928130090236664,0.04702319577336311,62.21746063232422,0,2716258,0,0,101106,0,0,0
hotdog,Hotdog,114,selected_coord18_conic21_opacity8_rgb10,21,full_pd_guard,-0.001728057861328125,-1.6689300537109375e-06,-0.00019052252173423767,34.553688049316406,34.555416107177734,0.9753536581993103,0.975355327129364,0.04775911942124367,0.047949641942977905,62.324256896972656,0,2762699,0,0,94859,0,0,0
hotdog,Hotdog,115,selected_coord18_conic21_opacity8_rgb10,21,full_pd_guard,0.003582000732421875,4.279613494873047e-05,-6.98193907737732e-05,33.554813385009766,33.551231384277344,0.9728832840919495,0.9728404879570007,0.049808911979198456,0.04987873136997223,62.472286224365234,0,2811016,0,0,117680,0,0,0
hotdog,Hotdog,116,selected_coord18_conic21_opacity8_rgb10,21,full_pd_guard,-0.006946563720703125,5.042552947998047e-05,-0.00016856566071510315,32.251792907714844,32.25873947143555,0.9705296754837036,0.9704792499542236,0.05165114626288414,0.05181971192359924,62.31018829345703,0,2859059,0,0,101042,0,0,0
hotdog,Hotdog,117,selected_coord18_conic21_opacity8_rgb10,21,full_pd_guard,-0.0030269622802734375,5.14984130859375e-05,-0.00014578178524971008,30.82375144958496,30.826778411865234,0.9686850309371948,0.9686335325241089,0.05433597043156624,0.05448175221681595,62.53789520263672,0,2906132,0,0,99749,0,0,0
hotdog,Hotdog,118,selected_coord18_conic21_opacity8_rgb10,21,full_pd_guard,-0.0054302215576171875,3.3915042877197266e-05,-0.0002071969211101532,30.892637252807617,30.898067474365234,0.9682643413543701,0.9682304263114929,0.05553244799375534,0.055739644914865494,62.4790153503418,0,2952662,0,0,73473,0,0,0
hotdog,Hotdog,119,selected_coord18_conic21_opacity8_rgb10,21,full_pd_guard,-0.011753082275390625,2.0682811737060547e-05,-0.00030009448528289795,30.595867156982422,30.607620239257812,0.9680399894714355,0.9680193066596985,0.055511076003313065,0.05581117048859596,62.37540817260742,0,2999495,0,0,82670,0,0,0
hotdog,Hotdog,120,selected_coord18_conic21_opacity8_rgb10,21,full_pd_guard,-0.000164031982421875,7.265806198120117e-05,-0.00023825466632843018,30.391849517822266,30.392013549804688,0.9675939083099365,0.9675212502479553,0.05635359138250351,0.05659184604883194,62.201263427734375,0,3049630,0,0,104963,0,0,0
hotdog,Hotdog,121,selected_coord18_conic21_opacity8_rgb10,21,full_pd_guard,-0.011995315551757812,5.2094459533691406e-05,-0.0002213791012763977,30.580341339111328,30.592336654663086,0.9680638313293457,0.968011736869812,0.05679740011692047,0.05701877921819687,62.46218490600586,0,3100251,0,0,87478,0,0,0
hotdog,Hotdog,122,selected_coord18_conic21_opacity8_rgb10,21,full_pd_guard,-0.00083160400390625,0.00010323524475097656,-0.0002494305372238159,30.983009338378906,30.983840942382812,0.9689533114433289,0.9688500761985779,0.05766719579696655,0.05791662633419037,61.94891357421875,0,3144151,0,0,92471,0,0,0
hotdog,Hotdog,123,selected_coord18_conic21_opacity8_rgb10,21,full_pd_guard,-0.0004749298095703125,4.6253204345703125e-05,-0.00018391385674476624,31.873258590698242,31.873733520507812,0.970001220703125,0.9699549674987793,0.057966917753219604,0.05815083160996437,62.18223190307617,0,3182461,0,0,107006,0,0,0
hotdog,Hotdog,124,selected_coord18_conic21_opacity8_rgb10,21,full_pd_guard,0.003093719482421875,7.098913192749023e-05,-8.535757660865784e-05,32.27633285522461,32.27323913574219,0.9697301983833313,0.9696592092514038,0.05750539153814316,0.057590749114751816,62.38932418823242,0,3229908,0,0,130171,0,0,0
hotdog,Hotdog,125,selected_coord18_conic21_opacity8_rgb10,21,full_pd_guard,0.0045166015625,5.519390106201172e-05,-9.47117805480957e-05,32.35960388183594,32.35508728027344,0.9695027470588684,0.9694475531578064,0.05678492784500122,0.056879639625549316,62.3396110534668,0,3275129,0,0,86182,0,0,0
hotdog,Hotdog,126,selected_coord18_conic21_opacity8_rgb10,21,full_pd_guard,-0.008243560791015625,2.8252601623535156e-05,-0.0001500844955444336,32.143218994140625,32.15146255493164,0.9713982939720154,0.9713700413703918,0.05670180916786194,0.05685189366340637,62.313232421875,0,3311169,0,0,104905,0,0,0
hotdog,Hotdog,127,selected_coord18_conic21_opacity8_rgb10,21,full_pd_guard,-0.018404006958007812,-2.086162567138672e-05,-0.00015700608491897583,31.80282974243164,31.82123374938965,0.9726239442825317,0.9726448059082031,0.05649660527706146,0.05665361136198044,61.93853759765625,0,3345985,0,0,77446,0,0,0
hotdog,Hotdog,128,selected_coord18_conic21_opacity8_rgb10,21,full_pd_guard,-0.018024444580078125,-2.104043960571289e-05,-9.950622916221619e-05,32.60799026489258,32.626014709472656,0.9747908115386963,0.974811851978302,0.054343875497579575,0.05444338172674179,62.08626937866211,0,3378935,0,0,96766,0,0,0
hotdog,Hotdog,129,selected_coord18_conic21_opacity8_rgb10,21,full_pd_guard,-0.01761627197265625,-2.384185791015625e-05,-0.00018528848886489868,33.72669219970703,33.74430847167969,0.9766300916671753,0.9766539335250854,0.051231756806373596,0.051417045295238495,61.68439865112305,0,3412354,0,0,90320,0,0,0
hotdog,Hotdog,130,selected_coord18_conic21_opacity8_rgb10,21,full_pd_guard,-0.02892303466796875,-2.968311309814453e-05,-0.0001721605658531189,35.21162414550781,35.24054718017578,0.9784231781959534,0.9784528613090515,0.04834693297743797,0.04851909354329109,61.684730529785156,0,3441952,0,0,102433,0,0,0
hotdog,Hotdog,131,selected_coord18_conic21_opacity8_rgb10,21,full_pd_guard,-0.02756500244140625,-4.225969314575195e-05,-0.00018345564603805542,36.28099822998047,36.308563232421875,0.9794467687606812,0.9794890284538269,0.04659198969602585,0.046775445342063904,61.56153869628906,0,3462675,0,0,111794,0,0,0
hotdog,Hotdog,132,selected_coord18_conic21_opacity8_rgb10,21,full_pd_guard,-0.023761749267578125,-4.476308822631836e-05,-0.000280182808637619,36.309425354003906,36.333187103271484,0.9795975089073181,0.9796422719955444,0.046842582523822784,0.0471227653324604,61.674293518066406,0,3485325,0,0,115741,0,0,0
hotdog,Hotdog,133,selected_coord18_conic21_opacity8_rgb10,21,full_pd_guard,-0.040515899658203125,-7.790327072143555e-05,-0.00016222521662712097,36.390018463134766,36.43053436279297,0.9789743423461914,0.9790522456169128,0.04657004028558731,0.04673226550221443,61.3170166015625,0,3505533,0,0,87002,0,0,0
hotdog,Hotdog,134,selected_coord18_conic21_opacity8_rgb10,21,full_pd_guard,-0.032238006591796875,-5.173683166503906e-05,-0.00010073557496070862,36.60552215576172,36.637760162353516,0.978879451751709,0.978931188583374,0.0468282550573349,0.04692899063229561,61.41427230834961,0,3522574,0,0,92471,0,0,0
hotdog,Hotdog,135,selected_coord18_conic21_opacity8_rgb10,21,full_pd_guard,-0.025470733642578125,-4.076957702636719e-05,-0.00010583922266960144,36.95270538330078,36.97817611694336,0.9791935086250305,0.9792342782020569,0.04591953754425049,0.04602537676692009,61.32745361328125,0,3539005,0,0,101978,0,0,0
hotdog,Hotdog,136,selected_coord18_conic21_opacity8_rgb10,21,full_pd_guard,-0.02105712890625,-3.141164779663086e-05,-0.0002408735454082489,37.3775634765625,37.39862060546875,0.9799904227256775,0.9800218343734741,0.04392571002244949,0.04416658356785774,61.16527557373047,0,3556703,0,0,92233,0,0,0
hotdog,Hotdog,137,selected_coord18_conic21_opacity8_rgb10,21,full_pd_guard,-0.02623748779296875,-4.1544437408447266e-05,-0.00013750046491622925,37.971214294433594,37.99745178222656,0.9811291694641113,0.9811707139015198,0.04161518067121506,0.04175268113613129,61.15229034423828,0,3572474,0,0,103677,0,0,0
hotdog,Hotdog,138,selected_coord18_conic21_opacity8_rgb10,21,full_pd_guard,-0.0189971923828125,-3.743171691894531e-05,-0.00011312216520309448,38.46131896972656,38.480316162109375,0.9818010926246643,0.9818385243415833,0.03940941393375397,0.03952253609895706,60.945335388183594,0,3587614,0,0,87800,0,0,0
hotdog,Hotdog,139,selected_coord18_conic21_opacity8_rgb10,21,full_pd_guard,-0.018001556396484375,-4.9173831939697266e-05,-0.0001653321087360382,38.22732925415039,38.245330810546875,0.9812736511230469,0.9813228249549866,0.03890730068087578,0.039072632789611816,60.76185607910156,0,3607061,0,0,98500,0,0,0
hotdog,Hotdog,140,selected_coord18_conic21_opacity8_rgb10,21,full_pd_guard,-0.0142364501953125,-4.184246063232422e-05,-0.00012452900409698486,37.461082458496094,37.475318908691406,0.9797092080116272,0.9797510504722595,0.04005930572748184,0.04018383473157883,60.622528076171875,0,3626440,0,0,102841,0,0,0
hotdog,Hotdog,141,selected_coord18_conic21_opacity8_rgb10,21,full_pd_guard,-0.02550506591796875,-5.805492401123047e-05,-0.0001781955361366272,37.0732421875,37.09874725341797,0.9781709909439087,0.9782290458679199,0.04068216681480408,0.040860362350940704,60.531944274902344,0,3650415,0,0,112312,0,0,0
hotdog,Hotdog,142,selected_coord18_conic21_opacity8_rgb10,21,full_pd_guard,-0.0154876708984375,-5.412101745605469e-05,-9.850412607192993e-05,36.67817687988281,36.69366455078125,0.9768723249435425,0.9769264459609985,0.04163851588964462,0.04173702001571655,60.51097869873047,0,3676627,0,0,115286,0,0,0
hotdog,Hotdog,143,selected_coord18_conic21_opacity8_rgb10,21,full_pd_guard,-0.014484405517578125,-6.651878356933594e-05,-0.0001782141625881195,36.442386627197266,36.456871032714844,0.9761927723884583,0.9762592911720276,0.04158461466431618,0.0417628288269043,60.378746032714844,0,3709198,0,0,105629,0,0,0
hotdog,Hotdog,144,selected_coord18_conic21_opacity8_rgb10,21,full_pd_guard,-0.00662994384765625,-5.3882598876953125e-05,-0.00010909885168075562,36.37049102783203,36.37712097167969,0.975641131401062,0.975695013999939,0.04216114431619644,0.0422702431678772,59.93193817138672,0,3748641,0,0,119096,0,0,0
hotdog,Hotdog,145,selected_coord18_conic21_opacity8_rgb10,21,full_pd_guard,-0.011566162109375,-5.811452865600586e-05,-7.976219058036804e-05,36.32313537597656,36.33470153808594,0.9759617447853088,0.9760198593139648,0.04038636013865471,0.04046612232923508,59.889312744140625,0,3796068,0,0,106494,0,0,0
hotdog,Hotdog,146,selected_coord18_conic21_opacity8_rgb10,21,full_pd_guard,-0.012210845947265625,-7.56382942199707e-05,-9.058788418769836e-05,36.36798095703125,36.380191802978516,0.976071298122406,0.976146936416626,0.04059058800339699,0.040681175887584686,59.99138641357422,0,3844899,0,0,113720,0,0,0
hotdog,Hotdog,147,selected_coord18_conic21_opacity8_rgb10,21,full_pd_guard,-0.025707244873046875,-7.152557373046875e-05,-9.865313768386841e-05,36.39327621459961,36.418983459472656,0.9764748215675354,0.9765463471412659,0.03920929133892059,0.03930794447660446,59.82542419433594,0,3901705,0,0,116101,0,0,0
hotdog,Hotdog,148,selected_coord18_conic21_opacity8_rgb10,21,full_pd_guard,-0.0206146240234375,-5.6743621826171875e-05,-7.491931319236755e-05,36.5322380065918,36.552852630615234,0.976610541343689,0.9766672849655151,0.03852790594100952,0.03860282525420189,59.86656951904297,0,3971151,0,0,136796,0,0,0
hotdog,Hotdog,149,selected_coord18_conic21_opacity8_rgb10,21,full_pd_guard,-0.022449493408203125,-7.265806198120117e-05,-1.9688159227371216e-05,36.33980941772461,36.36225891113281,0.9760594367980957,0.9761320948600769,0.03842635452747345,0.03844604268670082,59.536800384521484,0,4044929,0,0,121597,0,0,0
hotdog,Hotdog,150,selected_coord18_conic21_opacity8_rgb10,21,full_pd_guard,-0.018131256103515625,-6.347894668579102e-05,-4.979968070983887e-05,36.234169006347656,36.25230026245117,0.975796639919281,0.9758601188659668,0.03852665424346924,0.03857645392417908,59.64495849609375,0,4121128,0,0,132260,0,0,0
hotdog,Hotdog,151,selected_coord18_conic21_opacity8_rgb10,21,full_pd_guard,-0.02179718017578125,-0.00010180473327636719,-0.00011153519153594971,36.47986602783203,36.50166320800781,0.9761446714401245,0.9762464761734009,0.037676941603422165,0.037788476794958115,59.66035079956055,0,4171362,0,0,115167,0,0,0
hotdog,Hotdog,152,selected_coord18_conic21_opacity8_rgb10,21,full_pd_guard,-0.0237274169921875,-9.614229202270508e-05,-7.86706805229187e-05,36.746253967285156,36.769981384277344,0.9769721627235413,0.977068305015564,0.037784501910209656,0.037863172590732574,59.41506576538086,0,4221125,0,0,119169,0,0,0
hotdog,Hotdog,153,selected_coord18_conic21_opacity8_rgb10,21,full_pd_guard,-0.012847900390625,-5.513429641723633e-05,-0.0001509450376033783,37.13594055175781,37.14878845214844,0.9778661727905273,0.9779213070869446,0.03720690682530403,0.03735785186290741,59.41115951538086,0,4260161,0,0,144096,0,0,0
hotdog,Hotdog,154,selected_coord18_conic21_opacity8_rgb10,21,full_pd_guard,-0.022792816162109375,-9.638071060180664e-05,-0.00015567243099212646,37.182952880859375,37.205745697021484,0.9781584739685059,0.9782548546791077,0.038188386708498,0.03834405913949013,59.434303283691406,0,4293335,0,0,134866,0,0,0
hotdog,Hotdog,155,selected_coord18_conic21_opacity8_rgb10,21,full_pd_guard,-0.0359649658203125,-0.00010335445404052734,-0.00019256025552749634,37.2355842590332,37.271549224853516,0.9779585599899292,0.9780619144439697,0.03796035796403885,0.038152918219566345,59.25157928466797,0,4317441,0,0,128577,0,0,0
hotdog,Hotdog,156,selected_coord18_conic21_opacity8_rgb10,21,full_pd_guard,-0.026699066162109375,-7.69495964050293e-05,-0.00016627460718154907,37.39555740356445,37.42225646972656,0.9784397482872009,0.978516697883606,0.038320593535900116,0.038486868143081665,59.36749267578125,0,4349598,0,0,137241,0,0,0
hotdog,Hotdog,157,selected_coord18_conic21_opacity8_rgb10,21,full_pd_guard,-0.02826690673828125,-9.22083854675293e-05,-0.00016767531633377075,37.480247497558594,37.508514404296875,0.9786109328269958,0.9787031412124634,0.03874291479587555,0.03891059011220932,58.79308319091797,0,4377909,0,0,114819,0,0,0
hotdog,Hotdog,158,selected_coord18_conic21_opacity8_rgb10,21,full_pd_guard,-0.03311920166015625,-8.636713027954102e-05,-0.00018788129091262817,37.71470642089844,37.747825622558594,0.9788694977760315,0.978955864906311,0.038767009973526,0.03895489126443863,58.7117919921875,0,4406406,0,0,150397,0,0,0
hotdog,Hotdog,159,selected_coord18_conic21_opacity8_rgb10,21,full_pd_guard,-0.031524658203125,-9.775161743164062e-05,-0.00010067224502563477,37.9986572265625,38.030181884765625,0.979066789150238,0.9791645407676697,0.039295945316553116,0.03939661756157875,58.911468505859375,0,4435799,0,0,135148,0,0,0
hotdog,Hotdog,160,selected_coord18_conic21_opacity8_rgb10,21,full_pd_guard,-0.034149169921875,-9.715557098388672e-05,-6.0092657804489136e-05,38.093040466308594,38.12718963623047,0.9790080785751343,0.9791052341461182,0.039513979107141495,0.039574071764945984,58.88148498535156,0,4464267,0,0,112535,0,0,0
hotdog,Hotdog,161,selected_coord18_conic21_opacity8_rgb10,21,full_pd_guard,-0.0233001708984375,-9.357929229736328e-05,-0.00013823434710502625,37.991477966308594,38.01477813720703,0.9784613251686096,0.978554904460907,0.04058414697647095,0.040722381323575974,58.99187469482422,0,4490054,0,0,140634,0,0,0
hotdog,Hotdog,162,selected_coord18_conic21_opacity8_rgb10,21,full_pd_guard,-0.029018402099609375,-9.876489639282227e-05,-0.00013325735926628113,37.92397689819336,37.95299530029297,0.9779266119003296,0.9780253767967224,0.04277739301323891,0.04291065037250519,58.900203704833984,0,4513819,0,0,109150,0,0,0
hotdog,Hotdog,163,selected_coord18_conic21_opacity8_rgb10,21,full_pd_guard,-0.02681732177734375,-9.655952453613281e-05,-0.0001043565571308136,37.92835998535156,37.955177307128906,0.9776540994644165,0.9777506589889526,0.04264255240559578,0.04274690896272659,58.86548614501953,0,4542397,0,0,139922,0,0,0
hotdog,Hotdog,164,selected_coord18_conic21_opacity8_rgb10,21,full_pd_guard,-0.022068023681640625,-8.285045623779297e-05,-0.00019107013940811157,37.811641693115234,37.833709716796875,0.9768886566162109,0.9769715070724487,0.04510516673326492,0.045296236872673035,58.99871826171875,0,4567918,0,0,126836,0,0,0
hotdog,Hotdog,165,selected_coord18_conic21_opacity8_rgb10,21,full_pd_guard,-0.037044525146484375,-9.799003601074219e-05,-0.0001154094934463501,37.709014892578125,37.74605941772461,0.9762386679649353,0.976336658000946,0.045171380043029785,0.045286789536476135,58.51483154296875,0,4597334,0,0,148412,0,0,0
hotdog,Hotdog,166,selected_coord18_conic21_opacity8_rgb10,21,full_pd_guard,-0.021312713623046875,-8.273124694824219e-05,-0.00015848875045776367,37.728599548339844,37.74991226196289,0.9758151173591614,0.9758978486061096,0.04499835520982742,0.04515684396028519,58.75544357299805,0,4626304,0,0,160003,0,0,0
hotdog,Hotdog,167,selected_coord18_conic21_opacity8_rgb10,21,full_pd_guard,-0.040149688720703125,-0.00010484457015991211,-4.819035530090332e-05,37.64958190917969,37.68973159790039,0.9752989411354065,0.9754037857055664,0.046387799084186554,0.04643598943948746,58.341793060302734,0,4659967,0,0,202327,0,0,0
hotdog,Hotdog,168,selected_coord18_conic21_opacity8_rgb10,21,full_pd_guard,-0.03162384033203125,-0.00010502338409423828,-0.00014428794384002686,37.6687126159668,37.70033645629883,0.9750646352767944,0.9751696586608887,0.04593798518180847,0.0460822731256485,58.6528434753418,0,4686101,0,0,190586,0,0,0
hotdog,Hotdog,169,selected_coord18_conic21_opacity8_rgb10,21,full_pd_guard,-0.03914642333984375,-0.00010442733764648438,-0.00019862502813339233,37.50413131713867,37.543277740478516,0.9745502471923828,0.9746546745300293,0.04703947901725769,0.04723810404539108,58.62017822265625,0,4720551,0,0,188596,0,0,0
hotdog,Hotdog,170,selected_coord18_conic21_opacity8_rgb10,21,full_pd_guard,-0.04296112060546875,-0.00011646747589111328,-0.0001918599009513855,37.52892303466797,37.57188415527344,0.974177896976471,0.9742943644523621,0.04777282476425171,0.047964684665203094,58.497520446777344,0,4755300,0,0,240647,0,0,0
hotdog,Hotdog,171,selected_coord18_conic21_opacity8_rgb10,21,full_pd_guard,-0.04842376708984375,-0.00012111663818359375,-0.00017137080430984497,37.4033203125,37.451744079589844,0.9737930297851562,0.9739141464233398,0.04750511050224304,0.04767648130655289,58.499874114990234,0,4796580,0,0,230426,0,0,0
hotdog,Hotdog,172,selected_coord18_conic21_opacity8_rgb10,21,full_pd_guard,-0.032062530517578125,-0.00010377168655395508,-0.0001772083342075348,37.42424392700195,37.45630645751953,0.9736776947975159,0.9737814664840698,0.04795895144343376,0.048136159777641296,58.479698181152344,0,4839140,0,0,251018,0,0,0
hotdog,Hotdog,173,selected_coord18_conic21_opacity8_rgb10,21,full_pd_guard,-0.03972625732421875,-0.00011581182479858398,-0.00022570788860321045,37.356109619140625,37.395835876464844,0.9733018279075623,0.9734176397323608,0.04827622324228287,0.04850193113088608,58.33399200439453,0,4877189,0,0,228770,0,0,0
hotdog,Hotdog,174,selected_coord18_conic21_opacity8_rgb10,21,full_pd_guard,-0.032073974609375,-0.00010675191879272461,-0.00015394389629364014,37.244728088378906,37.27680206298828,0.9729389548301697,0.9730457067489624,0.048384927213191986,0.048538871109485626,58.42429733276367,0,4915085,0,0,209338,0,0,0
hotdog,Hotdog,175,selected_coord18_conic21_opacity8_rgb10,21,full_pd_guard,-0.0316925048828125,-0.0001131296157836914,-0.00012381374835968018,37.30854797363281,37.340240478515625,0.9726094007492065,0.9727225303649902,0.04798794165253639,0.04811175540089607,58.26952362060547,0,4941859,0,0,172081,0,0,0
hotdog,Hotdog,176,selected_coord18_conic21_opacity8_rgb10,21,full_pd_guard,-0.01499176025390625,-0.00010079145431518555,-7.985532283782959e-05,37.1198616027832,37.13485336303711,0.9721351861953735,0.9722359776496887,0.04850233346223831,0.04858218878507614,58.421173095703125,0,4938853,0,0,190536,0,0,0
hotdog,Hotdog,177,selected_coord18_conic21_opacity8_rgb10,21,full_pd_guard,-0.031475067138671875,-0.00011706352233886719,-8.532777428627014e-05,37.03000259399414,37.06147766113281,0.9719971418380737,0.9721142053604126,0.04838123172521591,0.04846655949950218,58.231842041015625,0,4911353,0,0,209419,0,0,0
hotdog,Hotdog,178,selected_coord18_conic21_opacity8_rgb10,21,full_pd_guard,-0.031036376953125,-0.0001169443130493164,-7.30752944946289e-05,36.95137023925781,36.98240661621094,0.9716581106185913,0.9717750549316406,0.048919789493083954,0.04899286478757858,58.31052780151367,0,4866581,0,0,193939,0,0,0
hotdog,Hotdog,179,selected_coord18_conic21_opacity8_rgb10,21,full_pd_guard,-0.02970123291015625,-0.00011998414993286133,-5.558878183364868e-05,36.869529724121094,36.89923095703125,0.9714199304580688,0.9715399146080017,0.048686616122722626,0.048742204904556274,58.4650993347168,0,4819538,0,0,174244,0,0,0
hotdog,Hotdog,180,selected_coord18_conic21_opacity8_rgb10,21,full_pd_guard,-0.02645111083984375,-0.00011557340621948242,-0.0001734420657157898,36.876956939697266,36.90340805053711,0.9715030789375305,0.97161865234375,0.04834219068288803,0.04851563274860382,58.488765716552734,0,4767871,0,0,168906,0,0,0
hotdog,Hotdog,181,selected_coord18_conic21_opacity8_rgb10,21,full_pd_guard,-0.031036376953125,-9.846687316894531e-05,-7.623806595802307e-05,36.87046813964844,36.90150451660156,0.9718081951141357,0.9719066619873047,0.047710929065942764,0.04778716713190079,58.573509216308594,0,4713202,0,0,175607,0,0,0
hotdog,Hotdog,182,selected_coord18_conic21_opacity8_rgb10,21,full_pd_guard,-0.0243682861328125,-0.00012755393981933594,-0.00011974573135375977,36.884735107421875,36.90910339355469,0.9718532562255859,0.9719808101654053,0.04735952615737915,0.04747927188873291,58.58759689331055,0,4655474,0,0,182347,0,0,0
hotdog,Hotdog,183,selected_coord18_conic21_opacity8_rgb10,21,full_pd_guard,-0.0248565673828125,-0.0001131892204284668,-2.894178032875061e-05,36.934059143066406,36.95891571044922,0.9721142053604126,0.9722273945808411,0.046142660081386566,0.04617160186171532,58.55219650268555,0,4599567,0,0,197591,0,0,0
hotdog,Hotdog,184,selected_coord18_conic21_opacity8_rgb10,21,full_pd_guard,-0.0192108154296875,-8.83936882019043e-05,-7.705017924308777e-05,36.932159423828125,36.95137023925781,0.9723759293556213,0.9724643230438232,0.04576034098863602,0.045837391167879105,58.79386520385742,0,4549281,0,0,164551,0,0,0
hotdog,Hotdog,185,selected_coord18_conic21_opacity8_rgb10,21,full_pd_guard,-0.026920318603515625,-0.00010848045349121094,-6.168335676193237e-05,36.91985321044922,36.946773529052734,0.9725799560546875,0.9726884365081787,0.04429538547992706,0.044357068836688995,58.874664306640625,0,4497890,0,0,148214,0,0,0
hotdog,Hotdog,186,selected_coord18_conic21_opacity8_rgb10,21,full_pd_guard,-0.0285491943359375,-9.137392044067383e-05,-6.303936243057251e-05,36.87895965576172,36.907508850097656,0.9729903936386108,0.9730817675590515,0.04464287310838699,0.044705912470817566,58.66251754760742,0,4453408,0,0,116294,0,0,0
hotdog,Hotdog,187,selected_coord18_conic21_opacity8_rgb10,21,full_pd_guard,-0.024433135986328125,-9.721517562866211e-05,-8.082017302513123e-05,36.74325942993164,36.76769256591797,0.9728707671165466,0.9729679822921753,0.043746523559093475,0.04382734373211861,58.8990592956543,0,4411439,0,0,134663,0,0,0
hotdog,Hotdog,188,selected_coord18_conic21_opacity8_rgb10,21,full_pd_guard,-0.01938629150390625,-0.00011360645294189453,-4.29302453994751e-05,36.51551055908203,36.53489685058594,0.9725978374481201,0.972711443901062,0.04375428706407547,0.043797217309474945,58.664791107177734,0,4371466,0,0,127122,0,0,0
hotdog,Hotdog,189,selected_coord18_conic21_opacity8_rgb10,21,full_pd_guard,-0.02091217041015625,-9.459257125854492e-05,-9.4585120677948e-06,36.453216552734375,36.47412872314453,0.9726775288581848,0.9727721214294434,0.04397415742278099,0.043983615934848785,58.783531188964844,0,4337932,0,0,140332,0,0,0
hotdog,Hotdog,190,selected_coord18_conic21_opacity8_rgb10,21,full_pd_guard,-0.014129638671875,-7.277727127075195e-05,-0.00016666948795318604,36.314002990722656,36.32813262939453,0.9725566506385803,0.9726294279098511,0.044624850153923035,0.04479151964187622,59.036773681640625,0,4313979,0,0,142614,0,0,0
hotdog,Hotdog,191,selected_coord18_conic21_opacity8_rgb10,21,full_pd_guard,-0.02576446533203125,-0.00011157989501953125,-5.839020013809204e-05,36.321632385253906,36.34739685058594,0.9725251793861389,0.9726367592811584,0.04488520324230194,0.04494359344244003,58.839778900146484,0,4298953,0,0,123408,0,0,0
hotdog,Hotdog,192,selected_coord18_conic21_opacity8_rgb10,21,full_pd_guard,-0.02346038818359375,-0.00011217594146728516,-9.444728493690491e-05,36.25556182861328,36.279022216796875,0.972859799861908,0.9729719758033752,0.04380064085125923,0.043895088136196136,58.915855407714844,0,4290288,0,0,179531,0,0,0
hotdog,Hotdog,193,selected_coord18_conic21_opacity8_rgb10,21,full_pd_guard,-0.015354156494140625,-8.696317672729492e-05,-1.9371509552001953e-07,36.220252990722656,36.2356071472168,0.9729579091072083,0.9730448722839355,0.044662073254585266,0.044662266969680786,58.69078826904297,0,4287962,0,0,138680,0,0,0
hotdog,Hotdog,194,selected_coord18_conic21_opacity8_rgb10,21,full_pd_guard,-0.0149383544921875,-8.362531661987305e-05,-6.692111492156982e-05,36.22486877441406,36.23980712890625,0.9730234742164612,0.973107099533081,0.04441826045513153,0.0444851815700531,58.80925750732422,0,4294997,0,0,107516,0,0,0
hotdog,Hotdog,195,selected_coord18_conic21_opacity8_rgb10,21,full_pd_guard,-0.0070037841796875,-8.893013000488281e-05,-0.0001246817409992218,36.24540710449219,36.252410888671875,0.9730084538459778,0.9730973839759827,0.04478280618786812,0.04490748792886734,58.57872772216797,0,4310822,0,0,95324,0,0,0
hotdog,Hotdog,196,selected_coord18_conic21_opacity8_rgb10,21,full_pd_guard,-0.0160369873046875,-8.916854858398438e-05,-0.00010415911674499512,36.23094940185547,36.246986389160156,0.9728480577468872,0.9729372262954712,0.04537954926490784,0.04548370838165283,58.805030822753906,0,4346689,0,0,118181,0,0,0
hotdog,Hotdog,197,selected_coord18_conic21_opacity8_rgb10,21,full_pd_guard,-0.025890350341796875,-0.00010216236114501953,8.255243301391602e-06,36.243316650390625,36.26920700073242,0.9729886054992676,0.9730907678604126,0.044912729412317276,0.044904474169015884,58.67449188232422,0,4387779,0,0,126191,0,0,0
hotdog,Hotdog,198,selected_coord18_conic21_opacity8_rgb10,21,full_pd_guard,-0.017253875732421875,-9.47117805480957e-05,7.600709795951843e-05,36.042415618896484,36.059669494628906,0.9723446369171143,0.9724393486976624,0.04590962827205658,0.04583362117409706,58.87919616699219,0,4426453,0,0,113362,0,0,0
hotdog,Hotdog,199,selected_coord18_conic21_opacity8_rgb10,21,full_pd_guard,-0.016307830810546875,-9.125471115112305e-05,7.023289799690247e-05,35.95637893676758,35.972686767578125,0.9720837473869324,0.9721750020980835,0.045984696596860886,0.04591446369886398,58.634605407714844,0,4466963,0,0,122412,0,0,0
lego,Lego,1,selected_coord18_conic21_opacity8_rgb10,21,full_pd_guard,-0.0029850006103515625,-0.00011092424392700195,4.16487455368042e-05,27.620479583740234,27.623464584350586,0.9578652381896973,0.9579761624336243,0.06529848277568817,0.06525683403015137,55.79671859741211,0,4288394,0,0,172614,0,0,0
lego,Lego,2,selected_coord18_conic21_opacity8_rgb10,21,full_pd_guard,-0.002414703369140625,-8.481740951538086e-05,-4.996359348297119e-05,25.362503051757812,25.364917755126953,0.9535002708435059,0.9535850882530212,0.06967151165008545,0.06972147524356842,56.24024963378906,0,4145282,0,0,180548,0,0,0
lego,Lego,3,selected_coord18_conic21_opacity8_rgb10,21,full_pd_guard,-0.0050411224365234375,-0.00010585784912109375,7.56680965423584e-05,24.87506103515625,24.880102157592773,0.9505826830863953,0.9506885409355164,0.06956203281879425,0.06948636472225189,56.13707733154297,0,3980434,0,0,184519,0,0,0
lego,Lego,4,selected_coord18_conic21_opacity8_rgb10,21,full_pd_guard,-0.000732421875,-5.53131103515625e-05,-1.2949109077453613e-05,25.293167114257812,25.293899536132812,0.9488277435302734,0.948883056640625,0.06852313876152039,0.06853608787059784,56.390899658203125,0,3847401,0,0,188757,0,0,0
lego,Lego,5,selected_coord18_conic21_opacity8_rgb10,21,full_pd_guard,-0.007947921752929688,-8.147954940795898e-05,3.250688314437866e-05,27.11756134033203,27.12550926208496,0.9497435092926025,0.9498249888420105,0.06662075221538544,0.06658824533224106,56.3819580078125,0,3757795,0,0,189703,0,0,0
lego,Lego,6,selected_coord18_conic21_opacity8_rgb10,21,full_pd_guard,-0.003509521484375,-6.127357482910156e-05,-5.24371862411499e-05,27.892669677734375,27.89617919921875,0.9493146538734436,0.9493759274482727,0.06637489795684814,0.0664273351430893,56.583587646484375,0,3679017,0,0,162562,0,0,0
lego,Lego,7,selected_coord18_conic21_opacity8_rgb10,21,full_pd_guard,-0.000213623046875,-3.30805778503418e-05,4.544854164123535e-06,27.77425193786621,27.774465560913086,0.9477769732475281,0.9478100538253784,0.067349374294281,0.06734482944011688,56.277862548828125,0,3612849,0,0,181815,0,0,0
lego,Lego,8,selected_coord18_conic21_opacity8_rgb10,21,full_pd_guard,-0.0020351409912109375,-0.00011014938354492188,-1.3470649719238281e-05,26.172887802124023,26.174922943115234,0.9474672079086304,0.9475773572921753,0.06720300018787384,0.06721647083759308,56.25567626953125,0,3565583,0,0,160790,0,0,0
lego,Lego,9,selected_coord18_conic21_opacity8_rgb10,21,full_pd_guard,-0.004241943359375,-0.00010645389556884766,4.713982343673706e-05,24.72272491455078,24.726966857910156,0.9482020139694214,0.9483084678649902,0.0700160339474678,0.06996889412403107,56.205963134765625,0,3520606,0,0,169748,0,0,0
lego,Lego,10,selected_coord18_conic21_opacity8_rgb10,21,full_pd_guard,-0.0027751922607421875,-5.805492401123047e-05,4.8197805881500244e-05,24.438817977905273,24.441593170166016,0.9496558904647827,0.949713945388794,0.07013559341430664,0.07008739560842514,55.973411560058594,0,3494587,0,0,163479,0,0,0
lego,Lego,11,selected_coord18_conic21_opacity8_rgb10,21,full_pd_guard,-0.0039234161376953125,-0.00011420249938964844,5.418062210083008e-05,24.833166122436523,24.83708953857422,0.9516778588294983,0.9517920613288879,0.06779579818248749,0.06774161756038666,55.88726043701172,0,3468061,0,0,151534,0,0,0
lego,Lego,12,selected_coord18_conic21_opacity8_rgb10,21,full_pd_guard,-0.00432586669921875,-0.00010561943054199219,-4.760921001434326e-06,25.7921199798584,25.796445846557617,0.9531731605529785,0.9532787799835205,0.06593844294548035,0.06594320386648178,55.986968994140625,0,3450376,0,0,169374,0,0,0
lego,Lego,13,selected_coord18_conic21_opacity8_rgb10,21,full_pd_guard,-0.009260177612304688,-0.00014084577560424805,9.087473154067993e-05,27.652786254882812,27.662046432495117,0.9558007121086121,0.9559415578842163,0.06281246989965439,0.06272159516811371,55.757591247558594,0,3445229,0,0,167265,0,0,0
lego,Lego,14,selected_coord18_conic21_opacity8_rgb10,21,full_pd_guard,-0.012632369995117188,-0.00010538101196289062,1.8224120140075684e-05,30.612531661987305,30.625164031982422,0.9590244293212891,0.959129810333252,0.06020500883460045,0.06018678471446037,55.77814865112305,0,3440349,0,0,200577,0,0,0
lego,Lego,15,selected_coord18_conic21_opacity8_rgb10,21,full_pd_guard,-0.01955413818359375,-0.00011056661605834961,-2.477318048477173e-06,33.081031799316406,33.1005859375,0.9612566232681274,0.9613671898841858,0.05922393873333931,0.05922641605138779,55.75018310546875,0,3445397,0,0,172318,0,0,0
lego,Lego,16,selected_coord18_conic21_opacity8_rgb10,21,full_pd_guard,-0.028736114501953125,-0.0001354813575744629,-8.099526166915894e-05,33.92202377319336,33.95075988769531,0.9628142714500427,0.9629497528076172,0.05813131481409073,0.05821231007575989,55.69611740112305,0,3460922,0,0,182735,0,0,0
lego,Lego,17,selected_coord18_conic21_opacity8_rgb10,21,full_pd_guard,-0.018711090087890625,-0.00012320280075073242,1.9196420907974243e-05,33.947471618652344,33.966182708740234,0.9633381366729736,0.9634613394737244,0.057858310639858246,0.05783911421895027,55.69878387451172,0,3482022,0,0,179771,0,0,0
lego,Lego,18,selected_coord18_conic21_opacity8_rgb10,21,full_pd_guard,-0.0207061767578125,-0.00011014938354492188,-3.05958092212677e-05,33.5911979675293,33.61190414428711,0.9628182649612427,0.9629284143447876,0.06015688553452492,0.060187481343746185,55.502830505371094,0,3510407,0,0,171441,0,0,0
lego,Lego,19,selected_coord18_conic21_opacity8_rgb10,21,full_pd_guard,-0.011547088623046875,-0.00010162591934204102,-4.126131534576416e-05,33.026363372802734,33.03791046142578,0.9615873694419861,0.9616889953613281,0.06100068986415863,0.061041951179504395,55.36493682861328,0,3548359,0,0,158966,0,0,0
lego,Lego,20,selected_coord18_conic21_opacity8_rgb10,21,full_pd_guard,-0.012401580810546875,-0.00010067224502563477,-3.497302532196045e-05,32.07292175292969,32.085323333740234,0.9605506658554077,0.9606513381004333,0.06085842847824097,0.06089340150356293,55.18125915527344,0,3606449,0,0,161924,0,0,0
lego,Lego,21,selected_coord18_conic21_opacity8_rgb10,21,full_pd_guard,-0.011615753173828125,-0.00012367963790893555,-8.430331945419312e-06,31.918563842773438,31.930179595947266,0.960360586643219,0.9604842662811279,0.06085367500782013,0.06086210533976555,55.11626434326172,0,3668920,0,0,190775,0,0,0
lego,Lego,22,selected_coord18_conic21_opacity8_rgb10,21,full_pd_guard,-0.01256561279296875,-0.0001049041748046875,-5.7853758335113525e-06,32.16449737548828,32.17706298828125,0.9611332416534424,0.9612381458282471,0.06177661567926407,0.06178240105509758,55.15428161621094,0,3754893,0,0,200349,0,0,0
lego,Lego,23,selected_coord18_conic21_opacity8_rgb10,21,full_pd_guard,-0.014354705810546875,-0.00012928247451782227,-7.625669240951538e-06,32.44927978515625,32.4636344909668,0.9618311524391174,0.9619604349136353,0.06115854158997536,0.06116616725921631,55.12302780151367,0,3815005,0,0,165798,0,0,0
lego,Lego,24,selected_coord18_conic21_opacity8_rgb10,21,full_pd_guard,-0.020503997802734375,-0.00012022256851196289,-2.7041882276535034e-05,32.496578216552734,32.51708221435547,0.961520791053772,0.9616410136222839,0.062028270214796066,0.0620553120970726,54.970947265625,0,3886123,0,0,180924,0,0,0
lego,Lego,25,selected_coord18_conic21_opacity8_rgb10,21,full_pd_guard,-0.013134002685546875,-9.363889694213867e-05,-1.399219036102295e-05,32.30828857421875,32.3214225769043,0.9605154991149902,0.9606091380119324,0.06351207941770554,0.06352607160806656,55.013458251953125,0,3922495,0,0,199836,0,0,0
lego,Lego,26,selected_coord18_conic21_opacity8_rgb10,21,full_pd_guard,-0.01264190673828125,-0.00010198354721069336,-2.3886561393737793e-05,32.50958251953125,32.52222442626953,0.9609905481338501,0.9610925316810608,0.06266763806343079,0.06269152462482452,54.96682357788086,0,3839390,0,0,182345,0,0,0
lego,Lego,27,selected_coord18_conic21_opacity8_rgb10,21,full_pd_guard,-0.021148681640625,-0.00014150142669677734,-1.4856457710266113e-05,32.57788848876953,32.599037170410156,0.961287260055542,0.9614287614822388,0.062360599637031555,0.06237545609474182,54.970733642578125,0,3750688,0,0,184961,0,0,0
lego,Lego,28,selected_coord18_conic21_opacity8_rgb10,21,full_pd_guard,-0.0277862548828125,-0.00018936395645141602,8.615478873252869e-05,32.427337646484375,32.45512390136719,0.9606144428253174,0.9608038067817688,0.062218207865953445,0.06213205307722092,54.952003479003906,0,3645190,0,0,157627,0,0,0
lego,Lego,29,selected_coord18_conic21_opacity8_rgb10,21,full_pd_guard,-0.01799774169921875,-9.799003601074219e-05,6.272271275520325e-05,32.073509216308594,32.09150695800781,0.9599666595458984,0.9600646495819092,0.05981903150677681,0.059756308794021606,54.87180709838867,0,3537476,0,0,167922,0,0,0
lego,Lego,30,selected_coord18_conic21_opacity8_rgb10,21,full_pd_guard,-0.014104843139648438,-0.00011551380157470703,5.8710575103759766e-06,31.70953369140625,31.7236385345459,0.9591637849807739,0.9592792987823486,0.05914702266454697,0.05914115160703659,54.83280944824219,0,3457205,0,0,181882,0,0,0
lego,Lego,31,selected_coord18_conic21_opacity8_rgb10,21,full_pd_guard,-0.009174346923828125,-0.00011032819747924805,3.032386302947998e-05,31.317745208740234,31.326919555664062,0.9575909376144409,0.9577012658119202,0.05944867432117462,0.05941835045814514,54.82073974609375,0,3394913,0,0,172970,0,0,0
lego,Lego,32,selected_coord18_conic21_opacity8_rgb10,21,full_pd_guard,-0.013135910034179688,-0.00011712312698364258,-7.887184619903564e-05,31.057296752929688,31.070432662963867,0.9565627574920654,0.9566798806190491,0.05912518501281738,0.05920405685901642,54.91085433959961,0,3338671,0,0,168595,0,0,0
lego,Lego,33,selected_coord18_conic21_opacity8_rgb10,21,full_pd_guard,-0.015268325805664062,-0.00013577938079833984,8.095800876617432e-05,31.149351119995117,31.16461944580078,0.9567177295684814,0.9568535089492798,0.059955060482025146,0.05987410247325897,55.01891326904297,0,3301376,0,0,183184,0,0,0
lego,Lego,34,selected_coord18_conic21_opacity8_rgb10,21,full_pd_guard,-0.019739151000976562,-0.00012058019638061523,2.173706889152527e-05,31.416250228881836,31.435989379882812,0.9570149779319763,0.9571355581283569,0.05857257917523384,0.058550842106342316,55.01781463623047,0,3274760,0,0,178452,0,0,0
lego,Lego,35,selected_coord18_conic21_opacity8_rgb10,21,full_pd_guard,-0.022577285766601562,-0.00015532970428466797,-4.158914089202881e-05,31.808605194091797,31.8311824798584,0.9572727680206299,0.9574280977249146,0.05995713546872139,0.05999872460961342,55.05712127685547,0,3251889,0,0,173842,0,0,0
lego,Lego,36,selected_coord18_conic21_opacity8_rgb10,21,full_pd_guard,-0.0159759521484375,-0.00013768672943115234,1.3004988431930542e-05,32.33348846435547,32.349464416503906,0.9586208462715149,0.958758533000946,0.06050736457109451,0.06049435958266258,55.187408447265625,0,3235286,0,0,157686,0,0,0
lego,Lego,37,selected_coord18_conic21_opacity8_rgb10,21,full_pd_guard,-0.014087677001953125,-0.00013130903244018555,0.00010154396295547485,32.7692985534668,32.78338623046875,0.9603275060653687,0.9604588150978088,0.060468174517154694,0.06036663055419922,55.133323669433594,0,3225744,0,0,145397,0,0,0
lego,Lego,38,selected_coord18_conic21_opacity8_rgb10,21,full_pd_guard,-0.0084381103515625,-0.00011104345321655273,-0.0001397356390953064,32.975502014160156,32.98394012451172,0.9613401293754578,0.9614511728286743,0.06136855483055115,0.061508290469646454,55.423118591308594,0,3224933,0,0,175052,0,0,0
lego,Lego,39,selected_coord18_conic21_opacity8_rgb10,21,full_pd_guard,-0.024860382080078125,-0.00015425682067871094,3.540515899658203e-05,33.26046371459961,33.28532409667969,0.9625203013420105,0.9626745581626892,0.06222359836101532,0.06218819320201874,55.39445114135742,0,3232178,0,0,191168,0,0,0
lego,Lego,40,selected_coord18_conic21_opacity8_rgb10,21,full_pd_guard,-0.0295562744140625,-0.00013637542724609375,5.849078297615051e-05,33.289180755615234,33.3187370300293,0.9623039960861206,0.9624403715133667,0.060966022312641144,0.06090753152966499,55.58507537841797,0,3236808,0,0,181966,0,0,0
lego,Lego,41,selected_coord18_conic21_opacity8_rgb10,21,full_pd_guard,-0.01090240478515625,-0.0001010894775390625,-7.338449358940125e-05,33.25889587402344,33.269798278808594,0.9615705609321594,0.9616716504096985,0.061598408967256546,0.06167179346084595,55.667144775390625,0,3260408,0,0,149919,0,0,0
lego,Lego,42,selected_coord18_conic21_opacity8_rgb10,21,full_pd_guard,-0.02042388916015625,-0.00010001659393310547,4.587695002555847e-05,33.027896881103516,33.04832077026367,0.9605488181114197,0.9606488347053528,0.06142645329236984,0.061380576342344284,55.8924560546875,0,3281038,0,0,167731,0,0,0
lego,Lego,43,selected_coord18_conic21_opacity8_rgb10,21,full_pd_guard,-0.01247406005859375,-9.006261825561523e-05,1.2218952178955078e-05,32.340606689453125,32.35308074951172,0.9594362378120422,0.9595263004302979,0.06091839820146561,0.06090617924928665,56.039119720458984,0,3307348,0,0,144803,0,0,0
lego,Lego,44,selected_coord18_conic21_opacity8_rgb10,21,full_pd_guard,-0.010492324829101562,-0.00011247396469116211,7.091090083122253e-05,30.71791648864746,30.728408813476562,0.9574283957481384,0.9575408697128296,0.06007719412446022,0.060006283223629,56.23469161987305,0,3345584,0,0,144525,0,0,0
lego,Lego,45,selected_coord18_conic21_opacity8_rgb10,21,full_pd_guard,-0.007472991943359375,-0.00010520219802856445,9.284168481826782e-05,29.8453369140625,29.85280990600586,0.9555639624595642,0.9556691646575928,0.06199606508016586,0.061903223395347595,56.32866668701172,0,3396781,0,0,146730,0,0,0
lego,Lego,46,selected_coord18_conic21_opacity8_rgb10,21,full_pd_guard,-0.0063457489013671875,-0.00010585784912109375,-1.8808990716934204e-05,28.932884216308594,28.93922996520996,0.9552449584007263,0.9553508162498474,0.06041755899786949,0.060436367988586426,56.61687469482422,0,3457839,0,0,137712,0,0,0
lego,Lego,47,selected_coord18_conic21_opacity8_rgb10,21,full_pd_guard,-0.00183868408203125,-8.356571197509766e-05,-2.4557113647460938e-05,29.30437469482422,29.30621337890625,0.9558998942375183,0.9559834599494934,0.06068840250372887,0.06071295961737633,56.86608123779297,0,3527215,0,0,153911,0,0,0
lego,Lego,48,selected_coord18_conic21_opacity8_rgb10,21,full_pd_guard,-0.004924774169921875,-0.00010508298873901367,-2.841651439666748e-05,30.311737060546875,30.316661834716797,0.9583398699760437,0.9584449529647827,0.06038986146450043,0.060418277978897095,57.1341552734375,0,3604680,0,0,135985,0,0,0
lego,Lego,49,selected_coord18_conic21_opacity8_rgb10,21,full_pd_guard,-0.015201568603515625,-0.00010395050048828125,3.584474325180054e-05,32.02790069580078,32.0431022644043,0.9605673551559448,0.9606713056564331,0.05809815227985382,0.05806230753660202,57.23272705078125,0,3650484,0,0,140631,0,0,0
lego,Lego,50,selected_coord18_conic21_opacity8_rgb10,21,full_pd_guard,-0.00899505615234375,-0.00010091066360473633,7.651746273040771e-06,33.852176666259766,33.86117172241211,0.9601951837539673,0.960296094417572,0.056320931762456894,0.05631328001618385,57.3985595703125,0,3674738,0,0,155255,0,0,0
lego,Lego,51,selected_coord18_conic21_opacity8_rgb10,21,full_pd_guard,-0.016368865966796875,-0.0001226663589477539,-4.4576823711395264e-05,33.88103485107422,33.897403717041016,0.9589629173278809,0.9590855836868286,0.057141512632369995,0.05718608945608139,57.49382781982422,0,3635919,0,0,145494,0,0,0
lego,Lego,52,selected_coord18_conic21_opacity8_rgb10,21,full_pd_guard,-0.009613037109375,-9.435415267944336e-05,9.452179074287415e-05,33.66654586791992,33.6761589050293,0.95723557472229,0.9573299288749695,0.05941016972064972,0.059315647929906845,57.79779052734375,0,3546004,0,0,146470,0,0,0
lego,Lego,53,selected_coord18_conic21_opacity8_rgb10,21,full_pd_guard,-0.01213836669921875,-9.906291961669922e-05,-4.4543296098709106e-05,33.96343231201172,33.97557067871094,0.9569660425186157,0.9570651054382324,0.05843988060951233,0.05848442390561104,57.59925842285156,0,3456086,0,0,143932,0,0,0
lego,Lego,54,selected_coord18_conic21_opacity8_rgb10,21,full_pd_guard,-0.01629638671875,-9.936094284057617e-05,-9.350478649139404e-05,34.12744140625,34.14373779296875,0.9567551016807556,0.9568544626235962,0.05905436724424362,0.059147872030735016,57.447120666503906,0,3377351,0,0,153570,0,0,0
lego,Lego,55,selected_coord18_conic21_opacity8_rgb10,21,full_pd_guard,-0.019195556640625,-9.697675704956055e-05,4.816800355911255e-05,34.031917572021484,34.05111312866211,0.9567530155181885,0.956849992275238,0.05991163104772568,0.059863463044166565,57.014007568359375,0,3308371,0,0,165772,0,0,0
lego,Lego,56,selected_coord18_conic21_opacity8_rgb10,21,full_pd_guard,-0.01342010498046875,-0.00011235475540161133,1.3675540685653687e-05,34.03289031982422,34.04631042480469,0.9575515985488892,0.9576639533042908,0.05927922949194908,0.05926555395126343,56.96202850341797,0,3251969,0,0,160115,0,0,0
lego,Lego,57,selected_coord18_conic21_opacity8_rgb10,21,full_pd_guard,-0.02191925048828125,-0.0001341104507446289,-6.02230429649353e-05,34.034141540527344,34.056060791015625,0.958301305770874,0.9584354162216187,0.058427490293979645,0.05848771333694458,56.85029220581055,0,3211369,0,0,149172,0,0,0
lego,Lego,58,selected_coord18_conic21_opacity8_rgb10,21,full_pd_guard,-0.016841888427734375,-0.00011307001113891602,-8.094310760498047e-05,34.00249481201172,34.01933670043945,0.9596737027168274,0.9597867727279663,0.058427006006240845,0.058507949113845825,56.511207580566406,0,3176140,0,0,137936,0,0,0
lego,Lego,59,selected_coord18_conic21_opacity8_rgb10,21,full_pd_guard,-0.01642608642578125,-0.0001322627067565918,1.043081283569336e-07,33.95466613769531,33.971092224121094,0.9607858657836914,0.960918128490448,0.05603035166859627,0.05603024736046791,56.41033172607422,0,3147817,0,0,163133,0,0,0
lego,Lego,60,selected_coord18_conic21_opacity8_rgb10,21,full_pd_guard,-0.01190948486328125,-0.00011974573135375977,-0.00010505691170692444,34.02165222167969,34.03356170654297,0.9627651572227478,0.9628849029541016,0.05375196784734726,0.053857024759054184,56.55025863647461,0,3128962,0,0,166303,0,0,0
lego,Lego,61,selected_coord18_conic21_opacity8_rgb10,21,full_pd_guard,-0.005878448486328125,-8.362531661987305e-05,-4.756078124046326e-05,33.97016143798828,33.97603988647461,0.9640382528305054,0.9641218781471252,0.05064161494374275,0.050689175724983215,56.226654052734375,0,3105997,0,0,171663,0,0,0
lego,Lego,62,selected_coord18_conic21_opacity8_rgb10,21,full_pd_guard,-0.008331298828125,-9.47713851928711e-05,-0.00012595206499099731,33.7512321472168,33.75956344604492,0.9648093581199646,0.9649041295051575,0.04777822643518448,0.047904178500175476,56.13353729248047,0,3091040,0,0,163610,0,0,0
lego,Lego,63,selected_coord18_conic21_opacity8_rgb10,21,full_pd_guard,-0.014301300048828125,-0.00011616945266723633,1.237913966178894e-05,33.619529724121094,33.63383102416992,0.9650604128837585,0.9651765823364258,0.047833316028118134,0.047820936888456345,55.99846649169922,0,3085310,0,0,150441,0,0,0
lego,Lego,64,selected_coord18_conic21_opacity8_rgb10,21,full_pd_guard,-0.009441375732421875,-8.618831634521484e-05,-5.672872066497803e-05,33.52561950683594,33.53506088256836,0.965555727481842,0.9656419157981873,0.04659446328878403,0.046651192009449005,55.928993225097656,0,3076224,0,0,155102,0,0,0
lego,Lego,65,selected_coord18_conic21_opacity8_rgb10,21,full_pd_guard,-0.01461029052734375,-9.1552734375e-05,-9.931996464729309e-05,33.43989562988281,33.454505920410156,0.9663768410682678,0.9664683938026428,0.04679982736706734,0.04689914733171463,55.95510482788086,0,3072053,0,0,161947,0,0,0
lego,Lego,66,selected_coord18_conic21_opacity8_rgb10,21,full_pd_guard,-0.010517120361328125,-8.58306884765625e-05,-7.94343650341034e-05,33.34560012817383,33.356117248535156,0.9667918086051941,0.9668776392936707,0.047381266951560974,0.04746070131659508,56.067466735839844,0,3069789,0,0,169151,0,0,0
lego,Lego,67,selected_coord18_conic21_opacity8_rgb10,21,full_pd_guard,-0.008213043212890625,-0.00010591745376586914,-9.373575448989868e-05,33.1263427734375,33.13455581665039,0.9665018916130066,0.9666078090667725,0.04872869700193405,0.04882243275642395,56.05062484741211,0,3070866,0,0,155068,0,0,0
lego,Lego,68,selected_coord18_conic21_opacity8_rgb10,21,full_pd_guard,-0.004222869873046875,-8.153915405273438e-05,-0.0001443810760974884,32.7866096496582,32.79083251953125,0.9667036533355713,0.966785192489624,0.05012282356619835,0.05026720464229584,55.85566329956055,0,3063583,0,0,182180,0,0,0
lego,Lego,69,selected_coord18_conic21_opacity8_rgb10,21,full_pd_guard,-0.00031280517578125,-6.824731826782227e-05,2.1327286958694458e-05,32.599632263183594,32.599945068359375,0.9669896960258484,0.9670579433441162,0.0517905056476593,0.05176917836070061,55.94964599609375,0,3072791,0,0,179112,0,0,0
lego,Lego,70,selected_coord18_conic21_opacity8_rgb10,21,full_pd_guard,-0.000736236572265625,-6.651878356933594e-05,-5.283579230308533e-05,32.31995391845703,32.3206901550293,0.9675033688545227,0.967569887638092,0.051087185740470886,0.05114002153277397,55.86658477783203,0,3082699,0,0,165106,0,0,0
lego,Lego,71,selected_coord18_conic21_opacity8_rgb10,21,full_pd_guard,-0.0015354156494140625,-7.778406143188477e-05,5.109608173370361e-05,31.54390525817871,31.545440673828125,0.9652348160743713,0.9653126001358032,0.05215819180011749,0.05210709571838379,55.59516143798828,0,3095625,0,0,175258,0,0,0
lego,Lego,72,selected_coord18_conic21_opacity8_rgb10,21,full_pd_guard,0.007045745849609375,-4.571676254272461e-05,-0.00015256553888320923,30.484249114990234,30.477203369140625,0.9619872570037842,0.9620329737663269,0.05201972275972366,0.05217228829860687,55.831565856933594,0,3106931,0,0,172932,0,0,0
lego,Lego,73,selected_coord18_conic21_opacity8_rgb10,21,full_pd_guard,-0.0010128021240234375,-6.181001663208008e-05,-8.565932512283325e-05,29.655532836914062,29.656545639038086,0.9584294557571411,0.9584912657737732,0.054510608315467834,0.05459626764059067,55.909786224365234,0,3145469,0,0,169759,0,0,0
lego,Lego,74,selected_coord18_conic21_opacity8_rgb10,21,full_pd_guard,0.0004215240478515625,-3.886222839355469e-05,-8.501484990119934e-05,29.453664779663086,29.453243255615234,0.9562293291091919,0.9562681913375854,0.055167194455862045,0.055252209305763245,55.96809005737305,0,3159317,0,0,164391,0,0,0
lego,Lego,75,selected_coord18_conic21_opacity8_rgb10,21,full_pd_guard,0.0074100494384765625,-4.76837158203125e-05,-0.0002861618995666504,29.2607421875,29.253332138061523,0.9536111950874329,0.9536588788032532,0.05896783247590065,0.0592539943754673,55.75718307495117,0,3172091,0,0,158769,0,0,0
lego,Lego,76,selected_coord18_conic21_opacity8_rgb10,21,full_pd_guard,-0.00330352783203125,-7.992982864379883e-05,-7.67335295677185e-05,29.210182189941406,29.213485717773438,0.9524821639060974,0.9525620937347412,0.05912990868091583,0.05920664221048355,55.874324798583984,0,3178390,0,0,179428,0,0,0
lego,Lego,77,selected_coord18_conic21_opacity8_rgb10,21,full_pd_guard,0.00273895263671875,-2.682209014892578e-05,-7.56196677684784e-05,29.28820037841797,29.28546142578125,0.9519117474555969,0.9519385695457458,0.060400284826755524,0.060475904494524,56.003414154052734,0,3150076,0,0,178708,0,0,0
lego,Lego,78,selected_coord18_conic21_opacity8_rgb10,21,full_pd_guard,-0.004375457763671875,-7.873773574829102e-05,-3.814697265625e-05,29.24224853515625,29.246623992919922,0.9511181712150574,0.9511969089508057,0.06125808507204056,0.06129623204469681,55.72138977050781,0,3124072,0,0,146528,0,0,0
lego,Lego,79,selected_coord18_conic21_opacity8_rgb10,21,full_pd_guard,-0.002399444580078125,-8.505582809448242e-05,-9.592995047569275e-05,29.23737335205078,29.23977279663086,0.9498255252838135,0.949910581111908,0.06208106502890587,0.06217699497938156,55.50181579589844,0,3113417,0,0,195053,0,0,0
lego,Lego,80,selected_coord18_conic21_opacity8_rgb10,21,full_pd_guard,-0.003692626953125,-6.109476089477539e-05,-6.924569606781006e-05,29.490325927734375,29.4940185546875,0.9493096470832825,0.9493707418441772,0.06294077634811401,0.06301002204418182,55.765625,0,3103973,0,0,171538,0,0,0
lego,Lego,81,selected_coord18_conic21_opacity8_rgb10,21,full_pd_guard,-0.0007724761962890625,-6.300210952758789e-05,-8.232146501541138e-05,29.459774017333984,29.460546493530273,0.9476373195648193,0.9477003216743469,0.06346560269594193,0.06354792416095734,55.71171188354492,0,3088097,0,0,199321,0,0,0
lego,Lego,82,selected_coord18_conic21_opacity8_rgb10,21,full_pd_guard,0.00299072265625,-2.193450927734375e-05,-3.809481859207153e-05,29.50594711303711,29.50295639038086,0.9464714527130127,0.94649338722229,0.06420393288135529,0.06424202769994736,55.782649993896484,0,3073069,0,0,193206,0,0,0
lego,Lego,83,selected_coord18_conic21_opacity8_rgb10,21,full_pd_guard,-0.00632476806640625,-8.493661880493164e-05,7.972121238708496e-06,29.656028747558594,29.662353515625,0.9462579488754272,0.9463428854942322,0.06561410427093506,0.06560613214969635,55.833168029785156,0,3071400,0,0,181181,0,0,0
lego,Lego,84,selected_coord18_conic21_opacity8_rgb10,21,full_pd_guard,-0.0096893310546875,-0.00010102987289428711,4.351139068603516e-06,29.643539428710938,29.653228759765625,0.945530891418457,0.9456319212913513,0.06676210463047028,0.06675775349140167,55.68597412109375,0,3068436,0,0,176290,0,0,0
lego,Lego,85,selected_coord18_conic21_opacity8_rgb10,21,full_pd_guard,-0.0011959075927734375,-6.383657455444336e-05,-6.987154483795166e-05,29.867162704467773,29.868358612060547,0.9461523294448853,0.9462161660194397,0.06692592799663544,0.06699579954147339,55.788291931152344,0,3073449,0,0,162296,0,0,0
lego,Lego,86,selected_coord18_conic21_opacity8_rgb10,21,full_pd_guard,-0.0017547607421875,-6.669759750366211e-05,-9.276717901229858e-05,30.088359832763672,30.09011459350586,0.9462908506393433,0.9463575482368469,0.06564833223819733,0.06574109941720963,55.852630615234375,0,3073540,0,0,158943,0,0,0
lego,Lego,87,selected_coord18_conic21_opacity8_rgb10,21,full_pd_guard,-0.0036296844482421875,-8.636713027954102e-05,1.459568738937378e-05,30.161474227905273,30.165103912353516,0.9456830620765686,0.9457694292068481,0.06507930159568787,0.06506470590829849,55.7661247253418,0,3075563,0,0,162725,0,0,0
lego,Lego,88,selected_coord18_conic21_opacity8_rgb10,21,full_pd_guard,-0.0047855377197265625,-3.510713577270508e-05,4.246830940246582e-05,30.129817962646484,30.13460350036621,0.9449308514595032,0.9449659585952759,0.06498205661773682,0.06493958830833435,56.06498336791992,0,3075221,0,0,178400,0,0,0
lego,Lego,89,selected_coord18_conic21_opacity8_rgb10,21,full_pd_guard,-0.004913330078125,-6.23464584350586e-05,1.8931925296783447e-05,29.984121322631836,29.98903465270996,0.9446884393692017,0.9447507858276367,0.06456411629915237,0.06454518437385559,55.96387481689453,0,3072813,0,0,182882,0,0,0
lego,Lego,90,selected_coord18_conic21_opacity8_rgb10,21,full_pd_guard,0.001369476318359375,-5.316734313964844e-05,1.7814338207244873e-05,29.858394622802734,29.857025146484375,0.9445956945419312,0.9446488618850708,0.06407120078802109,0.06405338644981384,56.28367233276367,0,3074461,0,0,181188,0,0,0
lego,Lego,91,selected_coord18_conic21_opacity8_rgb10,21,full_pd_guard,-0.0061321258544921875,-6.473064422607422e-05,6.75395131111145e-05,29.93780517578125,29.943937301635742,0.9459586143493652,0.9460233449935913,0.0623287633061409,0.062261223793029785,56.49633026123047,0,3069423,0,0,183523,0,0,0
lego,Lego,92,selected_coord18_conic21_opacity8_rgb10,21,full_pd_guard,-0.00324249267578125,-9.012222290039062e-05,-4.78401780128479e-05,30.09854507446289,30.101787567138672,0.9476358294487,0.9477259516716003,0.060468640178442,0.06051648035645485,56.40470886230469,0,3068809,0,0,168812,0,0,0
lego,Lego,93,selected_coord18_conic21_opacity8_rgb10,21,full_pd_guard,-0.008358001708984375,-9.530782699584961e-05,0.0001224018633365631,30.385570526123047,30.39392852783203,0.9500482082366943,0.9501435160636902,0.057623352855443954,0.05750095099210739,56.56943893432617,0,3057970,0,0,160708,0,0,0
lego,Lego,94,selected_coord18_conic21_opacity8_rgb10,21,full_pd_guard,-0.0046024322509765625,-5.555152893066406e-05,-7.197633385658264e-05,30.853633880615234,30.85823631286621,0.953977644443512,0.9540331959724426,0.053579553961753845,0.05365153029561043,56.8646240234375,0,3064026,0,0,134324,0,0,0
lego,Lego,95,selected_coord18_conic21_opacity8_rgb10,21,full_pd_guard,-0.006999969482421875,-8.940696716308594e-05,-2.302229404449463e-06,31.50722885131836,31.51422882080078,0.9582710266113281,0.9583604335784912,0.050072185695171356,0.050074487924575806,56.648338317871094,0,3070219,0,0,166810,0,0,0
lego,Lego,96,selected_coord18_conic21_opacity8_rgb10,21,full_pd_guard,-0.00145721435546875,-2.6464462280273438e-05,-0.00012359023094177246,32.41968536376953,32.421142578125,0.9636448621749878,0.9636713266372681,0.04612359404563904,0.04624718427658081,56.942169189453125,0,3076003,0,0,152696,0,0,0
lego,Lego,97,selected_coord18_conic21_opacity8_rgb10,21,full_pd_guard,0.0021209716796875,-4.863739013671875e-05,-3.1717121601104736e-05,32.94007873535156,32.937957763671875,0.966988205909729,0.9670368432998657,0.04453818500041962,0.04456990212202072,57.27876281738281,0,3087660,0,0,161424,0,0,0
lego,Lego,98,selected_coord18_conic21_opacity8_rgb10,21,full_pd_guard,0.009372711181640625,-5.310773849487305e-05,-0.00012071430683135986,32.97367858886719,32.96430587768555,0.968323826789856,0.9683769345283508,0.04306373745203018,0.04318445175886154,57.56057357788086,0,3103307,0,0,150770,0,0,0
lego,Lego,99,selected_coord18_conic21_opacity8_rgb10,21,full_pd_guard,0.01055145263671875,-3.898143768310547e-05,-7.21365213394165e-05,32.703819274902344,32.693267822265625,0.967272937297821,0.9673119187355042,0.04269807040691376,0.042770206928253174,57.9254264831543,0,3143217,0,0,143226,0,0,0
lego,Lego,100,selected_coord18_conic21_opacity8_rgb10,21,full_pd_guard,0.005584716796875,-3.510713577270508e-05,-7.791072130203247e-05,33.01646423339844,33.01087951660156,0.9681981801986694,0.9682332873344421,0.04200892895460129,0.04208683967590332,58.40565490722656,0,3140434,0,0,139032,0,0,0
lego,Lego,101,selected_coord18_conic21_opacity8_rgb10,21,full_pd_guard,0.014667510986328125,-4.8220157623291016e-05,-0.00014159828424453735,32.99074172973633,32.97607421875,0.9676315188407898,0.9676797389984131,0.04131380841135979,0.041455406695604324,58.207054138183594,0,3151245,0,0,152883,0,0,0
lego,Lego,102,selected_coord18_conic21_opacity8_rgb10,21,full_pd_guard,0.01175689697265625,-3.6835670471191406e-05,-7.740408182144165e-05,33.597843170166016,33.58608627319336,0.9684816598892212,0.9685184955596924,0.042445108294487,0.04252251237630844,57.97651290893555,0,3132590,0,0,149758,0,0,0
lego,Lego,103,selected_coord18_conic21_opacity8_rgb10,21,full_pd_guard,0.000270843505859375,-8.70823860168457e-05,-2.553313970565796e-05,33.61227035522461,33.61199951171875,0.9678659439086914,0.9679530262947083,0.04368071258068085,0.043706245720386505,57.9309196472168,0,3128990,0,0,156610,0,0,0
lego,Lego,104,selected_coord18_conic21_opacity8_rgb10,21,full_pd_guard,0.000171661376953125,-8.475780487060547e-05,-3.372505307197571e-05,32.64447021484375,32.6442985534668,0.9645125269889832,0.9645972847938538,0.04533505067229271,0.045368775725364685,57.289222717285156,0,3120849,0,0,167413,0,0,0
lego,Lego,105,selected_coord18_conic21_opacity8_rgb10,21,full_pd_guard,-0.009552001953125,-0.00012570619583129883,6.387010216712952e-05,32.10108947753906,32.11064147949219,0.9608194828033447,0.960945188999176,0.04780716076493263,0.0477432906627655,57.32169723510742,0,3120253,0,0,147938,0,0,0
lego,Lego,106,selected_coord18_conic21_opacity8_rgb10,21,full_pd_guard,0.00035858154296875,-7.432699203491211e-05,-4.159659147262573e-05,32.17591094970703,32.17555236816406,0.9588975310325623,0.9589718580245972,0.04980131983757019,0.049842916429042816,57.35183334350586,0,3118870,0,0,165570,0,0,0
lego,Lego,107,selected_coord18_conic21_opacity8_rgb10,21,full_pd_guard,-0.00345611572265625,-0.00011467933654785156,-0.00013933703303337097,32.45928192138672,32.462738037109375,0.9586474299430847,0.9587621092796326,0.05069909244775772,0.05083842948079109,56.94231414794922,0,3113146,0,0,169620,0,0,0
lego,Lego,108,selected_coord18_conic21_opacity8_rgb10,21,full_pd_guard,0.003131866455078125,-0.00011032819747924805,-6.235390901565552e-05,32.621917724609375,32.6187858581543,0.9584968686103821,0.9586071968078613,0.05245933681726456,0.05252169072628021,57.13300704956055,0,3124524,0,0,162475,0,0,0
lego,Lego,109,selected_coord18_conic21_opacity8_rgb10,21,full_pd_guard,-0.0033416748046875,-6.723403930664062e-05,-2.6617199182510376e-05,32.805870056152344,32.80921173095703,0.9591406583786011,0.9592078924179077,0.05307828262448311,0.05310489982366562,56.678955078125,0,3134980,0,0,190535,0,0,0
lego,Lego,110,selected_coord18_conic21_opacity8_rgb10,21,full_pd_guard,-0.009410858154296875,-0.00011450052261352539,-2.952665090560913e-05,33.02631759643555,33.035728454589844,0.9587135314941406,0.9588280320167542,0.05384312570095062,0.05387265235185623,56.84605026245117,0,3136829,0,0,231034,0,0,0
lego,Lego,111,selected_coord18_conic21_opacity8_rgb10,21,full_pd_guard,-0.014286041259765625,-0.00014644861221313477,-4.17269766330719e-05,33.16034698486328,33.17463302612305,0.9585844278335571,0.9587308764457703,0.055122531950473785,0.05516425892710686,56.57599639892578,0,3145349,0,0,195737,0,0,0
lego,Lego,112,selected_coord18_conic21_opacity8_rgb10,21,full_pd_guard,-0.008777618408203125,-0.00010651350021362305,-2.3912638425827026e-05,33.275325775146484,33.28410339355469,0.95914626121521,0.9592527747154236,0.05436300113797188,0.054386913776397705,56.66905975341797,0,3148636,0,0,195399,0,0,0
lego,Lego,113,selected_coord18_conic21_opacity8_rgb10,21,full_pd_guard,-0.00977325439453125,-0.00010710954666137695,-0.00010360777378082275,33.099029541015625,33.108802795410156,0.9591832756996155,0.9592903852462769,0.05602871626615524,0.056132324039936066,56.517940521240234,0,3151314,0,0,215586,0,0,0
lego,Lego,114,selected_coord18_conic21_opacity8_rgb10,21,full_pd_guard,0.001678466796875,-8.33272933959961e-05,9.826570749282837e-05,32.796546936035156,32.79486846923828,0.9583726525306702,0.9584559798240662,0.057635482400655746,0.05753721669316292,56.39164733886719,0,3145242,0,0,210502,0,0,0
lego,Lego,115,selected_coord18_conic21_opacity8_rgb10,21,full_pd_guard,0.00186920166015625,-8.308887481689453e-05,8.982419967651367e-05,32.45515823364258,32.45328903198242,0.9572693109512329,0.9573523998260498,0.060525067150592804,0.06043524295091629,56.60300827026367,0,3144131,0,0,187136,0,0,0
lego,Lego,116,selected_coord18_conic21_opacity8_rgb10,21,full_pd_guard,-0.0045166015625,-8.690357208251953e-05,2.9906630516052246e-05,32.17448043823242,32.17899703979492,0.9565278887748718,0.9566147923469543,0.05963476002216339,0.05960485339164734,56.280418395996094,0,3145103,0,0,205322,0,0,0
lego,Lego,117,selected_coord18_conic21_opacity8_rgb10,21,full_pd_guard,-0.0074920654296875,-8.404254913330078e-05,2.310052514076233e-05,31.910659790039062,31.91815185546875,0.956275463104248,0.9563595056533813,0.05981793254613876,0.059794832020998,56.36942672729492,0,3145580,0,0,192827,0,0,0
lego,Lego,118,selected_coord18_conic21_opacity8_rgb10,21,full_pd_guard,0.0019168853759765625,-0.00010120868682861328,3.855675458908081e-05,31.689809799194336,31.68789291381836,0.9574377536773682,0.9575389623641968,0.05916232615709305,0.05912376940250397,56.35035705566406,0,3135963,0,0,180034,0,0,0
lego,Lego,119,selected_coord18_conic21_opacity8_rgb10,21,full_pd_guard,0.0050106048583984375,-6.35385513305664e-05,3.520399332046509e-05,31.67792320251465,31.67291259765625,0.9585180282592773,0.9585815668106079,0.057746924459934235,0.05771172046661377,56.23344421386719,0,3141781,0,0,180056,0,0,0
lego,Lego,120,selected_coord18_conic21_opacity8_rgb10,21,full_pd_guard,-0.0027942657470703125,-0.00011211633682250977,-3.421679139137268e-05,31.840892791748047,31.843687057495117,0.959948718547821,0.9600608348846436,0.057600609958171844,0.05763482674956322,56.06643295288086,0,3152041,0,0,192704,0,0,0
lego,Lego,121,selected_coord18_conic21_opacity8_rgb10,21,full_pd_guard,-0.001220703125,-9.369850158691406e-05,1.6260892152786255e-05,31.58535385131836,31.58657455444336,0.9605463147163391,0.960640013217926,0.05794142186641693,0.057925160974264145,55.9707145690918,0,3155748,0,0,201899,0,0,0
lego,Lego,122,selected_coord18_conic21_opacity8_rgb10,21,full_pd_guard,0.0009365081787109375,-7.557868957519531e-05,-5.984306335449219e-05,31.639934539794922,31.63899803161621,0.9622228145599365,0.9622983932495117,0.05589980259537697,0.05595964565873146,55.9383659362793,0,3150712,0,0,164656,0,0,0
lego,Lego,123,selected_coord18_conic21_opacity8_rgb10,21,full_pd_guard,-0.001575469970703125,-7.790327072143555e-05,-2.1085143089294434e-05,31.71839141845703,31.719966888427734,0.9635953307151794,0.9636732339859009,0.054054610431194305,0.0540756955742836,56.00492858886719,0,3160195,0,0,181101,0,0,0
lego,Lego,124,selected_coord18_conic21_opacity8_rgb10,21,full_pd_guard,0.0029087066650390625,-7.015466690063477e-05,-0.00014387443661689758,31.749481201171875,31.746572494506836,0.9654439091682434,0.965514063835144,0.05323728173971176,0.05338115617632866,55.74930953979492,0,3179197,0,0,164840,0,0,0
lego,Lego,125,selected_coord18_conic21_opacity8_rgb10,21,full_pd_guard,0.0073566436767578125,-5.269050598144531e-05,-0.0001300424337387085,31.991636276245117,31.98427963256836,0.9678633213043213,0.9679160118103027,0.05168691277503967,0.05181695520877838,55.42369842529297,0,3175174,0,0,170927,0,0,0
lego,Lego,126,selected_coord18_conic21_opacity8_rgb10,21,full_pd_guard,0.0077762603759765625,-5.418062210083008e-05,-8.890405297279358e-05,31.798315048217773,31.790538787841797,0.9683591723442078,0.9684133529663086,0.050291772931814194,0.05038067698478699,55.737884521484375,0,3145736,0,0,171232,0,0,0
lego,Lego,127,selected_coord18_conic21_opacity8_rgb10,21,full_pd_guard,0.0009822845458984375,-8.016824722290039e-05,-6.60531222820282e-05,31.524707794189453,31.523725509643555,0.9678690433502197,0.9679492115974426,0.04859916493296623,0.04866521805524826,55.52668380737305,0,3119853,0,0,186071,0,0,0
lego,Lego,128,selected_coord18_conic21_opacity8_rgb10,21,full_pd_guard,0.0021343231201171875,-6.61611557006836e-05,-0.00010709092020988464,31.860950469970703,31.858816146850586,0.9684121012687683,0.968478262424469,0.04914488643407822,0.0492519773542881,55.57896041870117,0,3076486,0,0,185521,0,0,0
lego,Lego,129,selected_coord18_conic21_opacity8_rgb10,21,full_pd_guard,-0.0056915283203125,-0.00010067224502563477,-8.845329284667969e-05,32.256675720214844,32.262367248535156,0.9680209755897522,0.9681216478347778,0.04966277629137039,0.04975122958421707,55.297950744628906,0,3057936,0,0,150470,0,0,0
lego,Lego,130,selected_coord18_conic21_opacity8_rgb10,21,full_pd_guard,0.0028839111328125,-8.386373519897461e-05,-0.0001236051321029663,32.568763732910156,32.565879821777344,0.9676563739776611,0.9677402377128601,0.050148576498031616,0.05027218163013458,55.34467315673828,0,3038967,0,0,146142,0,0,0
lego,Lego,131,selected_coord18_conic21_opacity8_rgb10,21,full_pd_guard,0.000946044921875,-0.0001055598258972168,3.517046570777893e-05,32.6722412109375,32.671295166015625,0.9672644138336182,0.9673699736595154,0.050614308565855026,0.05057913810014725,55.36323547363281,0,3021517,0,0,151988,0,0,0
lego,Lego,132,selected_coord18_conic21_opacity8_rgb10,21,full_pd_guard,-0.011119842529296875,-0.00011283159255981445,-5.054473876953125e-05,32.777462005615234,32.78858184814453,0.9675865769386292,0.967699408531189,0.049544163048267365,0.049594707787036896,55.464839935302734,0,3007529,0,0,167633,0,0,0
lego,Lego,133,selected_coord18_conic21_opacity8_rgb10,21,full_pd_guard,-0.0110321044921875,-0.00012940168380737305,2.0820647478103638e-05,32.973228454589844,32.98426055908203,0.9675726890563965,0.9677020907402039,0.05046706274151802,0.05044624209403992,55.584983825683594,0,3004487,0,0,166828,0,0,0
lego,Lego,134,selected_coord18_conic21_opacity8_rgb10,21,full_pd_guard,-0.01546478271484375,-0.00011032819747924805,-7.82310962677002e-07,32.92030334472656,32.935768127441406,0.9670721292495728,0.967182457447052,0.05059894174337387,0.05059972405433655,55.412193298339844,0,2999351,0,0,155027,0,0,0
lego,Lego,135,selected_coord18_conic21_opacity8_rgb10,21,full_pd_guard,-0.0213165283203125,-0.00013202428817749023,9.7714364528656e-06,32.715667724609375,32.73698425292969,0.9652978777885437,0.9654299020767212,0.05281731113791466,0.05280753970146179,55.62097930908203,0,2998830,0,0,147571,0,0,0
lego,Lego,136,selected_coord18_conic21_opacity8_rgb10,21,full_pd_guard,-0.014835357666015625,-0.00012320280075073242,-7.047131657600403e-05,32.25939178466797,32.274227142333984,0.9627678394317627,0.9628910422325134,0.05539615824818611,0.055466629564762115,55.636810302734375,0,3000487,0,0,161286,0,0,0
lego,Lego,137,selected_coord18_conic21_opacity8_rgb10,21,full_pd_guard,-0.017301559448242188,-0.00012022256851196289,-5.413219332695007e-05,31.919782638549805,31.937084197998047,0.960425615310669,0.9605458378791809,0.05713503062725067,0.05718916282057762,55.62982177734375,0,3006966,0,0,156497,0,0,0
lego,Lego,138,selected_coord18_conic21_opacity8_rgb10,21,full_pd_guard,-0.008554458618164062,-0.00012254714965820312,-4.0609389543533325e-05,31.814725875854492,31.823280334472656,0.9586804509162903,0.9588029980659485,0.059563588351011276,0.05960419774055481,55.426666259765625,0,3011643,0,0,149236,0,0,0
lego,Lego,139,selected_coord18_conic21_opacity8_rgb10,21,full_pd_guard,-0.011138916015625,-9.840726852416992e-05,2.4631619453430176e-05,31.794729232788086,31.80586814880371,0.9574517607688904,0.9575501680374146,0.0607953742146492,0.06077074259519577,55.45793914794922,0,3026379,0,0,168642,0,0,0
lego,Lego,140,selected_coord18_conic21_opacity8_rgb10,21,full_pd_guard,-0.017145156860351562,-0.00013303756713867188,-1.2353062629699707e-05,31.756521224975586,31.773666381835938,0.9564557671546936,0.9565888047218323,0.06292928755283356,0.06294164061546326,55.667015075683594,0,3047579,0,0,162751,0,0,0
lego,Lego,141,selected_coord18_conic21_opacity8_rgb10,21,full_pd_guard,-0.009786605834960938,-0.0001112818717956543,-8.33272933959961e-05,31.88348388671875,31.89327049255371,0.9566701054573059,0.9567813873291016,0.06304298341274261,0.06312631070613861,55.93645477294922,0,3067049,0,0,161850,0,0,0
lego,Lego,142,selected_coord18_conic21_opacity8_rgb10,21,full_pd_guard,-0.008831024169921875,-7.95125961303711e-05,2.3312866687774658e-05,32.16581344604492,32.174644470214844,0.9577286839485168,0.9578081965446472,0.062243763357400894,0.06222045049071312,55.748043060302734,0,3098286,0,0,150875,0,0,0
lego,Lego,143,selected_coord18_conic21_opacity8_rgb10,21,full_pd_guard,-0.017642974853515625,-0.00011831521987915039,2.5372952222824097e-05,32.11050033569336,32.128143310546875,0.9581205248832703,0.9582388401031494,0.06040951982140541,0.06038414686918259,56.05485153198242,0,3139212,0,0,157058,0,0,0
lego,Lego,144,selected_coord18_conic21_opacity8_rgb10,21,full_pd_guard,-0.008792877197265625,-9.953975677490234e-05,2.5909394025802612e-05,32.04479217529297,32.053585052490234,0.9581862688064575,0.9582858085632324,0.060440775007009506,0.060414865612983704,56.36279296875,0,3178233,0,0,146793,0,0,0
lego,Lego,145,selected_coord18_conic21_opacity8_rgb10,21,full_pd_guard,-0.006221771240234375,-7.545948028564453e-05,0.00010048970580101013,31.243240356445312,31.249462127685547,0.9576910138130188,0.9577664732933044,0.0607609823346138,0.06066049262881279,56.521751403808594,0,3240529,0,0,176534,0,0,0
lego,Lego,146,selected_coord18_conic21_opacity8_rgb10,21,full_pd_guard,-0.00214385986328125,-7.87973403930664e-05,-3.4246593713760376e-05,30.67251968383789,30.674663543701172,0.9580210447311401,0.9580998420715332,0.05932449921965599,0.05935874581336975,56.85175704956055,0,3315125,0,0,132016,0,0,0
lego,Lego,147,selected_coord18_conic21_opacity8_rgb10,21,full_pd_guard,-0.0023555755615234375,-6.03795051574707e-05,-4.476308822631836e-05,30.78521728515625,30.787572860717773,0.959534764289856,0.9595951437950134,0.0590357705950737,0.05908053368330002,57.116676330566406,0,3405736,0,0,146911,0,0,0
lego,Lego,148,selected_coord18_conic21_opacity8_rgb10,21,full_pd_guard,-0.00939178466796875,-0.00011205673217773438,1.6763806343078613e-07,31.012046813964844,31.021438598632812,0.961649477481842,0.9617615342140198,0.05734042078256607,0.05734025314450264,57.22663497924805,0,3505037,0,0,139254,0,0,0
lego,Lego,149,selected_coord18_conic21_opacity8_rgb10,21,full_pd_guard,-0.0061492919921875,-0.00011461973190307617,0.0001150965690612793,32.29955291748047,32.305702209472656,0.9626405835151672,0.9627552032470703,0.05635809153318405,0.05624299496412277,57.431678771972656,0,3572429,0,0,156922,0,0,0
lego,Lego,150,selected_coord18_conic21_opacity8_rgb10,21,full_pd_guard,-0.016529083251953125,-0.00011223554611206055,2.7082860469818115e-05,33.810890197753906,33.82741928100586,0.9605275988578796,0.9606398344039917,0.05733398720622063,0.05730690434575081,57.281944274902344,0,3628350,0,0,148337,0,0,0
lego,Lego,151,selected_coord18_conic21_opacity8_rgb10,21,full_pd_guard,-0.0185699462890625,-0.00012445449829101562,-4.190206527709961e-05,33.881038665771484,33.89960861206055,0.9589728713035583,0.9590973258018494,0.05721835792064667,0.05726025998592377,57.50318145751953,0,3635889,0,0,146499,0,0,0
lego,Lego,152,selected_coord18_conic21_opacity8_rgb10,21,full_pd_guard,-0.02947235107421875,-0.00016123056411743164,0.00015386193990707397,33.6007080078125,33.63018035888672,0.956685483455658,0.9568467140197754,0.06052073836326599,0.06036687642335892,57.5839958190918,0,3583654,0,0,158020,0,0,0
lego,Lego,153,selected_coord18_conic21_opacity8_rgb10,21,full_pd_guard,-0.004558563232421875,-7.617473602294922e-05,-5.912408232688904e-05,34.01375198364258,34.018310546875,0.9554250240325928,0.9555011987686157,0.05893506109714508,0.05899418517947197,57.616188049316406,0,3515985,0,0,141736,0,0,0
lego,Lego,154,selected_coord18_conic21_opacity8_rgb10,21,full_pd_guard,-0.01920318603515625,-0.0001652240753173828,5.46090304851532e-05,34.02437973022461,34.043582916259766,0.9537427425384521,0.9539079666137695,0.060331616550683975,0.06027700752019882,57.4063720703125,0,3457534,0,0,165917,0,0,0
lego,Lego,155,selected_coord18_conic21_opacity8_rgb10,21,full_pd_guard,-0.0103759765625,-0.00010776519775390625,7.319077849388123e-05,33.827674865722656,33.838050842285156,0.952002763748169,0.9521105289459229,0.0623670369386673,0.062293846160173416,57.20722961425781,0,3406036,0,0,159703,0,0,0
lego,Lego,156,selected_coord18_conic21_opacity8_rgb10,21,full_pd_guard,-0.015186309814453125,-0.00010401010513305664,-1.5791505575180054e-05,33.81578826904297,33.83097457885742,0.952085018157959,0.952189028263092,0.060433972626924515,0.060449764132499695,56.944122314453125,0,3363562,0,0,189133,0,0,0
lego,Lego,157,selected_coord18_conic21_opacity8_rgb10,21,full_pd_guard,-0.01421356201171875,-0.00014352798461914062,-0.00010214000940322876,33.86111068725586,33.87532424926758,0.9531474709510803,0.9532909989356995,0.05966833233833313,0.05977047234773636,56.79582977294922,0,3332283,0,0,163370,0,0,0
lego,Lego,158,selected_coord18_conic21_opacity8_rgb10,21,full_pd_guard,-0.010799407958984375,-0.00011444091796875,2.5939196348190308e-05,33.81380844116211,33.824607849121094,0.9551670551300049,0.9552814960479736,0.05851694568991661,0.05849100649356842,56.640647888183594,0,3309060,0,0,144957,0,0,0
lego,Lego,159,selected_coord18_conic21_opacity8_rgb10,21,full_pd_guard,-0.009552001953125,-0.00011980533599853516,2.1453946828842163e-05,34.11143112182617,34.1209831237793,0.9578356742858887,0.9579554796218872,0.05673955753445625,0.05671810358762741,56.496917724609375,0,3289702,0,0,170802,0,0,0
lego,Lego,160,selected_coord18_conic21_opacity8_rgb10,21,full_pd_guard,-0.011631011962890625,-0.0001246929168701172,-5.64083456993103e-05,34.23372268676758,34.24535369873047,0.9602316617965698,0.9603563547134399,0.055444009602069855,0.055500417947769165,56.11943817138672,0,3269791,0,0,162971,0,0,0
lego,Lego,161,selected_coord18_conic21_opacity8_rgb10,21,full_pd_guard,-0.0135345458984375,-0.0001354217529296875,-7.810071110725403e-05,34.293792724609375,34.30732727050781,0.9616460800170898,0.9617815017700195,0.05335672199726105,0.0534348227083683,56.049591064453125,0,3260821,0,0,182431,0,0,0
lego,Lego,162,selected_coord18_conic21_opacity8_rgb10,21,full_pd_guard,-0.02399444580078125,-0.00015997886657714844,-1.5035271644592285e-05,34.20970916748047,34.23370361328125,0.9626016616821289,0.962761640548706,0.05287432670593262,0.05288936197757721,55.86899948120117,0,3252635,0,0,178981,0,0,0
lego,Lego,163,selected_coord18_conic21_opacity8_rgb10,21,full_pd_guard,-0.018955230712890625,-0.00013190507888793945,-3.933534026145935e-05,34.20339584350586,34.22235107421875,0.963508129119873,0.963640034198761,0.05167466774582863,0.05171400308609009,55.9250602722168,0,3253004,0,0,164101,0,0,0
lego,Lego,164,selected_coord18_conic21_opacity8_rgb10,21,full_pd_guard,-0.012882232666015625,-0.00011676549911499023,-6.465986371040344e-05,34.126625061035156,34.13950729370117,0.9640019536018372,0.9641187191009521,0.05044379457831383,0.05050845444202423,55.783233642578125,0,3262298,0,0,196715,0,0,0
lego,Lego,165,selected_coord18_conic21_opacity8_rgb10,21,full_pd_guard,-0.01056671142578125,-0.00011712312698364258,-9.511783719062805e-05,33.85504150390625,33.86560821533203,0.9635396599769592,0.9636567831039429,0.050437480211257935,0.05053259804844856,55.76805877685547,0,3272251,0,0,183888,0,0,0
lego,Lego,166,selected_coord18_conic21_opacity8_rgb10,21,full_pd_guard,-0.02230072021484375,-0.00014477968215942383,-4.456937313079834e-05,33.653045654296875,33.67534637451172,0.9633147716522217,0.9634595513343811,0.051035426557064056,0.051079995930194855,55.5708122253418,0,3286729,0,0,172363,0,0,0
lego,Lego,167,selected_coord18_conic21_opacity8_rgb10,21,full_pd_guard,-0.01889801025390625,-0.00014209747314453125,-5.508214235305786e-05,33.352386474609375,33.37128448486328,0.9625075459480286,0.9626496434211731,0.05178335681557655,0.05183843895792961,55.53582000732422,0,3314561,0,0,192777,0,0,0
lego,Lego,168,selected_coord18_conic21_opacity8_rgb10,21,full_pd_guard,-0.017742156982421875,-0.00013810396194458008,-5.640089511871338e-06,33.09880065917969,33.11654281616211,0.9613305926322937,0.9614686965942383,0.05379347503185272,0.053799115121364594,55.51824188232422,0,3350861,0,0,190774,0,0,0
lego,Lego,169,selected_coord18_conic21_opacity8_rgb10,21,full_pd_guard,-0.0189361572265625,-0.0001265406608581543,-5.070120096206665e-06,32.81467056274414,32.8336067199707,0.9603707194328308,0.960497260093689,0.05651058256626129,0.0565156526863575,55.237144470214844,0,3396515,0,0,167131,0,0,0
lego,Lego,170,selected_coord18_conic21_opacity8_rgb10,21,full_pd_guard,-0.02144622802734375,-0.00015217065811157227,2.7004629373550415e-05,32.33918762207031,32.360633850097656,0.9586900472640991,0.9588422179222107,0.05768250674009323,0.05765550211071968,55.18551254272461,0,3455611,0,0,196010,0,0,0
lego,Lego,171,selected_coord18_conic21_opacity8_rgb10,21,full_pd_guard,-0.010868072509765625,-0.00010985136032104492,-4.570186138153076e-05,32.05961227416992,32.07048034667969,0.9569701552391052,0.9570800065994263,0.05733527988195419,0.057380981743335724,55.20301818847656,0,3533345,0,0,193062,0,0,0
lego,Lego,172,selected_coord18_conic21_opacity8_rgb10,21,full_pd_guard,-0.018758773803710938,-0.00013828277587890625,0.0001033879816532135,31.80544090270996,31.824199676513672,0.9547334909439087,0.9548717737197876,0.05963286757469177,0.05952947959303856,55.21673583984375,0,3634320,0,0,178557,0,0,0
lego,Lego,173,selected_coord18_conic21_opacity8_rgb10,21,full_pd_guard,-0.019193649291992188,-0.0001431107521057129,5.5983662605285645e-05,31.6329402923584,31.65213394165039,0.954057514667511,0.9542006254196167,0.06126559153199196,0.06120960786938667,54.991058349609375,0,3734047,0,0,180654,0,0,0
lego,Lego,174,selected_coord18_conic21_opacity8_rgb10,21,full_pd_guard,-0.010345458984375,-0.00011348724365234375,-1.1000782251358032e-05,31.612356185913086,31.62270164489746,0.954596996307373,0.9547104835510254,0.061426546424627304,0.06143754720687866,55.025474548339844,0,3816037,0,0,173894,0,0,0
lego,Lego,175,selected_coord18_conic21_opacity8_rgb10,21,full_pd_guard,-0.014095306396484375,-0.00010162591934204102,-0.00023974105715751648,31.66307830810547,31.677173614501953,0.9554978013038635,0.9555994272232056,0.06086796149611473,0.06110770255327225,55.0088005065918,0,3890838,0,0,162432,0,0,0
lego,Lego,176,selected_coord18_conic21_opacity8_rgb10,21,full_pd_guard,-0.006656646728515625,-9.566545486450195e-05,-0.00012341514229774475,31.747222900390625,31.75387954711914,0.9565465450286865,0.956642210483551,0.061154451221227646,0.06127786636352539,55.03947448730469,0,3856639,0,0,177741,0,0,0
lego,Lego,177,selected_coord18_conic21_opacity8_rgb10,21,full_pd_guard,-0.016260147094726562,-0.00013262033462524414,-2.1841377019882202e-05,31.783361434936523,31.79962158203125,0.9574002623558044,0.9575328826904297,0.06012076884508133,0.06014261022210121,54.973793029785156,0,3776495,0,0,180808,0,0,0
lego,Lego,178,selected_coord18_conic21_opacity8_rgb10,21,full_pd_guard,-0.010499954223632812,-9.965896606445312e-05,-7.685273885726929e-06,31.841732025146484,31.852231979370117,0.9580382704734802,0.9581379294395447,0.05871409550309181,0.05872178077697754,54.785980224609375,0,3710465,0,0,170168,0,0,0
lego,Lego,179,selected_coord18_conic21_opacity8_rgb10,21,full_pd_guard,-0.01720428466796875,-0.0001150965690612793,6.074830889701843e-05,31.910785675048828,31.927989959716797,0.9584552049636841,0.9585703015327454,0.059217724949121475,0.05915697664022446,54.91643524169922,0,3624396,0,0,206508,0,0,0
lego,Lego,180,selected_coord18_conic21_opacity8_rgb10,21,full_pd_guard,-0.008693695068359375,-0.00010323524475097656,-2.1006911993026733e-05,31.94046401977539,31.94915771484375,0.958383321762085,0.9584865570068359,0.059402842074632645,0.05942384898662567,55.082542419433594,0,3551910,0,0,174708,0,0,0
lego,Lego,181,selected_coord18_conic21_opacity8_rgb10,21,full_pd_guard,-0.0157470703125,-0.00012028217315673828,1.2449920177459717e-05,32.13152313232422,32.14727020263672,0.9581531286239624,0.9582734107971191,0.058800242841243744,0.058787792921066284,55.07332992553711,0,3497134,0,0,162139,0,0,0
lego,Lego,182,selected_coord18_conic21_opacity8_rgb10,21,full_pd_guard,-0.011585235595703125,-0.00012409687042236328,4.466250538825989e-05,32.25872802734375,32.27031326293945,0.9584333300590515,0.9585574269294739,0.05948406830430031,0.05943940579891205,55.0341911315918,0,3452010,0,0,167862,0,0,0
lego,Lego,183,selected_coord18_conic21_opacity8_rgb10,21,full_pd_guard,-0.012386322021484375,-0.0001100301742553711,-5.081295967102051e-05,32.333030700683594,32.34541702270508,0.9586545825004578,0.9587646126747131,0.05974007397890091,0.05979088693857193,54.940391540527344,0,3416834,0,0,162868,0,0,0
lego,Lego,184,selected_coord18_conic21_opacity8_rgb10,21,full_pd_guard,-0.0118560791015625,-9.691715240478516e-05,-2.156198024749756e-05,32.36255645751953,32.374412536621094,0.9581656455993652,0.95826256275177,0.05969984829425812,0.059721410274505615,55.09294128417969,0,3390885,0,0,162108,0,0,0
lego,Lego,185,selected_coord18_conic21_opacity8_rgb10,21,full_pd_guard,-0.0184478759765625,-0.00015985965728759766,4.4148415327072144e-05,32.30833435058594,32.3267822265625,0.9574581980705261,0.9576180577278137,0.05956871807575226,0.059524569660425186,54.99833297729492,0,3378760,0,0,172028,0,0,0
lego,Lego,186,selected_coord18_conic21_opacity8_rgb10,21,full_pd_guard,-0.0219268798828125,-0.00016760826110839844,8.078664541244507e-05,32.267269134521484,32.2891960144043,0.9565984010696411,0.9567660093307495,0.0583186149597168,0.05823782831430435,55.269378662109375,0,3371467,0,0,180002,0,0,0
lego,Lego,187,selected_coord18_conic21_opacity8_rgb10,21,full_pd_guard,-0.020664215087890625,-0.00015866756439208984,3.1109899282455444e-05,32.24163055419922,32.26229476928711,0.9563598036766052,0.9565184712409973,0.05843326076865196,0.05840215086936951,55.228302001953125,0,3371561,0,0,156520,0,0,0
lego,Lego,188,selected_coord18_conic21_opacity8_rgb10,21,full_pd_guard,-0.010082244873046875,-9.524822235107422e-05,-6.281211972236633e-05,32.142784118652344,32.15286636352539,0.9559347629547119,0.956030011177063,0.05812615156173706,0.05818896368145943,55.123165130615234,0,3377235,0,0,163029,0,0,0
lego,Lego,189,selected_coord18_conic21_opacity8_rgb10,21,full_pd_guard,-0.0144805908203125,-0.00012612342834472656,-2.8848648071289062e-05,32.17597961425781,32.190460205078125,0.956085741519928,0.9562118649482727,0.05838846415281296,0.05841731280088425,55.20124053955078,0,3390408,0,0,159022,0,0,0
lego,Lego,190,selected_coord18_conic21_opacity8_rgb10,21,full_pd_guard,-0.016845703125,-0.00013953447341918945,2.8464943170547485e-05,32.28513717651367,32.30198287963867,0.956226646900177,0.9563661813735962,0.05788670480251312,0.057858239859342575,55.263633728027344,0,3419672,0,0,178347,0,0,0
lego,Lego,191,selected_coord18_conic21_opacity8_rgb10,21,full_pd_guard,-0.0242767333984375,-0.00014466047286987305,5.942583084106445e-05,32.47777557373047,32.502052307128906,0.9573938846588135,0.9575385451316833,0.057188838720321655,0.05712941288948059,55.50263595581055,0,3449104,0,0,157977,0,0,0
lego,Lego,192,selected_coord18_conic21_opacity8_rgb10,21,full_pd_guard,-0.027679443359375,-0.0001595020294189453,0.00012164190411567688,32.74882507324219,32.77650451660156,0.9585747718811035,0.9587342739105225,0.0567537285387516,0.056632086634635925,55.54453659057617,0,3495673,0,0,152655,0,0,0
lego,Lego,193,selected_coord18_conic21_opacity8_rgb10,21,full_pd_guard,-0.0208282470703125,-9.322166442871094e-05,4.114210605621338e-05,33.1319580078125,33.15278625488281,0.9603355526924133,0.960428774356842,0.05731229484081268,0.05727115273475647,55.74360275268555,0,3548783,0,0,159703,0,0,0
lego,Lego,194,selected_coord18_conic21_opacity8_rgb10,21,full_pd_guard,-0.02582550048828125,-0.00012135505676269531,5.45009970664978e-05,33.47156524658203,33.49739074707031,0.9622342586517334,0.9623556137084961,0.056533388793468475,0.05647888779640198,55.83086395263672,0,3618933,0,0,159710,0,0,0
lego,Lego,195,selected_coord18_conic21_opacity8_rgb10,21,full_pd_guard,-0.02921295166015625,-0.0001125335693359375,4.902482032775879e-05,33.84074401855469,33.869956970214844,0.9638687372207642,0.9639812707901001,0.05529922991991043,0.05525020509958267,56.00658416748047,0,3703786,0,0,157326,0,0,0
lego,Lego,196,selected_coord18_conic21_opacity8_rgb10,21,full_pd_guard,-0.02349090576171875,-0.0001023411750793457,-3.940984606742859e-05,33.993526458740234,34.01701736450195,0.965122640132904,0.9652249813079834,0.055357370525598526,0.055396780371665955,56.12030029296875,0,3802957,0,0,176445,0,0,0
lego,Lego,197,selected_coord18_conic21_opacity8_rgb10,21,full_pd_guard,-0.001834869384765625,-7.861852645874023e-05,-1.2706965208053589e-05,34.15454864501953,34.1563835144043,0.965915322303772,0.9659939408302307,0.05694117024540901,0.056953877210617065,55.79930114746094,0,3947235,0,0,155465,0,0,0
lego,Lego,198,selected_coord18_conic21_opacity8_rgb10,21,full_pd_guard,-0.0074005126953125,-8.26120376586914e-05,2.5156885385513306e-05,33.92145919799805,33.92885971069336,0.9655370116233826,0.9656196236610413,0.06088870391249657,0.06086354702711105,56.00244140625,0,4121116,0,0,173150,0,0,0
lego,Lego,199,selected_coord18_conic21_opacity8_rgb10,21,full_pd_guard,-0.0089111328125,-8.744001388549805e-05,4.6797096729278564e-05,33.73564910888672,33.74456024169922,0.965172529220581,0.9652599692344666,0.06025313958525658,0.0602063424885273,55.81708908081055,0,4280935,0,0,179887,0,0,0
playroom,Playroom,1,selected_coord18_conic21_opacity8_rgb10,21,full_pd_guard,0.007701873779296875,2.4378299713134766e-05,-0.0007672309875488281,32.35559844970703,32.347896575927734,0.8977992534637451,0.897774875164032,0.289598286151886,0.2903655171394348,57.97289276123047,0,18525682,0,0,431051,603,23,0
playroom,Playroom,2,selected_coord18_conic21_opacity8_rgb10,21,full_pd_guard,-0.06354904174804688,-0.0003260970115661621,-0.000510483980178833,28.694622039794922,28.75817108154297,0.8723013997077942,0.8726274967193604,0.22491776943206787,0.2254282534122467,52.57151794433594,0,22404095,0,0,690913,369,17,0
playroom,Playroom,3,selected_coord18_conic21_opacity8_rgb10,21,full_pd_guard,0.0733489990234375,-0.00023239850997924805,-0.002281472086906433,33.4656982421875,33.39234924316406,0.9647358655929565,0.9649682641029358,0.2319979965686798,0.23427946865558624,57.63134765625,0,22880764,0,0,183915,479,16,0
playroom,Playroom,4,selected_coord18_conic21_opacity8_rgb10,21,full_pd_guard,0.020450592041015625,-8.207559585571289e-05,-0.0012593269348144531,32.346282958984375,32.32583236694336,0.9355736374855042,0.9356557130813599,0.2715141177177429,0.2727734446525574,57.96734619140625,0,24276074,0,0,375427,415,7,0
playroom,Playroom,5,selected_coord18_conic21_opacity8_rgb10,21,full_pd_guard,-0.0586090087890625,-0.00013047456741333008,-0.0013828575611114502,35.62995147705078,35.688560485839844,0.9517021775245667,0.95183265209198,0.23590466380119324,0.2372875213623047,57.80414962768555,0,21023487,0,0,207222,482,8,0
playroom,Playroom,6,selected_coord18_conic21_opacity8_rgb10,21,full_pd_guard,0.1927337646484375,0.000664830207824707,-0.001851797103881836,25.477188110351562,25.284454345703125,0.8913806080818176,0.8907157778739929,0.27609097957611084,0.2779427766799927,44.43665313720703,0,25354998,0,0,350759,679,8,0
playroom,Playroom,7,selected_coord18_conic21_opacity8_rgb10,21,full_pd_guard,-0.0002307891845703125,-0.0003261566162109375,-0.0010104775428771973,31.30087661743164,31.30110740661621,0.8824435472488403,0.8827697038650513,0.35458260774612427,0.35559308528900146,58.2601432800293,0,17493893,0,0,712934,691,28,0
playroom,Playroom,8,selected_coord18_conic21_opacity8_rgb10,21,full_pd_guard,-0.0028629302978515625,-0.0003324747085571289,-0.0007293820381164551,26.130794525146484,26.133657455444336,0.8419181108474731,0.8422505855560303,0.29243892431259155,0.293168306350708,57.134429931640625,0,18871818,0,0,432734,580,15,0
playroom,Playroom,9,selected_coord18_conic21_opacity8_rgb10,21,full_pd_guard,-0.035308837890625,-0.0005462169647216797,-0.000991523265838623,23.598690032958984,23.63399887084961,0.832129955291748,0.8326761722564697,0.3326275944709778,0.3336191177368164,44.998680114746094,0,31434847,0,0,417334,440,9,0
playroom,Playroom,10,selected_coord18_conic21_opacity8_rgb10,21,full_pd_guard,-0.021709442138671875,-0.00019240379333496094,-0.0017721951007843018,33.658409118652344,33.680118560791016,0.9426940083503723,0.9428864121437073,0.3023206293582916,0.3040928244590759,58.93822479248047,0,20084184,0,0,272223,764,26,0
playroom,Playroom,11,selected_coord18_conic21_opacity8_rgb10,21,full_pd_guard,0.01787567138671875,-0.00024765729904174805,-0.001312345266342163,31.54388427734375,31.52600860595703,0.9320791363716125,0.9323267936706543,0.20049157738685608,0.20180392265319824,56.25556945800781,0,21915463,0,0,293114,729,23,0
playroom,Playroom,12,selected_coord18_conic21_opacity8_rgb10,21,full_pd_guard,-0.00542449951171875,-0.0004786849021911621,-0.000787883996963501,32.011749267578125,32.017173767089844,0.9045313000679016,0.9050099849700928,0.27036720514297485,0.27115508913993835,57.55868148803711,0,17440484,0,0,440762,730,16,0
playroom,Playroom,13,selected_coord18_conic21_opacity8_rgb10,21,full_pd_guard,-0.06530380249023438,-0.0003464221954345703,-0.0014111846685409546,28.150222778320312,28.215526580810547,0.9519938230514526,0.9523402452468872,0.21469342708587646,0.21610461175441742,55.78607940673828,0,24389720,0,0,364173,561,15,0
playroom,Playroom,14,selected_coord18_conic21_opacity8_rgb10,21,full_pd_guard,0.001644134521484375,-0.0004963874816894531,-0.0008261799812316895,27.89011001586914,27.888465881347656,0.8757476806640625,0.876244068145752,0.29333633184432983,0.2941625118255615,55.17180633544922,0,15690744,0,0,236289,777,17,0
playroom,Playroom,15,selected_coord18_conic21_opacity8_rgb10,21,full_pd_guard,-0.06180572509765625,-0.00022524595260620117,-0.0016322433948516846,30.05414390563965,30.115949630737305,0.9158098697662354,0.9160351157188416,0.31784406304359436,0.31947630643844604,53.67440414428711,0,22005951,0,0,145168,656,22,0
playroom,Playroom,16,selected_coord18_conic21_opacity8_rgb10,21,full_pd_guard,-0.03201484680175781,-0.0004954338073730469,-0.0011147558689117432,27.797039031982422,27.82905387878418,0.8641600012779236,0.8646554350852966,0.2976245582103729,0.29873931407928467,53.61393737792969,0,27611976,0,0,479418,633,12,0
playroom,Playroom,17,selected_coord18_conic21_opacity8_rgb10,21,full_pd_guard,0.010906219482421875,-0.000382840633392334,-0.0013269484043121338,32.7699089050293,32.759002685546875,0.9256401658058167,0.926023006439209,0.2649347484111786,0.2662616968154907,57.44020080566406,0,24461863,0,0,364510,659,13,0
playroom,Playroom,18,selected_coord18_conic21_opacity8_rgb10,21,full_pd_guard,-0.03202629089355469,-0.00035697221755981445,-0.00152646005153656,30.608932495117188,30.640958786010742,0.9406970739364624,0.9410540461540222,0.24445536732673645,0.245981827378273,57.81146240234375,0,19380086,0,0,216627,651,16,0
playroom,Playroom,19,selected_coord18_conic21_opacity8_rgb10,21,full_pd_guard,-0.05968284606933594,-0.0027959346771240234,0.00010183453559875488,26.098180770874023,26.15786361694336,0.8292360901832581,0.8320320248603821,0.3646150827407837,0.36451324820518494,49.48493957519531,0,21153331,0,0,383439,551,6,0
playroom,Playroom,20,selected_coord18_conic21_opacity8_rgb10,21,full_pd_guard,0.03821372985839844,-0.00013768672943115234,-0.0014814436435699463,31.524343490600586,31.486129760742188,0.9184554219245911,0.9185931086540222,0.29005053639411926,0.2915319800376892,56.21685791015625,0,20871250,0,0,279509,614,17,0
playroom,Playroom,21,selected_coord18_conic21_opacity8_rgb10,21,full_pd_guard,-0.03205108642578125,-0.0007047653198242188,-0.0014052093029022217,34.809654235839844,34.841705322265625,0.9170762300491333,0.9177809953689575,0.3190698027610779,0.3204750120639801,57.62153625488281,0,21462300,0,0,262383,566,7,0
playroom,Playroom,22,selected_coord18_conic21_opacity8_rgb10,21,full_pd_guard,0.01609039306640625,-0.0004038214683532715,-0.0010548532009124756,29.746139526367188,29.73004913330078,0.9208201169967651,0.9212239384651184,0.28056037425994873,0.2816152274608612,57.493019104003906,0,18748437,0,0,196121,728,26,0
playroom,Playroom,23,selected_coord18_conic21_opacity8_rgb10,21,full_pd_guard,-0.0008029937744140625,-0.0007284283638000488,-0.0004551112651824951,29.69141960144043,29.692222595214844,0.8879255652427673,0.8886539936065674,0.22870755195617676,0.22916266322135925,56.57225036621094,0,20535836,0,0,653718,305,8,0
playroom,Playroom,24,selected_coord18_conic21_opacity8_rgb10,21,full_pd_guard,-0.01633453369140625,-0.0004868507385253906,-0.0005902349948883057,25.836318969726562,25.85265350341797,0.8888379335403442,0.8893247842788696,0.2420056164264679,0.2425958514213562,54.450035095214844,0,21576542,0,0,713620,291,13,0
playroom,Playroom,25,selected_coord18_conic21_opacity8_rgb10,21,full_pd_guard,-0.00787353515625,-0.0003541707992553711,-0.0008981525897979736,32.92896270751953,32.93683624267578,0.9140174388885498,0.9143716096878052,0.2627105712890625,0.2636087238788605,57.743064880371094,0,17802323,0,0,549447,619,14,0
playroom,Playroom,26,selected_coord18_conic21_opacity8_rgb10,21,full_pd_guard,-0.0236663818359375,-0.00045877695083618164,-0.001148521900177002,32.171356201171875,32.19502258300781,0.9363815784454346,0.9368403553962708,0.26452624797821045,0.26567476987838745,56.33723068237305,0,21834276,0,0,328948,565,18,0
playroom,Playroom,27,selected_coord18_conic21_opacity8_rgb10,21,full_pd_guard,0.010959625244140625,-0.0002897977828979492,-0.001121222972869873,31.654815673828125,31.643856048583984,0.9332302212715149,0.9335200190544128,0.20359355211257935,0.20471477508544922,55.93959045410156,0,24114603,0,0,379847,559,8,0
playroom,Playroom,28,selected_coord18_conic21_opacity8_rgb10,21,full_pd_guard,0.07914352416992188,-6.29425048828125e-05,-0.0012054443359375,32.3358268737793,32.256683349609375,0.9071900844573975,0.9072530269622803,0.29086291790008545,0.29206836223602295,56.3193473815918,0,17054217,0,0,236598,711,23,0
truck,Truck,1,selected_coord18_conic21_opacity8_rgb10,21,full_pd_guard,-0.09404563903808594,-0.0015394091606140137,0.00018364191055297852,26.066246032714844,26.16029167175293,0.8911991715431213,0.8927385807037354,0.15891724824905396,0.15873360633850098,37.851810455322266,0,18344992,0,0,647037,163,2,0
truck,Truck,2,selected_coord18_conic21_opacity8_rgb10,21,full_pd_guard,-0.09091758728027344,-0.0006657242774963379,-0.00023947656154632568,24.90570831298828,24.996625900268555,0.8575579524040222,0.8582236766815186,0.16270989179611206,0.1629493683576584,46.28131866455078,0,18998654,0,0,712874,131,1,0
truck,Truck,3,selected_coord18_conic21_opacity8_rgb10,21,full_pd_guard,-0.055583953857421875,-0.000785529613494873,-0.0004246234893798828,25.205554962158203,25.261138916015625,0.8540950417518616,0.8548805713653564,0.19753336906433105,0.19795799255371094,45.40009689331055,0,16492379,0,0,558793,191,0,0
truck,Truck,4,selected_coord18_conic21_opacity8_rgb10,21,full_pd_guard,-0.0404510498046875,4.64320182800293e-05,-0.0006744861602783203,25.547988891601562,25.58843994140625,0.8653412461280823,0.8652948141098022,0.17932215332984924,0.17999663949012756,42.394378662109375,0,21438538,0,0,610755,162,3,0
truck,Truck,5,selected_coord18_conic21_opacity8_rgb10,21,full_pd_guard,-0.0059967041015625,-0.00037288665771484375,-0.0003772526979446411,26.06342315673828,26.069419860839844,0.8663463592529297,0.8667192459106445,0.17133060097694397,0.1717078536748886,48.559471130371094,0,18346350,0,0,683568,142,0,0
truck,Truck,6,selected_coord18_conic21_opacity8_rgb10,21,full_pd_guard,-0.04157257080078125,-0.00038927793502807617,-0.0004098862409591675,25.532726287841797,25.574298858642578,0.8830154538154602,0.8834047317504883,0.17330463230609894,0.1737145185470581,49.272804260253906,0,18161006,0,0,640768,159,0,0
truck,Truck,7,selected_coord18_conic21_opacity8_rgb10,21,full_pd_guard,-0.024929046630859375,-0.000588536262512207,-0.0003333538770675659,24.26254653930664,24.2874755859375,0.8414718508720398,0.842060387134552,0.18080982565879822,0.18114317953586578,49.557064056396484,0,21815332,0,0,609130,129,2,0
truck,Truck,8,selected_coord18_conic21_opacity8_rgb10,21,full_pd_guard,-0.0688018798828125,-0.00038617849349975586,-0.00040884315967559814,24.013530731201172,24.082332611083984,0.8613730072975159,0.8617591857910156,0.1966637670993805,0.1970726102590561,44.142112731933594,0,20333427,0,0,547834,183,0,0
truck,Truck,9,selected_coord18_conic21_opacity8_rgb10,21,full_pd_guard,0.024297714233398438,-0.000349581241607666,-0.0005364716053009033,26.696918487548828,26.67262077331543,0.9049698114395142,0.9053193926811218,0.19997861981391907,0.20051509141921997,48.91097640991211,0,20352902,0,0,538748,146,3,0
truck,Truck,10,selected_coord18_conic21_opacity8_rgb10,21,full_pd_guard,-0.0067386627197265625,-0.000209808349609375,-0.0005036294460296631,25.648008346557617,25.654747009277344,0.8651605844497681,0.8653703927993774,0.22125175595283508,0.22175538539886475,49.013999938964844,0,16541286,0,0,553850,143,1,0
truck,Truck,11,selected_coord18_conic21_opacity8_rgb10,21,full_pd_guard,-0.16428565979003906,-0.002146303653717041,-0.00010024011135101318,24.903234481811523,25.067520141601562,0.8758724927902222,0.8780187964439392,0.16840249300003052,0.16850273311138153,39.02976989746094,0,19482166,0,0,521256,151,3,0
truck,Truck,12,selected_coord18_conic21_opacity8_rgb10,21,full_pd_guard,-0.027956008911132812,-0.00046521425247192383,-0.0003801882266998291,24.918928146362305,24.946884155273438,0.8806945085525513,0.8811597228050232,0.15883460640907288,0.1592147946357727,48.04705810546875,0,19158728,0,0,629116,147,0,0
truck,Truck,13,selected_coord18_conic21_opacity8_rgb10,21,full_pd_guard,-0.027482986450195312,-0.0007247328758239746,-0.00023795664310455322,25.845806121826172,25.873289108276367,0.8900706171989441,0.8907953500747681,0.16629411280155182,0.16653206944465637,44.37727355957031,0,17588655,0,0,661418,200,2,0
truck,Truck,14,selected_coord18_conic21_opacity8_rgb10,21,full_pd_guard,-0.015987396240234375,-0.0005445480346679688,-0.00031512975692749023,24.229778289794922,24.245765686035156,0.8583295345306396,0.8588740825653076,0.18470695614814758,0.18502208590507507,47.7573356628418,0,16066218,0,0,603556,186,1,0
truck,Truck,15,selected_coord18_conic21_opacity8_rgb10,21,full_pd_guard,-0.08893203735351562,-0.0009166598320007324,-0.0003154575824737549,23.392807006835938,23.481739044189453,0.8385418057441711,0.8394584655761719,0.20658832788467407,0.20690378546714783,44.89422607421875,0,16857538,0,0,573528,165,2,0
truck,Truck,16,selected_coord18_conic21_opacity8_rgb10,21,full_pd_guard,-0.037067413330078125,-0.0004994869232177734,-0.0003275573253631592,25.40975570678711,25.446823120117188,0.8537969589233398,0.8542964458465576,0.20009157061576843,0.2004191279411316,49.74282455444336,0,16497685,0,0,639628,80,0,0
truck,Truck,17,selected_coord18_conic21_opacity8_rgb10,21,full_pd_guard,-0.04878425598144531,-0.00013625621795654297,-0.0006557554006576538,24.795963287353516,24.84474754333496,0.8555658459663391,0.8557021021842957,0.17595124244689941,0.17660699784755707,45.059139251708984,0,17464363,0,0,613849,170,1,0
truck,Truck,18,selected_coord18_conic21_opacity8_rgb10,21,full_pd_guard,-0.04841041564941406,-0.0006812810897827148,-0.00014226138591766357,25.52901268005371,25.577423095703125,0.830698549747467,0.8313798308372498,0.1929333359003067,0.19307559728622437,48.25016403198242,0,17389331,0,0,577045,218,3,0
truck,Truck,19,selected_coord18_conic21_opacity8_rgb10,21,full_pd_guard,-0.017786026000976562,-0.0004184246063232422,-0.0006073713302612305,23.546306610107422,23.5640926361084,0.8587791919708252,0.8591976165771484,0.22056756913661957,0.2211749404668808,50.83576583862305,0,23364108,0,0,417846,148,1,0
truck,Truck,20,selected_coord18_conic21_opacity8_rgb10,21,full_pd_guard,-0.09334945678710938,-0.0003019571304321289,-0.0005061626434326172,26.056381225585938,26.149730682373047,0.880497932434082,0.8807998895645142,0.23903310298919678,0.2395392656326294,43.95355224609375,0,20794052,0,0,424685,150,3,0
truck,Truck,21,selected_coord18_conic21_opacity8_rgb10,21,full_pd_guard,-0.03853797912597656,-0.0005034804344177246,-0.0003762096166610718,24.951322555541992,24.98986053466797,0.864328920841217,0.8648324012756348,0.1866028904914856,0.18697910010814667,50.763301849365234,0,20881587,0,0,638069,187,3,0
truck,Truck,22,selected_coord18_conic21_opacity8_rgb10,21,full_pd_guard,-0.021524429321289062,0.0003586411476135254,-0.0006390810012817383,26.51105308532715,26.532577514648438,0.8749889135360718,0.8746302723884583,0.1932860016822815,0.19392508268356323,46.53852462768555,0,19116718,0,0,591632,206,3,0
truck,Truck,23,selected_coord18_conic21_opacity8_rgb10,21,full_pd_guard,-0.0035800933837890625,-0.0003038644790649414,-0.0004115849733352661,26.862728118896484,26.866308212280273,0.8850581049919128,0.8853619694709778,0.21594126522541046,0.21635285019874573,49.302459716796875,0,18048455,0,0,479233,221,3,0
truck,Truck,24,selected_coord18_conic21_opacity8_rgb10,21,full_pd_guard,-0.028387069702148438,-0.00039702653884887695,-0.0005706101655960083,27.326522827148438,27.354909896850586,0.8888383507728577,0.8892353773117065,0.230469211935997,0.23103982210159302,49.664268493652344,0,19197837,0,0,470245,194,3,0
truck,Truck,25,selected_coord18_conic21_opacity8_rgb10,21,full_pd_guard,-0.12653732299804688,-0.0007266402244567871,-0.000637739896774292,25.893768310546875,26.020305633544922,0.8859590888023376,0.8866857290267944,0.17901191115379333,0.17964965105056763,47.940181732177734,0,18246194,0,0,697065,133,1,0
truck,Truck,26,selected_coord18_conic21_opacity8_rgb10,21,full_pd_guard,-0.024389266967773438,-0.000398099422454834,-0.0003328472375869751,24.79535484313965,24.819744110107422,0.8729974031448364,0.8733955025672913,0.16405712068080902,0.164389967918396,49.21049118041992,0,19490586,0,0,702683,113,0,0
truck,Truck,27,selected_coord18_conic21_opacity8_rgb10,21,full_pd_guard,-0.029296875,-0.00032252073287963867,-0.00028161704540252686,21.75111961364746,21.78041648864746,0.8106974363327026,0.8110199570655823,0.22674903273582458,0.2270306497812271,50.194664001464844,0,20570049,0,0,557812,170,0,0
truck,Truck,28,selected_coord18_conic21_opacity8_rgb10,21,full_pd_guard,-0.020845413208007812,-0.0004305243492126465,-0.00016026198863983154,24.421001434326172,24.44184684753418,0.8637740612030029,0.8642045855522156,0.18137115240097046,0.1815314143896103,50.027557373046875,0,22362075,0,0,647691,157,1,0
truck,Truck,29,selected_coord18_conic21_opacity8_rgb10,21,full_pd_guard,0.044368743896484375,-0.000624537467956543,-0.0006347894668579102,23.952251434326172,23.907882690429688,0.8509687781333923,0.8515933156013489,0.20076097548007965,0.20139576494693756,42.21722412109375,0,21750790,0,0,477020,138,0,0
truck,Truck,30,selected_coord18_conic21_opacity8_rgb10,21,full_pd_guard,-0.033039093017578125,-0.000657200813293457,-0.0003225952386856079,25.149036407470703,25.18207550048828,0.8827745318412781,0.8834317326545715,0.18301407992839813,0.18333667516708374,46.222503662109375,0,21465965,0,0,595055,148,1,0
truck,Truck,31,selected_coord18_conic21_opacity8_rgb10,21,full_pd_guard,-0.04213714599609375,-0.0003733038902282715,-0.00045487284660339355,25.104103088378906,25.146240234375,0.8763585686683655,0.8767318725585938,0.20912262797355652,0.2095775008201599,47.858604431152344,0,17477224,0,0,615986,108,0,0
tt107k,Train,1,selected_coord18_conic21_opacity8_rgb10,21,full_pd_guard,-0.33028411865234375,-0.000568687915802002,-0.001055791974067688,23.452091217041016,23.78237533569336,0.8501550555229187,0.8507237434387207,0.21285858750343323,0.21391437947750092,42.6955680847168,0,16655296,0,0,473797,82,1,0
tt107k,Train,2,selected_coord18_conic21_opacity8_rgb10,21,full_pd_guard,-0.0060901641845703125,-0.0006042718887329102,-0.0007312297821044922,26.22553825378418,26.23162841796875,0.8947666883468628,0.8953709602355957,0.19631800055503845,0.19704923033714294,51.590911865234375,0,18759815,0,0,447116,82,2,0
tt107k,Train,3,selected_coord18_conic21_opacity8_rgb10,21,full_pd_guard,0.06397247314453125,0.0005183219909667969,-0.000757753849029541,22.039264678955078,21.975292205810547,0.7523670196533203,0.7518486976623535,0.358844131231308,0.3596018850803375,47.14793395996094,0,11784418,0,0,396223,121,0,0
tt107k,Train,4,selected_coord18_conic21_opacity8_rgb10,21,full_pd_guard,-0.0199432373046875,-0.0004988312721252441,-0.000852435827255249,23.921337127685547,23.941280364990234,0.824659526348114,0.8251583576202393,0.26545101404190063,0.2663034498691559,50.947776794433594,0,14115835,0,0,335126,116,1,0
tt107k,Train,5,selected_coord18_conic21_opacity8_rgb10,21,full_pd_guard,-0.04480171203613281,-0.00038993358612060547,-0.000869452953338623,22.769901275634766,22.8147029876709,0.8221684694290161,0.8225584030151367,0.2677796185016632,0.26864907145500183,49.82120895385742,0,15995242,0,0,649498,108,1,0
tt107k,Train,6,selected_coord18_conic21_opacity8_rgb10,21,full_pd_guard,-0.12131500244140625,-0.00016707181930541992,-0.0003479123115539551,22.179662704467773,22.30097770690918,0.8235169649124146,0.82368403673172,0.2438257932662964,0.24417370557785034,46.51762008666992,0,15750160,0,0,492671,88,1,0
tt107k,Train,7,selected_coord18_conic21_opacity8_rgb10,21,full_pd_guard,0.06739616394042969,-0.00015485286712646484,-0.0006558001041412354,22.599903106689453,22.532506942749023,0.7990105152130127,0.7991653680801392,0.28475436568260193,0.28541016578674316,48.324729919433594,0,16407160,0,0,522708,80,3,0
tt107k,Train,8,selected_coord18_conic21_opacity8_rgb10,21,full_pd_guard,-0.027357101440429688,-0.0003654360771179199,-0.0010605454444885254,24.154006958007812,24.181364059448242,0.8145524859428406,0.8149179220199585,0.27889928221702576,0.2799598276615143,50.01591110229492,0,18338398,0,0,475964,98,2,0
tt107k,Train,9,selected_coord18_conic21_opacity8_rgb10,21,full_pd_guard,-0.26802825927734375,-0.001254260540008545,-0.0007469058036804199,22.18946075439453,22.457489013671875,0.8487462401390076,0.8500005006790161,0.20191597938537598,0.2026628851890564,45.791236877441406,0,20620815,0,0,867701,85,0,0
tt107k,Train,10,selected_coord18_conic21_opacity8_rgb10,21,full_pd_guard,0.40297698974609375,0.017558813095092773,-0.00045618414878845215,22.867664337158203,22.46468734741211,0.818135142326355,0.8005763292312622,0.2648993730545044,0.26535555720329285,26.18782615661621,0,18332668,0,0,325937,104,1,0
tt107k,Train,11,selected_coord18_conic21_opacity8_rgb10,21,full_pd_guard,-0.027566909790039062,-0.00011712312698364258,-0.0002683103084564209,19.473651885986328,19.501218795776367,0.6769358515739441,0.6770529747009277,0.3238762617111206,0.324144572019577,49.90603256225586,0,18180280,0,0,434806,98,1,0
tt107k,Train,12,selected_coord18_conic21_opacity8_rgb10,21,full_pd_guard,0.16521835327148438,0.00045418739318847656,-0.002666294574737549,22.450748443603516,22.28553009033203,0.8648125529289246,0.8643583655357361,0.2595785856246948,0.2622448801994324,37.04792022705078,0,16483987,0,0,268837,91,1,0
tt107k,Train,13,selected_coord18_conic21_opacity8_rgb10,21,full_pd_guard,-0.05840873718261719,-0.0014461278915405273,-0.002644091844558716,22.62788200378418,22.686290740966797,0.8473635315895081,0.8488096594810486,0.25864747166633606,0.2612915635108948,37.94496154785156,0,19331723,0,0,627772,106,0,0
tt107k,Train,14,selected_coord18_conic21_opacity8_rgb10,21,full_pd_guard,-0.037578582763671875,-0.000852048397064209,-6.562471389770508e-05,17.46440315246582,17.501981735229492,0.6537237763404846,0.6545758247375488,0.35189563035964966,0.35196125507354736,49.01667785644531,0,16471813,0,0,497623,69,0,0
tt107k,Train,15,selected_coord18_conic21_opacity8_rgb10,21,full_pd_guard,-0.048313140869140625,-0.0002783536911010742,-0.000555187463760376,21.15797996520996,21.2062931060791,0.7184462547302246,0.7187246084213257,0.2788616716861725,0.27941685914993286,47.427490234375,0,17097266,0,0,366980,87,1,0
tt107k,Train,16,selected_coord18_conic21_opacity8_rgb10,21,full_pd_guard,0.008134841918945312,-0.00032705068588256836,-0.00010991096496582031,16.74134635925293,16.733211517333984,0.6259625554084778,0.6262896060943604,0.38528120517730713,0.38539111614227295,49.23528289794922,0,12750139,0,0,295850,168,4,0
tt107k,Train,17,selected_coord18_conic21_opacity8_rgb10,21,full_pd_guard,-0.060039520263671875,-0.0015274882316589355,-0.00040978193283081055,21.706443786621094,21.766483306884766,0.7115745544433594,0.7131020426750183,0.3317343294620514,0.3321441113948822,40.551483154296875,0,15762642,0,0,342316,107,0,0
tt107k,Train,18,selected_coord18_conic21_opacity8_rgb10,21,full_pd_guard,-0.010984420776367188,-0.00040584802627563477,-7.867813110351562e-06,19.935970306396484,19.94695472717285,0.6698343753814697,0.6702402234077454,0.3521110415458679,0.35211890935897827,49.295135498046875,0,14890474,0,0,393495,93,3,0
tt107k,Train,19,selected_coord18_conic21_opacity8_rgb10,21,full_pd_guard,-0.008380889892578125,-0.0008288025856018066,-0.00039252638816833496,22.11530303955078,22.12368392944336,0.7352107763290405,0.7360395789146423,0.31740060448646545,0.3177931308746338,45.36668014526367,0,15854049,0,0,388139,113,3,0
tt107k,Train,20,selected_coord18_conic21_opacity8_rgb10,21,full_pd_guard,0.023906707763671875,-0.0002351999282836914,-0.0011584162712097168,19.40715789794922,19.383251190185547,0.7090426683425903,0.709277868270874,0.34561944007873535,0.34677785634994507,49.18882751464844,0,13219719,0,0,383071,100,1,0
tt107k,Train,21,selected_coord18_conic21_opacity8_rgb10,21,full_pd_guard,-0.10230827331542969,4.112720489501953e-05,-0.0007922649383544922,22.3626766204834,22.464984893798828,0.7975317239761353,0.7974905967712402,0.2779284715652466,0.2787207365036011,43.24384307861328,0,16966131,0,0,516756,64,1,0
tt107k,Train,22,selected_coord18_conic21_opacity8_rgb10,21,full_pd_guard,0.06154632568359375,-0.0001647472381591797,-0.0012503564357757568,21.99002456665039,21.928478240966797,0.875957727432251,0.8761224746704102,0.21432381868362427,0.21557417511940002,50.44586181640625,0,18620885,0,0,265598,96,2,0
tt107k,Train,23,selected_coord18_conic21_opacity8_rgb10,21,full_pd_guard,-0.14776229858398438,-0.0007769465446472168,-0.0006726384162902832,19.56507110595703,19.712833404541016,0.7892100811004639,0.7899870276451111,0.27611756324768066,0.27679020166397095,47.50700378417969,0,17043271,0,0,314468,133,1,0
tt107k,Train,24,selected_coord18_conic21_opacity8_rgb10,21,full_pd_guard,-0.029035568237304688,-0.0008130669593811035,-0.00046879053115844727,18.496597290039062,18.525632858276367,0.7442269921302795,0.7450400590896606,0.30552399158477783,0.3059927821159363,49.69709014892578,0,18577361,0,0,318084,96,0,0
tt107k,Train,25,selected_coord18_conic21_opacity8_rgb10,21,full_pd_guard,0.05181884765625,-0.00012958049774169922,-0.0010152757167816162,22.513683319091797,22.461864471435547,0.7897253632545471,0.7898549437522888,0.24808061122894287,0.2490958869457245,48.63837814331055,0,20273049,0,0,508324,83,1,0
tt107k,Train,26,selected_coord18_conic21_opacity8_rgb10,21,full_pd_guard,0.8463802337646484,0.02212226390838623,-0.0016485154628753662,22.40314292907715,21.5567626953125,0.776594340801239,0.7544720768928528,0.28648924827575684,0.2881377637386322,31.325164794921875,0,18608983,0,0,410702,77,2,0
tt107k,Train,27,selected_coord18_conic21_opacity8_rgb10,21,full_pd_guard,-0.03194618225097656,-0.00023800134658813477,-0.0005799531936645508,21.07488441467285,21.106830596923828,0.7655622959136963,0.7658002972602844,0.29347556829452515,0.2940555214881897,50.09562683105469,0,20230969,0,0,391902,70,0,0
tt107k,Train,28,selected_coord18_conic21_opacity8_rgb10,21,full_pd_guard,-0.007844924926757812,-8.45789909362793e-05,-0.0004118382930755615,18.720600128173828,18.728445053100586,0.6792958378791809,0.6793804168701172,0.32027214765548706,0.3206839859485626,45.47758483886719,0,19931669,0,0,471813,80,1,0
tt107k,Train,29,selected_coord18_conic21_opacity8_rgb10,21,full_pd_guard,-0.027769088745117188,-0.0010341405868530273,-0.0005213022232055664,24.579017639160156,24.606786727905273,0.8101544380187988,0.8111885786056519,0.28579217195510864,0.2863134741783142,51.095489501953125,0,18839869,0,0,251276,90,1,0
tt107k,Train,30,selected_coord18_conic21_opacity8_rgb10,21,full_pd_guard,-0.03832817077636719,-0.00040286779403686523,-0.0002796053886413574,23.1046142578125,23.142942428588867,0.7430849075317383,0.7434877753257751,0.3334965109825134,0.3337761163711548,49.98824691772461,0,15404535,0,0,263202,139,1,0
tt107k,Train,31,selected_coord18_conic21_opacity8_rgb10,21,full_pd_guard,0.21759796142578125,-0.00026351213455200195,-9.822845458984375e-05,26.536479949951172,26.31888198852539,0.8518120646476746,0.8520755767822266,0.24935342371463776,0.2494516521692276,37.95738220214844,0,16723278,0,0,223000,129,0,0
tt107k,Train,32,selected_coord18_conic21_opacity8_rgb10,21,full_pd_guard,-0.10674667358398438,-0.000858008861541748,-0.00022071599960327148,23.28887939453125,23.395626068115234,0.7979275584220886,0.7987855672836304,0.29809242486953735,0.2983131408691406,44.89818572998047,0,17708091,0,0,320959,100,1,0
tt107k,Train,33,selected_coord18_conic21_opacity8_rgb10,21,full_pd_guard,-0.8864984512329102,-0.00904935598373413,-0.0004519820213317871,14.188178062438965,15.074676513671875,0.5014339089393616,0.5104832649230957,0.47586745023727417,0.47631943225860596,27.03811264038086,0,17954646,0,0,462374,121,1,0
tt107k,Train,34,selected_coord18_conic21_opacity8_rgb10,21,full_pd_guard,0.04116630554199219,0.00021916627883911133,-0.0008894503116607666,19.192913055419922,19.15174674987793,0.7650261521339417,0.7648069858551025,0.32261279225349426,0.32350224256515503,47.9762077331543,0,17718371,0,0,481602,83,0,0
tt107k,Train,35,selected_coord18_conic21_opacity8_rgb10,21,full_pd_guard,0.016658782958984375,-0.0006441473960876465,-0.0013762116432189941,16.652446746826172,16.635787963867188,0.7502113580703735,0.7508555054664612,0.32975780963897705,0.33113402128219604,50.184104919433594,0,17407621,0,0,284869,80,1,0
tt107k,Train,36,selected_coord18_conic21_opacity8_rgb10,21,full_pd_guard,0.0428009033203125,-0.0006893277168273926,-0.00044420361518859863,22.745162963867188,22.702362060546875,0.7744675874710083,0.7751569151878357,0.2682785391807556,0.2687227427959442,45.145606994628906,0,17011256,0,0,971315,76,2,0
tt107k,Train,37,selected_coord18_conic21_opacity8_rgb10,21,full_pd_guard,0.00730133056640625,-0.00023114681243896484,-0.0009176135063171387,21.477096557617188,21.46979522705078,0.7826828360557556,0.7829139828681946,0.27605193853378296,0.2769695520401001,49.47608947753906,0,17154150,0,0,532997,82,0,0
